policy,bw_mbit,obj_label,client,obj_bytes,rtt_nominal_ms,n_conn,n_iterations,fct_ms_mean,fct_ms_median,fct_ms_std,fct_ms_p95,goodput_mbps_mean,goodput_mbps_median,goodput_mbps_std,goodput_mbps_p95,trasferimento_ms_mean,trasferimento_ms_median,trasferimento_ms_std,trasferimento_ms_p95,retrans_mean,retrans_median,retrans_std,retrans_p95,srtt_ms_mean,srtt_ms_median,srtt_ms_std,srtt_ms_p95,iw_applied_mean,iw_applied_median,iw_applied_std,iw_applied_p95,max_cwnd_mean,max_cwnd_median,max_cwnd_std,max_cwnd_p95,retrans_flow_pct,penalties_total,fct_ms_median_iter_mean,fct_ms_median_iter_std,goodput_mbps_median_iter_mean,goodput_mbps_median_iter_std,trasferimento_ms_median_iter_mean,trasferimento_ms_median_iter_std,retrans_median_iter_mean,retrans_median_iter_std,srtt_ms_median_iter_mean,srtt_ms_median_iter_std,iw_applied_median_iter_mean,iw_applied_median_iter_std,max_cwnd_median_iter_mean,max_cwnd_median_iter_std,retrans_flow_pct_iter_mean,retrans_flow_pct_iter_std
ewma,20,10K,h2,10240,6.0,150,10,17.257,17.254,0.2311,17.5923,4.7479,4.7479,0.063,4.8319,10.6622,10.6585,0.2142,10.9318,0.0,0.0,0.0,0.0,7.234,7.2195,0.0761,7.3612,10.0,10.0,0.0,10.0,18.0,18.0,0.0,18.0,0.0,0,17.2658,0.0528,4.7447,0.0145,10.6525,0.0453,0.0,0.0,7.2219,0.0265,10.0,0.0,18.0,0.0,0.0,0.0
ewma,20,10K,h3,10240,22.0,150,10,58.1358,58.5685,2.7607,62.0291,1.4124,1.3987,0.0692,1.5517,31.2105,31.705,1.787,33.2569,0.0,0.0,0.0,0.0,26.6772,26.6265,1.13,28.4181,10.0,10.0,0.0,10.0,18.0,18.0,0.0,18.0,0.0,0,58.6221,0.7733,1.3976,0.0184,31.6785,0.2037,0.0,0.0,26.6102,0.2211,10.0,0.0,18.0,0.0,0.0,0.0
ewma,20,10K,h4,10240,52.0,150,10,129.5113,130.0835,6.3249,139.0782,0.6341,0.6298,0.0315,0.6897,65.7664,65.8465,4.47,72.7056,0.0,0.0,0.0,0.0,62.0736,62.324,3.5637,67.4566,10.0,10.0,0.0,10.0,18.0,18.0,0.0,18.0,0.0,0,129.4,3.3156,0.6334,0.0161,66.1026,1.6212,0.0,0.0,62.0951,1.3616,10.0,0.0,18.0,0.0,0.0,0.0
lossaware,20,10K,h2,10240,6.0,150,10,17.2634,17.241,0.2287,17.595,4.7461,4.7515,0.0617,4.8341,10.6615,10.666,0.217,10.9256,0.0,0.0,0.0,0.0,7.2451,7.24,0.0764,7.3706,10.0,10.0,0.0,10.0,18.0,18.0,0.0,18.0,0.0,0,17.2502,0.0442,4.749,0.0121,10.6533,0.0477,0.0,0.0,7.239,0.0146,10.0,0.0,18.0,0.0,0.0,0.0
lossaware,20,10K,h3,10240,22.0,150,10,58.6446,59.0615,2.2217,61.6247,1.3989,1.387,0.0547,1.4959,31.3968,31.749,1.6499,33.365,0.0,0.0,0.0,0.0,26.7653,26.628,1.0399,28.4789,10.0,10.0,0.0,10.0,18.0,18.0,0.0,18.0,0.0,0,58.7649,0.9825,1.3944,0.0233,31.6996,0.2486,0.0,0.0,26.6497,0.3563,10.0,0.0,18.0,0.0,0.0,0.0
lossaware,20,10K,h4,10240,52.0,150,10,128.7157,129.46,5.4774,136.2077,0.6376,0.6328,0.028,0.6919,65.0479,65.4075,4.0768,71.8206,0.0,0.0,0.0,0.0,61.304,61.3895,3.1267,66.1604,10.0,10.0,0.0,10.0,18.0,18.0,0.0,18.0,0.0,0,129.6453,1.57,0.632,0.0076,65.5683,0.9893,0.0,0.0,61.3404,1.6554,10.0,0.0,18.0,0.0,0.0,0.0
lossaware-disc,20,10K,h2,10240,6.0,150,10,17.2609,17.2365,0.23,17.6717,4.7468,4.7527,0.0626,4.8322,10.6507,10.634,0.2149,10.9876,0.0,0.0,0.0,0.0,7.2455,7.2355,0.078,7.3811,10.0,10.0,0.0,10.0,18.0,18.0,0.0,18.0,0.0,0,17.214,0.0495,4.759,0.0137,10.6506,0.0662,0.0,0.0,7.2321,0.03,10.0,0.0,18.0,0.0,0.0,0.0
lossaware-disc,20,10K,h3,10240,22.0,150,10,57.9699,58.405,2.4194,61.2371,1.4157,1.4026,0.0613,1.523,31.2409,31.6855,1.7283,33.3132,0.0,0.0,0.0,0.0,26.5779,26.482,1.0765,28.4134,10.0,10.0,0.0,10.0,18.0,18.0,0.0,18.0,0.0,0,58.5487,0.4009,1.3992,0.0096,31.6202,0.2467,0.0,0.0,26.587,0.313,10.0,0.0,18.0,0.0,0.0,0.0
lossaware-disc,20,10K,h4,10240,52.0,150,10,128.6784,128.7415,5.4165,137.68,0.6378,0.6363,0.0271,0.6761,64.8334,64.5365,3.9251,71.5751,0.0,0.0,0.0,0.0,61.7217,61.5335,3.136,66.4267,10.0,10.0,0.0,10.0,18.0,18.0,0.0,18.0,0.0,0,128.475,2.521,0.6379,0.0125,64.9531,1.8228,0.0,0.0,61.5678,0.9104,10.0,0.0,18.0,0.0,0.0,0.0
metrics,20,10K,h2,10240,6.0,150,10,17.2537,17.203,0.3081,17.7314,4.7494,4.762,0.0823,4.8595,10.6621,10.6215,0.2637,11.1152,0.0,0.0,0.0,0.0,7.2527,7.2285,0.1013,7.43,10.0,10.0,0.0,10.0,18.0,18.0,0.0,18.0,0.0,0,17.2012,0.0976,4.7626,0.0273,10.6126,0.0745,0.0,0.0,7.2314,0.0292,10.0,0.0,18.0,0.0,0.0,0.0
metrics,20,10K,h3,10240,22.0,150,10,57.4279,57.851,2.7071,61.1433,1.4297,1.4161,0.0694,1.547,30.7556,31.3805,1.809,33.048,0.0,0.0,0.0,0.0,26.2536,26.277,1.0369,28.1576,10.0,10.0,0.0,10.0,18.0,18.0,0.0,18.0,0.0,0,57.6496,1.4519,1.4218,0.0369,31.3487,0.8829,0.0,0.0,26.1269,0.4954,10.0,0.0,18.0,0.0,0.0,0.0
metrics,20,10K,h4,10240,52.0,150,10,127.7768,128.1855,6.6163,138.3576,0.6428,0.6391,0.0337,0.7002,64.7597,65.1205,4.291,72.4075,0.0,0.0,0.0,0.0,61.1696,61.2175,3.7139,67.3603,10.0,10.0,0.0,10.0,18.0067,18.0,0.0816,18.0,0.0,0,127.786,3.38,0.6415,0.0177,65.1356,1.9842,0.0,0.0,61.2707,2.1319,10.0,0.0,18.0,0.0,0.0,0.0
static10,20,10K,h2,10240,6.0,150,10,17.2532,17.2115,0.2801,17.6657,4.7493,4.7596,0.0762,4.8589,10.6495,10.628,0.2478,11.0073,0.0,0.0,0.0,0.0,7.2453,7.2335,0.0919,7.3821,10.0,10.0,0.0,10.0,18.0,18.0,0.0,18.0,0.0,0,17.2032,0.0931,4.762,0.0259,10.6399,0.0755,0.0,0.0,7.232,0.0359,10.0,0.0,18.0,0.0,0.0,0.0
static10,20,10K,h3,10240,22.0,150,10,57.6455,58.317,3.0025,61.4712,1.4251,1.4047,0.0767,1.5696,30.9265,31.5625,1.893,33.0901,0.0,0.0,0.0,0.0,26.466,26.472,1.2562,28.4421,10.0,10.0,0.0,10.0,18.0,18.0,0.0,18.0,0.0,0,58.1127,1.5974,1.4107,0.0404,31.3729,0.8372,0.0,0.0,26.3615,0.6398,10.0,0.0,18.0,0.0,0.0,0.0
static10,20,10K,h4,10240,52.0,150,10,128.1786,127.574,6.6257,138.142,0.6408,0.6421,0.0333,0.6968,64.4607,64.645,4.4426,72.226,0.0,0.0,0.0,0.0,61.2156,61.4155,3.7737,67.2828,10.0,10.0,0.0,10.0,18.0,18.0,0.0,18.0,0.0,0,127.903,4.0912,0.6411,0.021,64.778,1.9215,0.0,0.0,61.2196,2.1564,10.0,0.0,18.0,0.0,0.0,0.0
statichigh,20,10K,h2,10240,6.0,150,10,17.213,17.182,0.3121,17.7332,4.7607,4.7678,0.0844,4.8838,10.6463,10.612,0.2546,11.0337,0.0,0.0,0.0,0.0,7.6823,7.6725,0.0726,7.813,24.0,24.0,0.0,24.0,24.0,24.0,0.0,24.0,0.0,0,17.1855,0.1215,4.767,0.034,10.6263,0.0876,0.0,0.0,7.6662,0.0239,24.0,0.0,24.0,0.0,0.0,0.0
statichigh,20,10K,h3,10240,22.0,150,10,57.4863,57.6735,2.6848,61.2761,1.4282,1.4204,0.0688,1.5257,30.8411,31.346,1.97,33.3505,0.0,0.0,0.0,0.0,26.4306,26.407,1.2096,28.313,24.0,24.0,0.0,24.0,24.0,24.0,0.0,24.0,0.0,0,57.7417,1.4931,1.4196,0.0382,31.2739,0.8089,0.0,0.0,26.4016,0.7624,24.0,0.0,24.0,0.0,0.0,0.0
statichigh,20,10K,h4,10240,52.0,150,10,128.1854,129.3265,6.4558,137.2541,0.6407,0.6334,0.0331,0.7002,64.9947,65.1585,4.4363,72.5275,0.0,0.0,0.0,0.0,61.4543,61.611,3.483,66.6979,24.0,24.0,0.0,24.0,24.0,24.0,0.0,24.0,0.0,0,128.42,3.4871,0.6384,0.0182,65.0543,2.0454,0.0,0.0,61.3029,1.9511,24.0,0.0,24.0,0.0,0.0,0.0
ewma,20,10M,h2,10485760,6.0,150,10,4399.8216,4396.909,15.8672,4415.4626,19.066,19.0784,0.0673,19.0906,4393.1213,4390.2865,15.8136,4408.836,2.0267,2.0,1.8894,6.0,10.2356,10.14,0.3017,10.8125,32.74,35.0,6.4511,36.0,35.9267,36.0,2.9699,42.0,70.667,0,4397.4043,1.5443,19.0763,0.0067,4390.7095,1.4953,2.0,0.0,10.1355,0.0267,35.3,0.6749,35.5,0.8498,70.667,3.443
ewma,20,10M,h3,10485760,22.0,150,10,4440.0786,4437.9085,12.1845,4469.3701,18.8931,18.9022,0.0515,18.9394,4413.1753,4410.784,11.7928,4441.6964,0.0,0.0,0.0,0.0,26.6082,26.7405,0.4874,27.139,82.6667,91.0,23.4554,102.55,97.2,102.0,11.869,106.0,0.0,0,4437.9187,1.491,18.9021,0.0063,4411.0413,1.0612,0.0,0.0,26.7521,0.049,91.3,0.6749,102.1,0.3162,0.0,0.0
ewma,20,10M,h4,10485760,52.0,150,10,4561.969,4553.352,31.6906,4650.8539,18.389,18.4229,0.1252,18.4632,4497.7095,4488.6785,31.6113,4582.5543,0.0,0.0,0.0,0.0,55.558,55.57,0.1716,55.6632,103.3333,110.0,25.0279,110.0,125.1667,124.0,4.6407,127.0,0.0,0,4553.3523,1.1721,18.4229,0.0047,4489.2052,1.6942,0.0,0.0,55.5606,0.0337,110.0,0.0,124.8,1.0328,0.0,0.0
lossaware,20,10M,h2,10485760,6.0,150,10,4399.4583,4397.027,12.5299,4417.0294,19.0675,19.0779,0.0534,19.0881,4392.7568,4390.3915,12.5009,4410.2697,0.26,0.0,0.6699,2.0,10.2879,10.167,0.3609,10.9907,24.84,26.0,6.9967,34.0,33.2733,34.0,4.9411,40.55,13.333,141,4396.9869,0.6348,19.0781,0.0028,4390.322,0.6666,0.0,0.0,10.1717,0.0358,26.2,2.0976,33.7,1.1595,13.333,0.0
lossaware,20,10M,h3,10485760,22.0,150,10,4440.2512,4437.6095,11.672,4470.6118,18.8923,18.9034,0.0494,18.9301,4413.166,4410.704,11.3788,4442.1154,0.0,0.0,0.0,0.0,26.6365,26.7715,0.4923,27.152,82.54,91.0,23.4734,103.0,97.3,102.0,12.0596,107.0,0.0,0,4437.8577,1.287,18.9024,0.0055,4410.7133,0.9155,0.0,0.0,26.7773,0.0292,91.0,0.4714,102.1,0.3162,0.0,0.0
lossaware,20,10M,h4,10485760,52.0,150,10,4563.3471,4552.211,58.4779,4650.2008,18.3853,18.4275,0.2126,18.4713,4498.8814,4487.766,58.3082,4582.8654,0.0,0.0,0.0,0.0,55.5223,55.538,0.1832,55.6508,103.2067,110.0,25.0169,110.0,125.1067,124.0,6.6131,127.0,0.0,0,4552.5703,2.3305,18.4261,0.0094,4488.3562,1.6699,0.0,0.0,55.5373,0.0466,110.0,0.0,124.8,1.0328,0.0,0.0
lossaware-disc,20,10M,h2,10485760,6.0,150,10,4398.5015,4396.988,6.9037,4406.4214,19.0716,19.0781,0.0298,19.083,4391.804,4390.2285,6.8866,4399.6942,0.28,0.0,0.7953,2.0,10.3001,10.166,0.3926,11.0151,25.0667,27.0,7.067,34.0,33.4467,34.0,4.9677,40.55,13.333,141,4397.2862,0.9542,19.0768,0.0041,4390.5276,0.9879,0.0,0.0,10.1623,0.0301,26.3,1.767,34.2,1.1353,13.333,0.0
lossaware-disc,20,10M,h3,10485760,22.0,150,10,4440.2965,4438.2135,11.9384,4469.7115,18.8921,18.9009,0.0504,18.9269,4413.1988,4410.6185,11.8452,4441.7262,0.0,0.0,0.0,0.0,26.6132,26.7275,0.5062,27.1119,82.4533,91.0,23.3381,102.0,97.0333,102.0,11.8335,106.0,0.0,0,4438.1231,0.9128,18.9013,0.0039,4411.0499,0.9945,0.0,0.0,26.7308,0.0371,90.8,0.4216,102.0,0.0,0.0,0.0
lossaware-disc,20,10M,h4,10485760,52.0,150,10,4565.8717,4552.751,73.1329,4641.655,18.3766,18.4254,0.2638,18.4656,4501.9384,4488.994,73.6151,4582.4648,0.0,0.0,0.0,0.0,55.506,55.531,0.1384,55.6435,103.0733,110.0,25.0087,110.0,124.5933,124.0,5.0912,127.0,0.0,0,4552.5405,1.6606,18.4262,0.0067,4488.6787,1.7116,0.0,0.0,55.5212,0.0434,110.0,0.0,124.4,0.8433,0.0,0.0
metrics,20,10M,h2,10485760,6.0,150,10,4401.5648,4397.996,27.3634,4409.2889,19.0589,19.0737,0.1112,19.082,4394.8476,4391.193,27.3427,4402.4162,0.0067,0.0,0.0816,0.0,10.0151,10.0265,0.1678,10.2368,10.0,10.0,0.0,10.0,28.3667,29.0,0.9791,29.0,0.667,0,4398.1653,0.8139,19.073,0.0035,4391.3889,0.8913,0.0,0.0,10.0338,0.0533,10.0,0.0,28.6,0.5164,0.667,2.108
metrics,20,10M,h3,10485760,22.0,150,10,4471.3599,4470.894,8.6906,4479.3592,18.7608,18.7627,0.0363,18.7989,4444.1862,4443.8045,8.3989,4450.705,0.0,0.0,0.0,0.0,25.1037,25.1205,0.0855,25.229,10.0,10.0,0.0,10.0,61.06,61.0,1.2109,62.0,0.0,0,4470.7287,1.2786,18.7634,0.0054,4443.7167,1.4031,0.0,0.0,25.1185,0.0337,10.0,0.0,61.0,0.0,0.0,0.0
metrics,20,10M,h4,10485760,52.0,150,10,4728.9777,4653.745,186.8072,5176.7534,17.7643,18.0255,0.6509,18.0966,4664.2486,4589.1595,186.6897,5112.8873,0.0,0.0,0.0,0.0,55.4396,55.3895,0.2966,55.6711,10.0,10.0,0.0,10.0,124.2667,127.0,15.0537,128.0,0.0,0,4654.8895,3.6089,18.0211,0.014,4588.0292,3.0074,0.0,0.0,55.3783,0.0472,10.0,0.0,127.0,0.0,0.0,0.0
static10,20,10M,h2,10485760,6.0,150,10,4398.0843,4397.906,6.1309,4404.4796,19.0734,19.0741,0.0267,19.097,4391.3998,4391.209,6.097,4397.8056,0.0,0.0,0.0,0.0,9.999,10.015,0.1833,10.2237,10.0,10.0,0.0,10.0,28.28,28.0,1.0435,29.0,0.0,0,4398.1444,0.6444,19.0731,0.0028,4391.4439,0.63,0.0,0.0,10.0153,0.0728,10.0,0.0,28.5,0.527,0.0,0.0
static10,20,10M,h3,10485760,22.0,150,10,4471.9649,4470.346,12.254,4482.14,18.7584,18.765,0.0506,18.7983,4444.8598,4443.2695,12.1179,4454.0548,0.0,0.0,0.0,0.0,25.0919,25.087,0.0889,25.2293,10.0,10.0,0.0,10.0,61.1333,61.0,0.3411,62.0,0.0,0,4471.2257,3.4383,18.7613,0.0144,4443.6148,2.9426,0.0,0.0,25.096,0.042,10.0,0.0,61.0,0.0,0.0,0.0
static10,20,10M,h4,10485760,52.0,150,10,4710.2627,4652.538,166.7805,5168.1417,17.8297,18.0302,0.5818,18.1211,4646.6625,4587.877,166.5452,5105.1992,0.0,0.0,0.0,0.0,55.4344,55.4035,0.3,55.6564,10.0,10.0,0.0,10.0,126.2133,127.0,16.373,128.0,0.0,0,4651.1719,7.9513,18.0355,0.0309,4588.0505,6.4904,0.0,0.0,55.4,0.0774,10.0,0.0,127.1,0.3162,0.0,0.0
statichigh,20,10M,h2,10485760,6.0,150,10,4398.0407,4396.9975,5.7587,4404.378,19.0735,19.078,0.0249,19.0891,4391.356,4390.3,5.7307,4397.3736,0.0,0.0,0.0,0.0,10.0732,10.0935,0.1088,10.1586,24.0,24.0,0.0,24.0,33.4467,33.0,0.5121,34.0,0.0,0,4397.3808,0.8567,19.0764,0.0037,4390.6669,0.923,0.0,0.0,10.0886,0.0459,24.0,0.0,33.4,0.5164,0.0,0.0
statichigh,20,10M,h3,10485760,22.0,150,10,4445.2606,4445.3215,6.5821,4454.7488,18.8709,18.8706,0.028,18.8929,4418.281,4418.6425,6.4998,4426.5004,0.0,0.0,0.0,0.0,25.2252,25.208,0.1836,25.3406,24.0,24.0,0.0,24.0,47.6867,47.0,5.5577,47.0,0.0,0,4445.2441,1.4761,18.871,0.0063,4418.4749,0.8296,0.0,0.0,25.2095,0.0391,24.0,0.0,47.0,0.0,0.0,0.0
statichigh,20,10M,h4,10485760,52.0,150,10,4579.6732,4578.3375,14.2524,4595.3532,18.3172,18.3224,0.0564,18.3806,4515.9039,4514.6485,13.3482,4529.7246,0.0,0.0,0.0,0.0,55.7861,55.634,0.4246,56.3826,24.0,24.0,0.0,24.0,141.2467,141.0,6.3245,142.0,0.0,0,4578.8077,4.2913,18.3205,0.0172,4514.4944,2.7038,0.0,0.0,55.691,0.2663,24.0,0.0,141.2,0.4216,0.0,0.0
ewma,20,1K,h2,1024,6.0,150,10,13.5747,13.351,0.5497,14.4869,0.6044,0.6136,0.0229,0.6269,6.9564,6.759,0.4828,7.8731,0.0,0.0,0.0,0.0,6.4923,6.4355,0.2319,6.8648,10.0,10.0,0.0,10.0,10.0,10.0,0.0,10.0,0.0,0,13.4444,0.2742,0.6095,0.0121,6.8714,0.3102,0.0,0.0,6.4514,0.0807,10.0,0.0,10.0,0.0,0.0,0.0
ewma,20,1K,h3,1024,22.0,150,10,56.5764,56.7075,3.1001,61.6109,0.1452,0.1445,0.0081,0.1599,29.7944,29.741,2.4349,33.2293,0.0,0.0,0.0,0.0,29.2221,29.5005,1.8131,31.5738,10.0,10.0,0.0,10.0,10.0,10.0,0.0,10.0,0.0,0,56.6434,0.8983,0.1447,0.0023,29.6899,0.9106,0.0,0.0,29.5658,0.5363,10.0,0.0,10.0,0.0,0.0,0.0
ewma,20,1K,h4,1024,52.0,150,10,128.3598,127.6905,6.5912,139.668,0.064,0.0642,0.0033,0.0695,64.2834,64.1735,5.147,72.5908,0.0,0.0,0.0,0.0,63.1397,63.134,3.9819,69.4214,10.0,10.0,0.0,10.0,10.0,10.0,0.0,10.0,0.0,0,127.2816,2.7531,0.0644,0.0014,64.303,1.5939,0.0,0.0,62.8171,1.5028,10.0,0.0,10.0,0.0,0.0,0.0
lossaware,20,1K,h2,1024,6.0,150,10,13.4476,13.2865,0.4824,14.4585,0.6099,0.6166,0.0205,0.6295,6.8273,6.7045,0.4613,7.8313,0.0,0.0,0.0,0.0,6.4654,6.415,0.1807,6.7904,10.0,10.0,0.0,10.0,10.0,10.0,0.0,10.0,0.0,0,13.2857,0.0571,0.6166,0.0026,6.6932,0.0652,0.0,0.0,6.4155,0.0474,10.0,0.0,10.0,0.0,0.0,0.0
lossaware,20,1K,h3,1024,22.0,150,10,56.5663,56.684,2.9441,61.6198,0.1452,0.1445,0.0076,0.1587,29.6725,29.6215,2.5526,33.2094,0.0,0.0,0.0,0.0,29.353,29.794,1.6893,31.3811,10.0,10.0,0.0,10.0,10.0,10.0,0.0,10.0,0.0,0,56.4519,0.6884,0.1451,0.0018,29.5818,0.658,0.0,0.0,29.7003,0.53,10.0,0.0,10.0,0.0,0.0,0.0
lossaware,20,1K,h4,1024,52.0,150,10,128.9245,128.9575,6.4515,139.3446,0.0637,0.0635,0.0032,0.0691,64.63,64.2605,4.9563,72.625,0.0,0.0,0.0,0.0,63.5289,63.626,3.9338,70.3275,10.0,10.0,0.0,10.0,10.0,10.0,0.0,10.0,0.0,0,128.6731,1.7024,0.0637,0.0008,64.2624,0.8336,0.0,0.0,63.4962,1.2301,10.0,0.0,10.0,0.0,0.0,0.0
lossaware-disc,20,1K,h2,1024,6.0,150,10,13.5295,13.3785,0.5074,14.451,0.6063,0.6123,0.0218,0.6312,6.9191,6.754,0.4582,7.7645,0.0,0.0,0.0,0.0,6.4904,6.423,0.2222,6.9683,10.0,10.0,0.0,10.0,10.0,10.0,0.0,10.0,0.0,0,13.3694,0.1053,0.6128,0.0048,6.7636,0.0796,0.0,0.0,6.4366,0.0808,10.0,0.0,10.0,0.0,0.0,0.0
lossaware-disc,20,1K,h3,1024,22.0,150,10,56.3681,56.361,3.1052,61.4612,0.1458,0.1453,0.0082,0.1607,29.5399,29.5465,2.5004,33.2114,0.0,0.0,0.0,0.0,29.1413,29.5185,1.8395,31.4429,10.0,10.0,0.0,10.0,10.0,10.0,0.0,10.0,0.0,0,56.7303,0.8369,0.1444,0.0021,29.5249,0.9378,0.0,0.0,29.4365,0.5318,10.0,0.0,10.0,0.0,0.0,0.0
lossaware-disc,20,1K,h4,1024,52.0,150,10,129.9395,130.3665,6.4423,139.9601,0.0632,0.0628,0.0032,0.0692,65.0656,65.134,4.9835,72.5924,0.0,0.0,0.0,0.0,64.3208,64.838,3.991,70.2005,10.0,10.0,0.0,10.0,10.0,10.0,0.0,10.0,0.0,0,130.3093,1.2144,0.0629,0.0006,64.966,0.8706,0.0,0.0,64.7048,0.7882,10.0,0.0,10.0,0.0,0.0,0.0
metrics,20,1K,h2,1024,6.0,150,10,13.6163,13.421,0.6467,14.9002,0.6029,0.6104,0.0269,0.6335,6.9945,6.796,0.5442,8.1188,0.0,0.0,0.0,0.0,6.5231,6.449,0.2605,7.1231,10.0,10.0,0.0,10.0,10.0,10.0,0.0,10.0,0.0,0,13.4974,0.2787,0.6072,0.0123,6.8515,0.2162,0.0,0.0,6.4673,0.0684,10.0,0.0,10.0,0.0,0.0,0.0
metrics,20,1K,h3,1024,22.0,150,10,55.894,56.0365,3.3025,60.8881,0.1471,0.1462,0.0088,0.1614,29.3089,29.3025,2.562,33.0498,0.0,0.0,0.0,0.0,28.7588,28.9075,1.8668,31.3752,10.0,10.0,0.0,10.0,10.0,10.0,0.0,10.0,0.0,0,56.158,2.0087,0.146,0.0054,29.2227,1.4185,0.0,0.0,29.0351,1.0469,10.0,0.0,10.0,0.0,0.0,0.0
metrics,20,1K,h4,1024,52.0,150,10,127.6506,127.3995,7.3649,139.8,0.0644,0.0643,0.0038,0.0704,64.1701,64.5235,5.4423,72.5852,0.0,0.0,0.0,0.0,63.0352,63.1965,4.0991,69.6183,10.0,10.0,0.0,10.0,10.0,10.0,0.0,10.0,0.0,0,127.8467,4.7006,0.0642,0.0024,63.9892,2.8074,0.0,0.0,62.9664,1.9685,10.0,0.0,10.0,0.0,0.0,0.0
static10,20,1K,h2,1024,6.0,150,10,13.457,13.3325,0.4588,14.3258,0.6094,0.6144,0.0201,0.6326,6.862,6.716,0.4287,7.6508,0.0,0.0,0.0,0.0,6.4651,6.4125,0.1924,6.7609,10.0,10.0,0.0,10.0,10.0,10.0,0.0,10.0,0.0,0,13.3371,0.0899,0.6143,0.0042,6.7199,0.0719,0.0,0.0,6.4145,0.0285,10.0,0.0,10.0,0.0,0.0,0.0
static10,20,1K,h3,1024,22.0,150,10,56.2166,56.794,3.6135,61.9276,0.1463,0.1442,0.0097,0.1629,29.5176,29.378,2.6017,33.1922,0.0,0.0,0.0,0.0,28.9604,29.346,2.0645,31.5716,10.0,10.0,0.0,10.0,10.0,10.0,0.0,10.0,0.0,0,56.6646,1.8862,0.1447,0.0051,29.553,1.4505,0.0,0.0,29.3147,1.2248,10.0,0.0,10.0,0.0,0.0,0.0
static10,20,1K,h4,1024,52.0,150,10,127.1609,126.6455,7.2831,138.5844,0.0646,0.0647,0.0037,0.0703,63.9701,63.9335,5.2068,72.4209,0.0,0.0,0.0,0.0,62.8624,63.102,4.3729,69.6014,10.0,10.0,0.0,10.0,10.0,10.0,0.0,10.0,0.0,0,126.8393,3.8764,0.0646,0.0021,63.987,2.5861,0.0,0.0,63.1903,2.1215,10.0,0.0,10.0,0.0,0.0,0.0
statichigh,20,1K,h2,1024,6.0,150,10,13.5887,13.3845,0.7014,14.4343,0.6042,0.6121,0.0274,0.632,6.9381,6.7685,0.4521,7.7154,0.0,0.0,0.0,0.0,6.5067,6.453,0.2837,6.8124,24.0,24.0,0.0,24.0,24.0,24.0,0.0,24.0,0.0,0,13.4186,0.1554,0.6106,0.0071,6.8095,0.1152,0.0,0.0,6.4489,0.0406,24.0,0.0,24.0,0.0,0.0,0.0
statichigh,20,1K,h3,1024,22.0,150,10,56.0651,56.196,3.0034,60.9424,0.1465,0.1458,0.008,0.1604,29.2433,29.267,2.2869,32.9581,0.0,0.0,0.0,0.0,28.8002,28.9655,1.8552,31.3147,24.0,24.0,0.0,24.0,24.0,24.0,0.0,24.0,0.0,0,56.3946,1.7635,0.1454,0.0048,29.1001,1.0165,0.0,0.0,28.9371,0.9788,24.0,0.0,24.0,0.0,0.0,0.0
statichigh,20,1K,h4,1024,52.0,150,10,127.4126,127.7865,7.1407,138.961,0.0645,0.0641,0.0036,0.0704,64.0308,64.0115,5.3734,72.5269,0.0,0.0,0.0,0.0,62.7844,62.452,4.2735,69.5975,24.0,24.0,0.0,24.0,24.0,24.0,0.0,24.0,0.0,0,127.368,3.7005,0.0644,0.0019,64.2141,2.6533,0.0,0.0,62.9892,2.366,24.0,0.0,24.0,0.0,0.0,0.0
ewma,20,1M,h2,1048576,6.0,150,10,451.4985,451.332,1.0079,452.4194,18.5796,18.5863,0.0409,18.6061,444.8917,444.719,0.9902,445.7628,2.3267,2.0,2.218,6.0,10.2137,10.1215,0.2818,10.8044,32.76,35.0,6.5832,37.0,36.1067,36.0,3.1413,42.0,68.667,0,451.3324,0.1953,18.5863,0.008,444.7076,0.1626,2.0,0.0,10.13,0.0457,35.1,0.9944,36.0,1.0541,68.667,4.5
ewma,20,1M,h3,1048576,22.0,150,10,493.2646,491.331,8.2922,518.5038,17.0108,17.0732,0.272,17.2373,466.2124,465.2335,7.9612,490.3503,0.0,0.0,0.0,0.0,26.6036,26.7385,0.4712,27.0754,82.8,91.0,23.493,102.55,97.5,102.0,11.9629,106.0,0.0,0,491.4866,0.716,17.0679,0.0249,464.9599,0.7055,0.0,0.0,26.7428,0.0554,91.0,0.0,102.1,0.3162,0.0,0.0
ewma,20,1M,h4,1048576,52.0,150,10,613.0481,606.274,26.9587,706.9601,13.7066,13.8363,0.5295,14.0565,549.2554,542.7385,26.6282,642.3155,0.0,0.0,0.0,0.0,55.2539,55.226,0.1349,55.4437,103.3333,110.0,25.0279,110.0,125.0467,124.0,5.2345,127.55,0.0,0,606.1132,2.5732,13.8402,0.0589,542.9511,2.2824,0.0,0.0,55.2312,0.0152,110.0,0.0,124.8,1.0328,0.0,0.0
lossaware,20,1M,h2,1048576,6.0,150,10,451.4472,451.411,0.7739,452.5677,18.5816,18.5831,0.0319,18.6054,444.8044,444.7435,0.7363,445.7478,0.3133,0.0,0.8909,2.0,10.2989,10.1715,0.3967,10.9196,25.3533,27.0,7.0255,34.55,33.72,35.0,4.9509,41.0,13.333,134,451.4228,0.1585,18.5826,0.0065,444.7715,0.1544,0.0,0.0,10.1753,0.0293,26.9,1.4491,34.2,1.6865,13.333,0.0
lossaware,20,1M,h3,1048576,22.0,150,10,493.5501,491.6625,8.7758,523.4433,17.0015,17.0617,0.2877,17.2111,466.3851,465.269,8.5485,495.9818,0.0,0.0,0.0,0.0,26.647,26.791,0.4741,27.0756,84.3867,94.0,24.0795,105.0,98.42,102.0,11.7794,108.0,0.0,0,491.7199,0.948,17.0598,0.0328,464.5907,1.1831,0.0,0.0,26.7933,0.053,92.5,4.4033,102.5,1.5811,0.0,0.0
lossaware,20,1M,h4,1048576,52.0,150,10,618.7866,606.2535,66.0077,705.3354,13.6475,13.8368,0.8758,14.0472,554.7958,542.605,66.0086,638.7737,0.0,0.0,0.0,0.0,55.2462,55.223,0.2772,55.5209,101.7267,110.0,25.58,110.0,124.7133,124.0,10.654,127.0,0.0,0,606.7062,2.0839,13.8266,0.0475,542.8235,2.0997,0.0,0.0,55.2264,0.0323,110.0,0.0,124.6,0.9661,0.0,0.0
lossaware-disc,20,1M,h2,1048576,6.0,150,10,451.7155,451.402,1.2896,452.895,18.5707,18.5835,0.0522,18.6021,445.0907,444.7435,1.2908,446.178,0.3333,0.0,1.0144,2.0,10.2373,10.105,0.4435,10.8067,24.7133,26.0,7.0429,34.0,33.08,33.0,4.9839,40.0,13.333,144,451.3953,0.1406,18.5837,0.0058,444.7592,0.1323,0.0,0.0,10.0995,0.0337,25.8,2.1499,33.4,1.3499,13.333,0.0
lossaware-disc,20,1M,h3,1048576,22.0,150,10,493.9302,491.5975,9.0712,523.4189,16.9888,17.064,0.2964,17.2131,466.9334,465.4095,8.8513,495.676,0.0,0.0,0.0,0.0,26.6295,26.756,0.4552,27.0705,84.3333,94.0,23.9722,104.0,98.4533,102.0,11.7694,108.0,0.0,0,491.7506,0.7397,17.0587,0.0257,465.3129,0.3309,0.0,0.0,26.7502,0.0378,92.5,4.17,102.9,1.912,0.0,0.0
lossaware-disc,20,1M,h4,1048576,52.0,150,10,616.2713,607.557,51.0478,701.2305,13.6696,13.8071,0.7223,14.0406,552.3635,543.2075,50.5483,638.1577,0.0,0.0,0.0,0.0,55.245,55.2175,0.2087,55.4653,102.5133,110.0,25.3159,110.0,125.1533,124.0,9.1032,127.55,0.0,0,606.8242,1.8538,13.8239,0.0422,543.2872,1.3914,0.0,0.0,55.2227,0.0223,110.0,0.0,124.8,1.0328,0.0,0.0
metrics,20,1M,h2,1048576,6.0,150,10,452.3297,452.2595,0.7844,453.4313,18.5454,18.5482,0.032,18.5818,445.7226,445.6335,0.7597,446.8277,0.0,0.0,0.0,0.0,10.0396,10.07,0.1523,10.1936,10.0,10.0,0.0,10.0,28.26,28.5,1.2819,29.0,0.0,0,452.2192,0.2553,18.5499,0.0105,445.5849,0.2413,0.0,0.0,10.0737,0.0408,10.0,0.0,28.6,0.5164,0.0,0.0
metrics,20,1M,h3,1048576,22.0,150,10,524.2399,524.321,4.8043,530.486,16.0028,15.999,0.1442,16.207,497.677,497.5985,4.4089,502.9243,0.0,0.0,0.0,0.0,25.1333,25.127,0.1688,25.2957,10.0,10.0,0.0,10.0,61.3867,61.0,3.2724,62.0,0.0,0,523.9953,2.2671,16.0092,0.0697,497.5423,1.9593,0.0,0.0,25.1296,0.0465,10.0,0.0,61.0,0.0,0.0,0.0
metrics,20,1M,h4,1048576,52.0,150,10,771.6179,705.092,163.5387,1157.3212,11.2287,11.8972,1.6978,12.2291,708.0224,640.4925,163.0307,1092.7539,0.0,0.0,0.0,0.0,55.1724,55.3195,0.6105,55.6466,10.0,10.0,0.0,10.0,118.7533,127.0,25.9938,128.0,0.0,0,705.241,7.9066,11.896,0.135,641.9167,6.8839,0.0,0.0,55.3273,0.0686,10.0,0.0,127.0,0.4714,0.0,0.0
static10,20,1M,h2,1048576,6.0,150,10,452.5922,452.276,2.2798,455.062,18.535,18.5475,0.0913,18.5953,445.843,445.623,1.8974,447.5755,0.0,0.0,0.0,0.0,10.0177,10.043,0.1515,10.2104,10.0,10.0,0.0,10.0,28.3533,29.0,1.0627,29.0,0.0,0,452.2056,0.1862,18.5504,0.0076,445.583,0.1706,0.0,0.0,10.0392,0.0336,10.0,0.0,28.8,0.4216,0.0,0.0
static10,20,1M,h3,1048576,22.0,150,10,524.092,524.4995,4.2295,530.6268,16.007,15.9935,0.1293,16.2154,497.568,497.129,3.6915,503.0915,0.0,0.0,0.0,0.0,25.1356,25.1285,0.1581,25.2821,10.0,10.0,0.0,10.0,61.3533,61.0,3.2711,62.0,0.0,0,524.355,2.7881,15.9984,0.0854,497.4949,2.0308,0.0,0.0,25.1221,0.0447,10.0,0.0,61.0,0.0,0.0,0.0
static10,20,1M,h4,1048576,52.0,150,10,741.799,704.6755,128.5769,1148.5999,11.5379,11.9042,1.3342,12.2274,678.3428,640.585,128.9803,1089.5904,0.0,0.0,0.0,0.0,55.2617,55.369,0.4963,55.6335,10.0,10.0,0.0,10.0,122.6533,127.0,20.4059,128.0,0.0,0,704.2625,6.1714,11.912,0.1061,639.8593,4.8463,0.0,0.0,55.3624,0.0993,10.0,0.0,127.0,0.0,0.0,0.0
statichigh,20,1M,h2,1048576,6.0,150,10,451.4767,451.4185,0.7701,452.1751,18.5804,18.5828,0.0316,18.6028,444.8541,444.775,0.7558,445.5725,0.0,0.0,0.0,0.0,10.155,10.1775,0.0931,10.248,24.0,24.0,0.0,24.0,33.4267,33.0,0.5096,34.0,0.0,0,451.3966,0.0943,18.5837,0.0039,444.7819,0.0866,0.0,0.0,10.171,0.0434,24.0,0.0,33.3,0.483,0.0,0.0
statichigh,20,1M,h3,1048576,22.0,150,10,499.3071,499.3935,3.0279,502.9773,16.8011,16.7976,0.102,16.9648,472.6964,473.452,2.0918,474.9012,0.0,0.0,0.0,0.0,25.2539,25.229,0.2011,25.3732,24.0,24.0,0.0,24.0,47.62,47.0,5.4412,47.0,0.0,0,499.852,1.8077,16.7824,0.0608,473.2373,0.844,0.0,0.0,25.224,0.0302,24.0,0.0,47.0,0.0,0.0,0.0
statichigh,20,1M,h4,1048576,52.0,150,10,631.5138,631.5935,7.4243,643.702,13.2852,13.2817,0.1565,13.5483,568.4564,568.4325,6.2539,579.6429,0.0,0.0,0.0,0.0,55.6027,55.525,0.6613,55.9466,24.0,24.0,0.0,24.0,139.9333,141.0,10.0653,142.0,0.0,0,631.778,4.8434,13.2785,0.1028,568.4891,3.1211,0.0,0.0,55.534,0.1113,24.0,0.0,141.2,0.4216,0.0,0.0
ewma,20,200K,h2,204800,6.0,150,10,98.4449,98.3885,0.4623,99.5134,16.6432,16.6524,0.0777,16.7343,91.861,91.763,0.4151,92.8445,2.0267,2.0,1.9106,6.0,9.7419,9.456,0.4237,10.5337,32.56,35.0,6.4491,38.0,35.6933,35.0,2.9808,41.0,70.667,0,98.373,0.1096,16.655,0.0186,91.7644,0.0651,2.3,0.9487,9.5527,0.1972,35.3,1.1595,35.3,1.1595,70.667,3.443
ewma,20,200K,h3,204800,22.0,150,10,140.3963,138.467,8.93,169.4877,11.7092,11.8324,0.6242,12.1765,113.5309,112.1495,8.6504,142.3444,0.0,0.0,0.0,0.0,26.2809,26.4,0.4629,26.7476,82.66,91.0,23.4116,102.55,97.2667,102.0,11.879,106.0,0.0,0,138.0528,0.9707,11.8685,0.0838,112.0327,0.5979,0.0,0.0,26.3963,0.033,91.2,0.4216,101.7,0.9487,0.0,0.0
ewma,20,200K,h4,204800,52.0,150,10,261.1809,254.622,28.5976,347.0259,6.327,6.4346,0.5009,6.6818,196.8023,190.4,28.094,282.5604,0.0,0.0,0.0,0.0,56.5779,56.8355,0.4939,56.9437,101.82,110.0,26.0961,110.0,124.4933,126.0,8.1724,126.0,0.0,0,254.3476,2.2478,6.442,0.057,190.2573,1.2644,0.0,0.0,56.7742,0.1825,109.7,0.9487,125.6,0.8433,0.0,0.0
lossaware,20,200K,h2,204800,6.0,150,10,98.494,98.379,0.445,99.6231,16.6348,16.654,0.0745,16.714,91.8984,91.8005,0.3772,92.8791,0.3133,0.0,0.8909,2.0,10.1156,10.1235,0.3817,10.7152,25.2333,27.0,7.0305,34.0,33.5133,34.0,4.878,40.55,13.333,140,98.3817,0.1107,16.6535,0.0187,91.8072,0.0726,0.0,0.0,10.1598,0.1068,26.8,1.7512,34.2,1.3984,13.333,0.0
lossaware,20,200K,h3,204800,22.0,150,10,140.4969,138.7465,8.7166,166.5427,11.6997,11.8086,0.6215,12.3134,113.6082,112.4795,8.4648,138.0122,0.0,0.0,0.0,0.0,26.2958,26.3965,0.4513,26.7362,82.46,91.0,23.3312,102.0,96.9333,102.0,11.7351,106.0,0.0,0,138.8481,1.2313,11.8008,0.1045,112.1683,0.618,0.0,0.0,26.3962,0.0136,90.8,0.4216,101.8,0.6325,0.0,0.0
lossaware,20,200K,h4,204800,52.0,150,10,260.1104,254.042,24.1637,339.5246,6.3408,6.4493,0.4559,6.6833,195.8664,190.5775,23.9861,275.6234,0.0,0.0,0.0,0.0,56.5958,56.819,0.4858,56.935,103.3333,110.0,25.0279,110.0,124.8067,124.0,1.5401,126.0,0.0,0,253.835,2.2344,6.455,0.0572,190.3918,2.3456,0.0,0.0,56.8097,0.0408,110.0,0.0,124.8,1.0328,0.0,0.0
lossaware-disc,20,200K,h2,204800,6.0,150,10,98.548,98.421,0.5369,99.5043,16.6259,16.6469,0.0888,16.6995,91.9151,91.7725,0.4937,92.8105,0.3133,0.0,0.9206,2.0,10.0844,10.0905,0.3759,10.7072,24.9133,26.0,6.9485,34.0,33.1733,33.0,4.8643,40.0,13.333,145,98.4282,0.067,16.6456,0.0113,91.7921,0.0533,0.0,0.0,10.0835,0.0511,26.0,1.8856,33.9,1.3703,13.333,0.0
lossaware-disc,20,200K,h3,204800,22.0,150,10,140.7714,139.2185,8.8123,169.8905,11.6769,11.7686,0.6146,12.1868,113.7832,112.432,8.7458,143.4627,0.0,0.0,0.0,0.0,26.2896,26.412,0.4658,26.7251,82.42,91.0,23.3173,102.0,96.9867,102.0,11.8111,106.0,0.0,0,139.1425,0.9074,11.7754,0.0768,112.3304,0.3215,0.0,0.0,26.4197,0.0455,91.0,0.0,101.9,0.3162,0.0,0.0
lossaware-disc,20,200K,h4,204800,52.0,150,10,262.1324,254.382,30.6474,346.1742,6.3103,6.4407,0.5227,6.6719,197.4985,190.2355,30.2619,280.0755,0.0,0.0,0.0,0.0,56.5882,56.8255,0.4964,56.9774,100.3133,110.0,27.0359,110.0,123.46,126.0,10.641,126.0,0.0,0,254.1573,1.85,6.4467,0.0468,190.0716,2.0653,0.0,0.0,56.7773,0.1842,109.3,1.4944,125.0,1.0541,0.0,0.0
metrics,20,200K,h2,204800,6.0,150,10,99.247,99.233,0.4545,99.8483,16.5086,16.5106,0.0751,16.6045,92.6369,92.641,0.4186,93.2279,0.0,0.0,0.0,0.0,9.955,9.975,0.1527,10.1218,10.0,10.0,0.0,10.0,28.14,28.0,1.5107,29.0,0.0,0,99.2349,0.1382,16.5103,0.023,92.6162,0.1206,0.0,0.0,9.9811,0.0457,10.0,0.0,28.5,0.527,0.0,0.0
metrics,20,200K,h3,204800,22.0,150,10,170.6979,170.944,4.3739,177.1396,9.6045,9.5844,0.2479,10.04,144.0492,144.3795,3.5692,149.6236,0.0,0.0,0.0,0.0,25.0037,24.992,0.1144,25.1968,10.0,10.0,0.0,10.0,61.16,61.0,0.3856,62.0,0.0,0,170.7669,2.4403,9.5962,0.1408,143.9593,1.9785,0.0,0.0,24.9851,0.0454,10.0,0.0,61.0,0.0,0.0,0.0
metrics,20,200K,h4,204800,52.0,150,10,354.5633,347.6065,30.1058,438.2776,4.6492,4.7134,0.3373,5.0161,290.9509,283.075,28.9104,373.724,0.0,0.0,0.0,0.0,55.0823,55.0695,0.4355,55.6048,10.0,10.0,0.0,10.0,117.3733,126.0,27.973,127.0,0.0,0,347.6843,7.0202,4.7141,0.0993,283.1418,5.1259,0.0,0.0,55.0257,0.133,10.0,0.0,126.2,0.4216,0.0,0.0
static10,20,200K,h2,204800,6.0,150,10,99.2064,99.228,0.4753,99.9001,16.5154,16.5115,0.0791,16.6479,92.5815,92.6085,0.4013,93.1056,0.0,0.0,0.0,0.0,9.9751,9.9735,0.1633,10.1415,10.0,10.0,0.0,10.0,28.2533,29.0,1.3066,29.0,0.0,0,99.1749,0.2927,16.5204,0.049,92.549,0.2498,0.0,0.0,9.9792,0.0363,10.0,0.0,28.7,0.483,0.0,0.0
static10,20,200K,h3,204800,22.0,150,10,170.9654,171.661,4.4833,176.9862,9.5899,9.5444,0.2548,10.05,144.4073,144.541,3.6609,149.7201,0.0,0.0,0.0,0.0,25.0315,24.993,0.2479,25.2228,10.0,10.0,0.0,10.0,61.1333,61.0,0.3411,62.0,0.0,0,171.1221,2.5543,9.5764,0.1476,144.8509,2.3511,0.0,0.0,24.9882,0.0402,10.0,0.0,61.0,0.0,0.0,0.0
static10,20,200K,h4,204800,52.0,150,10,354.924,347.997,29.6406,434.7268,4.6438,4.7081,0.3344,5.0133,291.0478,283.6325,29.8585,372.0912,0.0,0.0,0.0,0.0,55.0969,55.0195,0.4413,56.0305,10.0,10.0,0.0,10.0,117.16,126.0,29.0753,127.0,0.0,0,347.7312,7.7668,4.7139,0.1101,283.1099,6.3216,0.0,0.0,55.0146,0.1213,10.0,0.0,126.5,0.527,0.0,0.0
statichigh,20,200K,h2,204800,6.0,150,10,98.3857,98.329,0.4525,99.0866,16.6532,16.6624,0.0751,16.7248,91.7964,91.699,0.4355,92.4869,0.0,0.0,0.0,0.0,9.977,9.997,0.1168,10.1081,24.0,24.0,0.0,24.0,33.3733,33.0,0.5122,34.0,0.0,0,98.3245,0.0819,16.6632,0.0139,91.7102,0.0476,0.0,0.0,10.0025,0.0363,24.0,0.0,33.1,0.3162,0.0,0.0
statichigh,20,200K,h3,204800,22.0,150,10,146.5594,146.851,2.4522,150.1124,11.1822,11.1569,0.1879,11.5202,119.634,120.343,1.8028,121.5373,0.0,0.0,0.0,0.0,25.1968,25.183,0.1279,25.3197,24.0,24.0,0.0,24.0,47.6667,47.0,3.9961,47.0,0.0,0,146.5658,1.3089,11.1794,0.1002,120.2303,0.8306,0.0,0.0,25.1896,0.0504,24.0,0.0,47.0,0.0,0.0,0.0
statichigh,20,200K,h4,204800,52.0,150,10,278.7699,279.0015,7.5631,290.6484,5.8815,5.8724,0.1594,6.1408,214.8604,214.6165,5.6898,223.3764,0.0,0.0,0.0,0.0,55.8788,55.886,0.1102,56.0797,24.0,24.0,0.0,24.0,141.6467,142.0,3.8532,143.0,0.0,0,279.3456,3.639,5.8661,0.0783,215.4498,2.4357,0.0,0.0,55.8763,0.0556,24.0,0.0,142.0,0.0,0.0,0.0
ewma,20,30K,h2,30720,6.0,150,10,25.8434,25.7775,0.3541,26.6096,9.5113,9.5339,0.1276,9.6673,19.2326,19.171,0.3041,20.0008,0.0,0.0,0.0,0.0,10.9306,11.101,0.6554,11.202,21.2,22.0,3.0034,22.0,30.2133,30.0,0.9665,31.0,0.0,0,25.7895,0.0591,9.5295,0.0217,19.1729,0.0634,0.0,0.0,11.0979,0.0255,22.0,0.0,30.1,0.3162,0.0,0.0
ewma,20,30K,h3,30720,22.0,150,10,67.4732,66.684,6.2774,86.7946,3.6681,3.6854,0.2813,3.9923,40.4366,39.9,6.0012,58.6997,0.0,0.0,0.0,0.0,25.222,25.227,0.2092,25.4706,21.2,22.0,3.0034,22.0,42.3667,43.0,2.5288,43.0,0.0,0,66.6537,1.047,3.6879,0.0578,39.8685,0.1379,0.0,0.0,25.2296,0.0514,22.0,0.0,43.0,0.0,0.0,0.0
ewma,20,30K,h4,30720,52.0,150,10,139.0453,135.728,15.022,186.1846,1.7836,1.8107,0.1516,1.9234,75.2057,72.125,14.864,123.7975,0.0,0.0,0.0,0.0,57.6355,56.8045,2.5095,62.304,21.2,22.0,3.0034,22.0,44.1333,45.0,3.2946,45.0,0.0,0,135.5852,1.8963,1.8129,0.0256,72.2389,1.1154,0.0,0.0,56.8396,0.7726,22.0,0.0,45.0,0.0,0.0,0.0
lossaware,20,30K,h2,30720,6.0,150,10,25.8351,25.7785,0.3582,26.6892,9.5144,9.5335,0.1298,9.6707,19.2285,19.168,0.3193,19.9785,0.0,0.0,0.0,0.0,10.9128,11.098,0.6468,11.2001,21.2,22.0,3.0034,22.0,30.1733,30.0,0.9813,31.0,0.0,0,25.7615,0.1186,9.54,0.0443,19.1619,0.0541,0.0,0.0,11.1023,0.035,22.0,0.0,30.2,0.4216,0.0,0.0
lossaware,20,30K,h3,30720,22.0,150,10,67.6032,66.781,6.205,85.969,3.6602,3.6801,0.2751,3.9607,40.5218,39.816,6.1613,58.9238,0.0,0.0,0.0,0.0,25.2335,25.251,0.174,25.4897,21.2,22.0,3.0034,22.0,42.3733,43.0,2.5291,43.0,0.0,0,66.7174,0.7034,3.684,0.0392,39.7889,0.294,0.0,0.0,25.2418,0.0587,22.0,0.0,43.0,0.0,0.0,0.0
lossaware,20,30K,h4,30720,52.0,150,10,138.7353,135.426,15.3617,186.6861,1.7882,1.8147,0.1539,1.943,74.7427,71.245,14.9339,125.8093,0.0,0.0,0.0,0.0,57.6305,56.723,2.4331,62.7078,21.2,22.0,3.0034,22.0,44.2,45.0,3.0034,45.0,0.0,0,135.4573,1.902,1.8146,0.0256,71.3072,0.8009,0.0,0.0,57.0292,0.7833,22.0,0.0,45.0,0.0,0.0,0.0
lossaware-disc,20,30K,h2,30720,6.0,150,10,25.8717,25.8075,0.432,26.7507,9.5018,9.5228,0.1559,9.7168,19.272,19.1835,0.3859,20.1549,0.0,0.0,0.0,0.0,10.8776,11.054,0.6371,11.1848,21.2,22.0,3.0034,22.0,30.12,30.0,0.9618,31.0,0.0,0,25.7922,0.104,9.5286,0.0385,19.167,0.0484,0.0,0.0,11.056,0.0391,22.0,0.0,30.1,0.3162,0.0,0.0
lossaware-disc,20,30K,h3,30720,22.0,150,10,67.7784,66.977,6.7968,88.4572,3.6548,3.6693,0.2929,3.954,40.753,39.9165,6.2909,60.4481,0.0,0.0,0.0,0.0,25.2682,25.2495,0.2597,25.502,21.2,22.0,3.0034,22.0,42.4267,43.0,2.5629,43.0,0.0,0,66.7407,0.8641,3.6829,0.0477,39.952,0.1329,0.0,0.0,25.2586,0.0606,22.0,0.0,43.0,0.0,0.0,0.0
lossaware-disc,20,30K,h4,30720,52.0,150,10,139.6358,136.505,16.4637,195.4637,1.7785,1.8004,0.1596,1.9305,75.474,72.0255,16.367,131.4402,0.0,0.0,0.0,0.0,57.5815,56.7545,2.388,62.442,21.2,22.0,3.0034,22.0,44.2,45.0,3.0034,45.0,0.0,0,136.6965,1.7271,1.7981,0.0227,71.9436,1.6984,0.0,0.0,56.8735,0.4551,22.0,0.0,45.0,0.0,0.0,0.0
metrics,20,30K,h2,30720,6.0,150,10,26.4892,26.4755,0.3415,27.096,9.2793,9.2825,0.1186,9.4657,19.8936,19.8495,0.2818,20.3407,0.0,0.0,0.0,0.0,8.5379,8.55,0.1771,8.8087,10.0,10.0,0.0,10.0,26.7333,27.0,1.8777,28.0,0.0,0,26.4568,0.1206,9.2893,0.0423,19.8492,0.0943,0.0,0.0,8.545,0.0876,10.0,0.0,27.0,0.0,0.0,0.0
metrics,20,30K,h3,30720,22.0,150,10,88.5185,88.234,4.1693,94.9398,2.7826,2.7853,0.1334,3.0084,61.5671,61.4865,3.3104,67.3101,0.0,0.0,0.0,0.0,25.2899,25.257,0.4017,25.9477,10.0,10.0,0.0,10.0,33.0,33.0,0.0,33.0,0.0,0,88.3797,2.679,2.7831,0.0883,61.467,1.8203,0.0,0.0,25.2733,0.2734,10.0,0.0,33.0,0.0,0.0,0.0
metrics,20,30K,h4,30720,52.0,150,10,192.2027,192.7185,8.179,204.9916,1.281,1.2752,0.055,1.3779,128.8905,129.033,6.5597,140.3997,0.0,0.0,0.0,0.0,60.3944,59.6465,3.8336,67.4358,10.0,10.0,0.0,10.0,32.6667,33.0,1.2514,33.0,0.0,0,192.4487,4.4439,1.2777,0.0307,128.83,3.5339,0.0,0.0,59.9641,1.6826,10.0,0.0,33.0,0.0,0.0,0.0
static10,20,30K,h2,30720,6.0,150,10,26.433,26.3965,0.379,27.1606,9.2994,9.3103,0.1325,9.4885,19.86,19.7655,0.3026,20.4511,0.0,0.0,0.0,0.0,8.5343,8.5465,0.1668,8.8098,10.0,10.0,0.0,10.0,26.8733,27.0,1.6641,28.0,0.0,0,26.3782,0.171,9.3171,0.0609,19.7979,0.1368,0.0,0.0,8.5523,0.057,10.0,0.0,27.0,0.0,0.0,0.0
static10,20,30K,h3,30720,22.0,150,10,88.1479,88.3435,4.1982,94.7017,2.7944,2.7819,0.1352,3.0468,61.3373,61.108,3.5061,66.8537,0.0,0.0,0.0,0.0,25.3083,25.242,0.4169,25.927,10.0,10.0,0.0,10.0,33.0,33.0,0.0,33.0,0.0,0,87.6444,2.3162,2.8059,0.0788,60.9354,1.5576,0.0,0.0,25.2674,0.2543,10.0,0.0,33.0,0.0,0.0,0.0
static10,20,30K,h4,30720,52.0,150,10,191.9754,192.0945,8.9208,205.2782,1.2829,1.2794,0.0602,1.3855,128.1653,128.111,7.109,139.8283,0.0,0.0,0.0,0.0,59.5615,58.3675,3.5212,65.8196,10.0,10.0,0.0,10.0,32.5667,33.0,1.4114,33.0,0.0,0,192.8775,4.787,1.2749,0.0325,128.6808,3.1298,0.0,0.0,58.4275,1.3455,10.0,0.0,33.0,0.0,0.0,0.0
statichigh,20,30K,h2,30720,6.0,150,10,25.7156,25.7215,0.2945,26.1484,9.5581,9.5547,0.1082,9.7161,19.1364,19.1415,0.2297,19.4422,0.0,0.0,0.0,0.0,12.1832,12.2455,0.2591,12.3556,24.0,24.0,0.0,24.0,32.2933,32.0,0.4568,33.0,0.0,0,25.6999,0.114,9.5629,0.0426,19.1294,0.0608,0.0,0.0,12.2521,0.0329,24.0,0.0,32.0,0.0,0.0,0.0
statichigh,20,30K,h3,30720,22.0,150,10,65.6002,65.596,2.5147,68.9074,3.7519,3.7466,0.1459,4.0173,38.837,39.676,1.6886,40.5612,0.0,0.0,0.0,0.0,25.1957,25.2025,0.2486,25.4372,24.0,24.0,0.0,24.0,45.0667,45.0,0.4123,45.0,0.0,0,65.8087,1.359,3.7359,0.0791,39.5952,0.7625,0.0,0.0,25.195,0.1025,24.0,0.0,45.0,0.0,0.0,0.0
statichigh,20,30K,h4,30720,52.0,150,10,134.5044,135.103,5.588,143.0793,1.8303,1.8191,0.0766,1.9627,71.1697,71.0835,3.4914,75.4583,0.0,0.0,0.0,0.0,57.0483,56.159,2.0267,61.3667,24.0,24.0,0.0,24.0,46.9867,47.0,0.1151,47.0,0.0,0,134.3644,3.1319,1.83,0.0435,71.6577,2.2331,0.0,0.0,56.3451,0.5056,24.0,0.0,47.0,0.0,0.0,0.0
ewma,50,10K,h2,10240,6.0,150,10,14.7332,14.7535,0.2429,15.1154,5.5617,5.5526,0.0906,5.6995,8.1304,8.1065,0.1792,8.4219,0.0,0.0,0.0,0.0,6.6887,6.66,0.1402,6.9954,10.0,10.0,0.0,10.0,18.0,18.0,0.0,18.0,0.0,0,14.7394,0.0609,5.558,0.023,8.1115,0.0294,0.0,0.0,6.6588,0.0182,10.0,0.0,18.0,0.0,0.0,0.0
ewma,50,10K,h3,10240,22.0,150,10,57.0966,57.2595,2.8266,61.5574,1.4384,1.4307,0.0732,1.5701,30.4563,30.1195,2.1405,33.3967,0.0,0.0,0.0,0.0,26.7298,26.575,1.3941,28.7411,10.0,10.0,0.0,10.0,18.0,18.0,0.0,18.0,0.0,0,57.1288,0.8845,1.4343,0.0222,30.2048,0.8634,0.0,0.0,26.5937,0.6336,10.0,0.0,18.0,0.0,0.0,0.0
ewma,50,10K,h4,10240,52.0,150,10,128.2184,127.7525,5.614,137.3856,0.6401,0.6412,0.0281,0.6873,64.8852,64.4745,4.6048,72.6036,0.0,0.0,0.0,0.0,62.2308,62.297,3.201,67.4883,10.0,10.0,0.0,10.0,18.0,18.0,0.0,18.0,0.0,0,127.3922,1.4669,0.6431,0.0074,64.329,1.4781,0.0,0.0,62.3034,1.3319,10.0,0.0,18.0,0.0,0.0,0.0
lossaware,50,10K,h2,10240,6.0,150,10,14.7618,14.741,0.2142,15.1119,5.5506,5.5573,0.0795,5.6668,8.1472,8.125,0.1601,8.346,0.0,0.0,0.0,0.0,6.6961,6.668,0.1245,6.968,10.0,10.0,0.0,10.0,18.0,18.0,0.0,18.0,0.0,0,14.7353,0.0683,5.5595,0.0257,8.1245,0.0279,0.0,0.0,6.6722,0.021,10.0,0.0,18.0,0.0,0.0,0.0
lossaware,50,10K,h3,10240,22.0,150,10,57.0723,57.386,2.7931,61.249,1.4389,1.4275,0.0719,1.5726,30.1847,29.8075,2.1545,33.2965,0.0,0.0,0.0,0.0,26.7165,26.7055,1.3081,28.7587,10.0,10.0,0.0,10.0,18.0,18.0,0.0,18.0,0.0,0,57.488,0.581,1.4251,0.0144,29.9744,0.7403,0.0,0.0,26.5289,0.4943,10.0,0.0,18.0,0.0,0.0,0.0
lossaware,50,10K,h4,10240,52.0,150,10,128.0505,128.24,5.6299,137.5627,0.641,0.6388,0.0285,0.6906,64.1716,64.0085,4.5828,71.8073,0.0,0.0,0.0,0.0,61.8441,61.603,3.0718,67.0189,10.0,10.0,0.0,10.0,18.0133,18.0,0.1151,18.0,0.0,0,128.01,2.4802,0.6402,0.0127,63.8049,0.6689,0.0,0.0,61.8099,0.7065,10.0,0.0,18.0,0.0,0.0,0.0
lossaware-disc,50,10K,h2,10240,6.0,150,10,14.7755,14.7415,0.298,15.3742,5.5465,5.5571,0.1084,5.6782,8.1858,8.13,0.2531,8.6722,0.0,0.0,0.0,0.0,6.7123,6.6655,0.1651,7.0446,10.0,10.0,0.0,10.0,18.0,18.0,0.0,18.0,0.0,0,14.7453,0.0599,5.5558,0.0226,8.1328,0.0562,0.0,0.0,6.6659,0.0191,10.0,0.0,18.0,0.0,0.0,0.0
lossaware-disc,50,10K,h3,10240,22.0,150,10,57.0217,57.0695,2.7818,61.6586,1.4401,1.4354,0.0719,1.5801,30.1207,29.692,2.154,33.2077,0.0,0.0,0.0,0.0,26.595,26.371,1.3527,28.8011,10.0,10.0,0.0,10.0,18.0,18.0,0.0,18.0,0.0,0,57.0599,0.7715,1.4359,0.0193,30.1175,0.7818,0.0,0.0,26.5423,0.5518,10.0,0.0,18.0,0.0,0.0,0.0
lossaware-disc,50,10K,h4,10240,52.0,150,10,127.9848,127.35,6.2383,139.0189,0.6416,0.6433,0.0313,0.6924,64.2424,64.3285,4.7358,72.6073,0.0,0.0,0.0,0.0,62.0188,61.865,3.2439,68.2623,10.0,10.0,0.0,10.0,18.0,18.0,0.0,18.0,0.0,0,128.0057,2.098,0.6401,0.0104,64.1355,0.9842,0.0,0.0,61.6899,0.9019,10.0,0.0,18.0,0.0,0.0,0.0
metrics,50,10K,h2,10240,6.0,150,10,14.7233,14.699,0.2377,15.0908,5.5654,5.5732,0.0884,5.692,8.1131,8.096,0.177,8.3953,0.0,0.0,0.0,0.0,6.691,6.6515,0.1483,7.0191,10.0,10.0,0.0,10.0,18.0,18.0,0.0,18.0,0.0,0,14.7135,0.0962,5.5679,0.0366,8.0944,0.0338,0.0,0.0,6.6569,0.0312,10.0,0.0,18.0,0.0,0.0,0.0
metrics,50,10K,h3,10240,22.0,150,10,56.2912,56.5615,3.0227,61.3357,1.4595,1.4483,0.0785,1.5769,29.5596,29.4015,2.4651,33.219,0.0,0.0,0.0,0.0,26.326,25.985,1.507,28.7983,10.0,10.0,0.0,10.0,18.0067,18.0,0.0816,18.0,0.0,0,56.4179,1.4329,1.4529,0.0385,29.5884,0.8855,0.0,0.0,26.1507,0.6698,10.0,0.0,18.0,0.0,0.0,0.0
metrics,50,10K,h4,10240,52.0,150,10,126.8198,127.501,6.4463,136.4851,0.6476,0.6425,0.0335,0.7102,63.8472,63.8915,4.5183,71.6479,0.0,0.0,0.0,0.0,61.4449,61.31,3.3739,67.3075,10.0,10.0,0.0,10.0,18.0,18.0,0.0,18.0,0.0,0,126.9242,3.8687,0.646,0.0208,63.5201,1.6169,0.0,0.0,61.3834,1.7652,10.0,0.0,18.0,0.0,0.0,0.0
static10,50,10K,h2,10240,6.0,150,10,14.7012,14.7095,0.2399,15.1532,5.5738,5.5692,0.0902,5.7102,8.1343,8.1,0.1601,8.4494,0.0,0.0,0.0,0.0,6.6815,6.659,0.1145,6.9002,10.0,10.0,0.0,10.0,18.0,18.0,0.0,18.0,0.0,0,14.7048,0.0696,5.5711,0.0264,8.1068,0.0438,0.0,0.0,6.6549,0.022,10.0,0.0,18.0,0.0,0.0,0.0
static10,50,10K,h3,10240,22.0,150,10,56.7453,57.1585,3.3074,61.8376,1.4486,1.4332,0.0857,1.591,29.8917,29.7225,2.4134,33.3196,0.0,0.0,0.0,0.0,26.5041,26.2355,1.5013,28.7927,10.0,10.0,0.0,10.0,18.0,18.0,0.0,18.0,0.0,0,57.0789,1.8363,1.4366,0.0486,29.9013,1.2922,0.0,0.0,26.3889,0.9503,10.0,0.0,18.0,0.0,0.0,0.0
static10,50,10K,h4,10240,52.0,150,10,126.8888,127.395,6.6366,137.6713,0.6474,0.643,0.034,0.7023,63.6484,64.005,4.6091,71.6337,0.0,0.0,0.0,0.0,61.2477,61.5145,3.746,67.1819,10.0,10.0,0.0,10.0,18.0,18.0,0.0,18.0,0.0,0,127.5745,3.1402,0.6425,0.0166,63.6379,1.6568,0.0,0.0,61.4384,2.0771,10.0,0.0,18.0,0.0,0.0,0.0
statichigh,50,10K,h2,10240,6.0,150,10,14.7147,14.682,0.2206,15.0961,5.5684,5.5796,0.0817,5.6788,8.1174,8.097,0.1652,8.2792,0.0,0.0,0.0,0.0,6.8723,6.8345,0.1364,7.142,24.0,24.0,0.0,24.0,24.0,24.0,0.0,24.0,0.0,0,14.6821,0.0701,5.5797,0.0266,8.1013,0.0354,0.0,0.0,6.8406,0.0329,24.0,0.0,24.0,0.0,0.0,0.0
statichigh,50,10K,h3,10240,22.0,150,10,56.5764,56.8695,3.1551,61.1396,1.4526,1.4405,0.0839,1.6048,29.9749,29.624,2.3497,33.193,0.0,0.0,0.0,0.0,26.5154,26.314,1.3976,28.7401,24.0,24.0,0.0,24.0,24.0,24.0,0.0,24.0,0.0,0,57.0088,0.8171,1.4372,0.0203,29.905,0.6487,0.0,0.0,26.4904,0.4794,24.0,0.0,24.0,0.0,0.0,0.0
statichigh,50,10K,h4,10240,52.0,150,10,128.8249,128.594,6.3969,139.1166,0.6375,0.637,0.0321,0.6863,64.7478,64.403,4.8556,72.2164,0.0,0.0,0.0,0.0,62.37,62.5325,3.5079,67.3393,24.0,24.0,0.0,24.0,24.0,24.0,0.0,24.0,0.0,0,128.7322,2.2008,0.6365,0.0108,64.9817,1.6461,0.0,0.0,62.1661,1.3398,24.0,0.0,24.0,0.0,0.0,0.0
ewma,50,10M,h2,10485760,6.0,150,10,1768.5981,1768.04,2.8992,1772.328,47.431,47.4458,0.0768,47.4705,1761.94,1761.4045,2.8811,1765.5949,16.4933,17.0,5.0564,21.0,8.7498,8.739,0.1076,8.962,45.6933,48.0,9.5902,49.0,48.2667,48.0,0.6919,49.0,93.333,0,1768.0225,0.237,47.4463,0.0064,1761.334,0.1713,17.2,0.6325,8.7539,0.0329,48.2,0.6325,48.2,0.6325,93.333,0.0
ewma,50,10M,h3,10485760,22.0,150,10,1857.7616,1852.6745,30.7054,1936.3241,45.1663,45.2784,0.7237,45.9016,1830.948,1825.7525,30.3604,1908.0049,17.0933,20.0,10.6174,33.0,24.5216,24.4935,0.1543,24.8251,142.2267,150.0,36.6617,165.0,158.04,157.0,13.5893,180.55,94.0,0,1852.15,2.4396,45.2913,0.0597,1825.1998,1.3039,16.8,4.3919,24.497,0.044,152.9,5.7048,158.4,5.7388,94.0,2.108
ewma,50,10M,h4,10485760,52.0,150,10,2024.9565,2017.5815,79.2861,2101.4806,41.4717,41.5775,1.1818,42.1536,1958.7128,1950.199,79.8858,2034.1642,22.04,26.0,14.2414,35.55,54.5192,54.4665,0.0991,54.6381,229.3267,245.0,58.8139,245.0,331.8133,357.0,41.3384,362.55,78.0,0,2015.8702,4.8091,41.6131,0.0995,1949.5695,5.1188,27.3,2.4518,54.4889,0.0544,245.0,0.0,356.6,0.5164,78.0,10.447
lossaware,50,10M,h2,10485760,6.0,150,10,1767.9635,1767.7865,1.742,1772.2618,47.4479,47.4526,0.0467,47.4994,1761.3195,1761.274,1.7436,1765.6586,2.0467,0.0,4.7647,17.0,8.7198,8.6735,0.1398,8.9765,26.4867,26.0,9.664,48.0,48.22,48.0,1.3254,50.0,30.0,379,1767.6461,0.436,47.4564,0.0117,1761.0876,0.4322,0.0,0.0,8.6924,0.0616,25.7,1.8288,47.9,0.3162,30.0,4.714
lossaware,50,10M,h3,10485760,22.0,150,10,1845.3718,1837.455,28.6043,1879.395,45.4674,45.6534,0.641,45.9066,1818.7636,1810.081,28.3594,1852.6832,3.84,2.0,7.4834,16.0,24.5517,24.497,0.1684,24.8561,42.7067,35.0,30.2226,131.55,137.4467,143.0,16.393,167.0,54.667,670,1837.6216,1.8835,45.6493,0.0468,1810.7685,1.7869,1.6,0.8433,24.5017,0.0332,35.2,4.9171,141.4,4.0056,54.667,6.126
lossaware,50,10M,h4,10485760,52.0,150,10,2072.5892,2024.5855,170.9614,2254.5174,40.6681,41.4337,2.3987,41.9702,2006.605,1959.0355,170.7299,2188.8954,7.96,4.0,9.1453,26.0,54.5165,54.486,0.1409,54.8357,82.1667,71.5,65.6999,243.55,301.5467,321.0,40.8664,355.0,58.0,710,2024.2322,3.189,41.441,0.0654,1957.3254,4.0695,5.4,3.4059,54.4841,0.0268,68.0,22.6029,312.6,19.7439,58.0,9.963
lossaware-disc,50,10M,h2,10485760,6.0,150,10,1768.5514,1767.8135,6.0054,1772.2206,47.4326,47.4519,0.1571,47.4988,1761.9023,1761.1365,5.9966,1765.4486,2.0667,0.0,4.5179,16.55,8.698,8.6555,0.1219,8.9546,27.3933,28.5,9.1819,48.0,48.2667,48.0,1.4174,51.0,32.667,334,1767.6893,0.4416,47.4552,0.0119,1760.9705,0.4408,0.0,0.0,8.6638,0.0251,27.7,2.3118,48.0,0.0,32.667,5.837
lossaware-disc,50,10M,h3,10485760,22.0,150,10,1836.1909,1833.7805,12.9977,1877.7089,45.6871,45.7449,0.3173,45.9308,1809.4935,1808.336,12.7244,1852.0519,6.1267,3.0,6.0892,15.65,24.5271,24.5755,0.1368,24.8056,66.0933,66.0,22.8204,132.0,149.6067,150.0,7.6271,160.75,93.333,139,1833.4053,2.0683,45.7543,0.0517,1807.4776,2.1302,3.3,2.7508,24.5595,0.0462,65.8,0.6325,149.6,1.2649,93.333,0.0
lossaware-disc,50,10M,h4,10485760,52.0,150,10,2026.0619,2017.061,46.9141,2116.6499,41.4235,41.5883,0.8707,42.2212,1959.8589,1951.8045,46.2145,2050.2359,8.1333,4.0,9.7255,27.1,54.4988,54.478,0.1003,54.6361,165.0,166.0,56.1866,245.0,308.8667,327.0,37.5864,357.0,66.0,159,2016.4273,7.0813,41.6018,0.1471,1951.2793,4.8619,6.1,4.6774,54.4857,0.0259,171.5,18.5068,323.7,10.6568,66.0,9.135
metrics,50,10M,h2,10485760,6.0,150,10,1772.8853,1772.3125,4.068,1774.0688,47.3164,47.3314,0.1059,47.3517,1766.2435,1765.6695,4.0502,1767.4603,0.0,0.0,0.0,0.0,8.7508,8.732,0.0762,8.8977,10.0,10.0,0.0,10.0,48.1667,48.0,0.7087,49.0,0.0,0,1772.364,0.3056,47.3301,0.0082,1765.7093,0.2689,0.0,0.0,8.7274,0.0217,10.0,0.0,48.0,0.0,0.0,0.0
metrics,50,10M,h3,10485760,22.0,150,10,1886.4766,1877.905,49.5761,1883.1977,44.4943,44.67,1.0436,44.9912,1860.0439,1851.892,49.4914,1855.4113,0.0267,0.0,0.2302,0.0,24.7868,24.8185,0.1235,24.849,10.0,10.0,0.0,10.0,131.1133,132.0,3.721,132.0,1.333,0,1876.9319,4.452,44.6934,0.1066,1850.6022,4.2129,0.0,0.0,24.8071,0.0389,10.0,0.0,132.0,0.0,1.333,4.216
metrics,50,10M,h4,10485760,52.0,150,10,2261.302,2114.4705,370.5418,2992.5916,37.8413,39.6724,4.5974,40.3124,2196.0327,2048.4175,370.1058,2922.9333,1.96,0.0,17.8562,0.0,54.4798,54.475,0.0606,54.6155,10.0,10.0,0.0,10.0,271.3733,275.0,17.5666,276.0,4.0,0,2112.0118,11.3876,39.7196,0.2168,2046.6358,9.2815,0.0,0.0,54.4753,0.0325,10.0,0.0,274.6,0.5164,4.0,6.441
static10,50,10M,h2,10485760,6.0,150,10,1773.3509,1772.3985,6.8025,1774.4887,47.3044,47.3291,0.1742,47.3484,1766.6978,1765.7085,6.7842,1767.8596,0.0,0.0,0.0,0.0,8.7583,8.7345,0.0755,8.8986,10.0,10.0,0.0,10.0,48.04,48.0,0.6842,49.0,0.0,0,1772.4593,0.2084,47.3275,0.0056,1765.7686,0.1446,0.0,0.0,8.7306,0.0229,10.0,0.0,48.0,0.0,0.0,0.0
static10,50,10M,h3,10485760,22.0,150,10,1886.961,1878.805,49.8129,1885.9967,44.4831,44.6486,1.0478,44.9903,1860.268,1852.135,49.6431,1857.2351,0.0267,0.0,0.2302,0.0,24.7763,24.809,0.1287,24.8635,10.0,10.0,0.0,10.0,131.14,132.0,3.7525,132.0,1.333,0,1877.7029,4.7388,44.6751,0.1134,1851.0971,4.0786,0.0,0.0,24.7877,0.0771,10.0,0.0,132.0,0.0,1.333,2.811
static10,50,10M,h4,10485760,52.0,150,10,2307.318,2116.2305,459.5584,3484.8885,37.3884,39.6394,5.2731,40.3362,2242.0094,2049.9455,458.7945,3418.9702,0.4933,0.0,2.4597,0.0,54.4751,54.473,0.0734,54.6146,10.0,10.0,0.0,10.0,269.36,274.5,20.6934,276.0,4.667,0,2115.2924,14.5161,39.6587,0.2745,2049.312,11.8912,0.0,0.0,54.4703,0.026,10.0,0.0,274.4,0.5164,4.667,3.22
statichigh,50,10M,h2,10485760,6.0,150,10,1767.0548,1766.9615,0.6108,1767.528,47.4723,47.4748,0.0164,47.4842,1760.4049,1760.3065,0.5793,1760.7559,0.0,0.0,0.0,0.0,8.7024,8.69,0.0721,8.8925,24.0,24.0,0.0,24.0,47.9533,48.0,0.5095,49.0,0.0,0,1766.9597,0.0574,47.4748,0.0015,1760.2947,0.0471,0.0,0.0,8.688,0.0065,24.0,0.0,48.0,0.0,0.0,0.0
statichigh,50,10M,h3,10485760,22.0,150,10,1842.9512,1843.638,3.215,1846.8237,45.5174,45.5003,0.0795,45.6646,1816.1289,1817.1685,2.4247,1818.3353,6.54,7.0,4.0094,12.0,24.4666,24.45,0.1049,24.637,24.0,24.0,0.0,24.0,145.8,147.0,1.7798,147.0,90.0,0,1843.6834,0.9241,45.4992,0.0228,1816.8856,1.0074,5.8,1.0328,24.4499,0.0214,24.0,0.0,146.8,0.6325,90.0,7.201
statichigh,50,10M,h4,10485760,52.0,150,10,2055.2646,2039.1465,61.588,2260.6516,40.8484,41.1378,1.1154,41.5337,1989.7264,1973.415,61.5331,2191.613,2.5533,0.0,19.0617,4.0,54.6872,54.643,0.1958,55.0068,24.0,24.0,0.0,24.0,295.6867,298.0,16.9207,308.0,45.333,0,2040.2198,4.6863,41.1164,0.0943,1973.8335,4.9773,0.8,1.0328,54.6568,0.0639,24.0,0.0,297.9,3.414,45.333,8.195
ewma,50,1K,h2,1024,6.0,150,10,13.536,13.3945,0.4759,14.4085,0.6059,0.6116,0.0206,0.6298,6.9338,6.7905,0.4282,7.7041,0.0,0.0,0.0,0.0,6.49,6.43,0.1921,6.8082,10.0,10.0,0.0,10.0,10.0,10.0,0.0,10.0,0.0,0,13.4416,0.1884,0.6096,0.0084,6.8303,0.1439,0.0,0.0,6.4342,0.0356,10.0,0.0,10.0,0.0,0.0,0.0
ewma,50,1K,h3,1024,22.0,150,10,56.3152,56.7125,3.3534,61.4214,0.146,0.1444,0.0091,0.1635,29.6164,29.6285,2.6351,33.2846,0.0,0.0,0.0,0.0,29.0944,29.532,1.8937,31.4101,10.0,10.0,0.0,10.0,10.0,10.0,0.0,10.0,0.0,0,56.6735,1.003,0.1446,0.0025,29.9863,1.032,0.0,0.0,29.5116,0.4575,10.0,0.0,10.0,0.0,0.0,0.0
ewma,50,1K,h4,1024,52.0,150,10,128.2764,128.3785,6.816,139.9892,0.064,0.0638,0.0034,0.0696,64.5059,64.1375,5.1678,72.6314,0.0,0.0,0.0,0.0,63.3023,63.2535,3.9622,70.1851,10.0,10.0,0.0,10.0,10.0,10.0,0.0,10.0,0.0,0,127.8696,2.5701,0.0641,0.0013,64.4471,1.3711,0.0,0.0,63.1549,1.4915,10.0,0.0,10.0,0.0,0.0,0.0
lossaware,50,1K,h2,1024,6.0,150,10,13.4859,13.306,0.5063,14.4304,0.6083,0.6157,0.0216,0.6305,6.8756,6.733,0.4625,7.704,0.0,0.0,0.0,0.0,6.4962,6.4345,0.2263,6.9446,10.0,10.0,0.0,10.0,10.0,10.0,0.0,10.0,0.0,0,13.3138,0.0826,0.6153,0.0038,6.7675,0.1094,0.0,0.0,6.4334,0.0325,10.0,0.0,10.0,0.0,0.0,0.0
lossaware,50,1K,h3,1024,22.0,150,10,56.8221,56.843,3.0893,61.3382,0.1446,0.1441,0.0082,0.159,29.8027,29.767,2.5943,33.2227,0.0,0.0,0.0,0.0,29.3177,29.737,1.7775,31.5766,10.0,10.0,0.0,10.0,10.0,10.0,0.0,10.0,0.0,0,57.0106,0.6399,0.1437,0.0016,29.8975,0.7714,0.0,0.0,29.6896,0.3456,10.0,0.0,10.0,0.0,0.0,0.0
lossaware,50,1K,h4,1024,52.0,150,10,128.2889,128.22,6.0466,137.0062,0.064,0.0639,0.0031,0.0693,64.6382,64.086,4.5775,72.3507,0.0,0.0,0.0,0.0,63.1613,62.9705,3.9732,69.7155,10.0,10.0,0.0,10.0,10.0,10.0,0.0,10.0,0.0,0,128.6097,2.1543,0.0637,0.0011,64.5584,1.1691,0.0,0.0,63.3995,1.2228,10.0,0.0,10.0,0.0,0.0,0.0
lossaware-disc,50,1K,h2,1024,6.0,150,10,13.5971,13.386,0.5271,14.6579,0.6033,0.612,0.0226,0.6278,6.9777,6.794,0.4873,7.978,0.0,0.0,0.0,0.0,6.5173,6.474,0.2124,7.0432,10.0,10.0,0.0,10.0,10.0,10.0,0.0,10.0,0.0,0,13.4612,0.2803,0.6088,0.0122,6.8722,0.2346,0.0,0.0,6.4711,0.0673,10.0,0.0,10.0,0.0,0.0,0.0
lossaware-disc,50,1K,h3,1024,22.0,150,10,56.3928,56.352,3.0416,61.1334,0.1457,0.1454,0.008,0.1589,29.3909,29.3265,2.4659,33.1218,0.0,0.0,0.0,0.0,29.2056,29.646,1.6716,31.3666,10.0,10.0,0.0,10.0,10.0,10.0,0.0,10.0,0.0,0,56.7158,0.9771,0.1445,0.0025,29.4094,1.0403,0.0,0.0,29.4425,0.8642,10.0,0.0,10.0,0.0,0.0,0.0
lossaware-disc,50,1K,h4,1024,52.0,150,10,128.9186,129.184,6.6894,139.3526,0.0637,0.0634,0.0034,0.0691,64.8936,64.831,4.9881,72.6005,0.0,0.0,0.0,0.0,63.5762,63.4125,3.8847,69.4009,10.0,10.0,0.0,10.0,10.0,10.0,0.0,10.0,0.0,0,129.3081,2.2516,0.0634,0.0011,64.8873,1.75,0.0,0.0,63.6514,1.2269,10.0,0.0,10.0,0.0,0.0,0.0
metrics,50,1K,h2,1024,6.0,150,10,13.5056,13.407,0.4638,14.3086,0.6073,0.611,0.0202,0.6342,6.9035,6.763,0.4035,7.6938,0.0,0.0,0.0,0.0,6.4795,6.448,0.1622,6.7351,10.0,10.0,0.0,10.0,10.0,10.0,0.0,10.0,0.0,0,13.4265,0.1198,0.6102,0.0054,6.7865,0.0739,0.0,0.0,6.4531,0.0599,10.0,0.0,10.0,0.0,0.0,0.0
metrics,50,1K,h3,1024,22.0,150,10,56.1557,56.674,3.4265,61.3336,0.1464,0.1445,0.009,0.1622,29.2777,29.342,2.7451,33.4123,0.0,0.0,0.0,0.0,28.8334,29.193,1.9799,31.4568,10.0,10.0,0.0,10.0,10.0,10.0,0.0,10.0,0.0,0,56.6046,2.0978,0.1449,0.0057,29.4391,1.4369,0.0,0.0,29.1911,1.0346,10.0,0.0,10.0,0.0,0.0,0.0
metrics,50,1K,h4,1024,52.0,150,10,126.7351,126.6875,7.1386,138.2524,0.0648,0.0647,0.0037,0.0714,63.4694,63.428,5.2263,72.515,0.0,0.0,0.0,0.0,62.5333,61.9625,3.9987,69.3492,10.0,10.0,0.0,10.0,10.0,10.0,0.0,10.0,0.0,0,126.9951,3.1728,0.0645,0.0017,63.3711,1.6772,0.0,0.0,62.4343,1.8993,10.0,0.0,10.0,0.0,0.0,0.0
static10,50,1K,h2,1024,6.0,150,10,13.4573,13.3005,0.5073,14.5208,0.6096,0.6159,0.0221,0.6375,6.8653,6.7215,0.4387,7.8235,0.0,0.0,0.0,0.0,6.4621,6.4305,0.1802,6.8061,10.0,10.0,0.0,10.0,10.0,10.0,0.0,10.0,0.0,0,13.3065,0.0907,0.6157,0.0042,6.7075,0.0563,0.0,0.0,6.4299,0.0392,10.0,0.0,10.0,0.0,0.0,0.0
static10,50,1K,h3,1024,22.0,150,10,56.0679,56.0,3.3577,61.4205,0.1466,0.1463,0.0089,0.161,29.2999,29.29,2.6085,33.279,0.0,0.0,0.0,0.0,28.9075,29.344,1.9537,31.5077,10.0,10.0,0.0,10.0,10.0,10.0,0.0,10.0,0.0,0,56.1045,1.745,0.1461,0.0048,29.4103,1.75,0.0,0.0,29.2458,1.1857,10.0,0.0,10.0,0.0,0.0,0.0
static10,50,1K,h4,1024,52.0,150,10,126.8367,127.123,6.8339,139.612,0.0648,0.0644,0.0035,0.0706,63.6536,64.085,4.8936,72.1203,0.0,0.0,0.0,0.0,62.6183,62.4725,4.1168,69.7077,10.0,10.0,0.0,10.0,10.0,10.0,0.0,10.0,0.0,0,127.2295,3.3273,0.0644,0.0018,63.7716,2.1137,0.0,0.0,62.5495,2.0606,10.0,0.0,10.0,0.0,0.0,0.0
statichigh,50,1K,h2,1024,6.0,150,10,13.4436,13.2885,0.4301,14.2732,0.61,0.6165,0.019,0.6314,6.843,6.7115,0.3966,7.6216,0.0,0.0,0.0,0.0,6.4471,6.4345,0.1513,6.7028,24.0,24.0,0.0,24.0,24.0,24.0,0.0,24.0,0.0,0,13.2878,0.0915,0.6165,0.0042,6.7144,0.0614,0.0,0.0,6.4261,0.041,24.0,0.0,24.0,0.0,0.0,0.0
statichigh,50,1K,h3,1024,22.0,150,10,56.5238,56.524,3.0248,61.4584,0.1454,0.1449,0.008,0.1597,29.7834,29.664,2.4066,33.1697,0.0,0.0,0.0,0.0,29.1862,29.629,1.7714,31.4357,24.0,24.0,0.0,24.0,24.0,24.0,0.0,24.0,0.0,0,56.5203,0.5494,0.145,0.0014,29.7639,0.6754,0.0,0.0,29.5701,0.5351,24.0,0.0,24.0,0.0,0.0,0.0
statichigh,50,1K,h4,1024,52.0,150,10,128.6709,128.378,6.5679,139.6581,0.0638,0.0638,0.0033,0.0691,64.6211,64.6155,5.1503,72.6014,0.0,0.0,0.0,0.0,63.1555,62.959,3.8933,69.7656,24.0,24.0,0.0,24.0,24.0,24.0,0.0,24.0,0.0,0,128.1047,1.7251,0.064,0.0009,64.9984,1.5019,0.0,0.0,62.9452,1.2159,24.0,0.0,24.0,0.0,0.0,0.0
ewma,50,1M,h2,1048576,6.0,150,10,190.2437,189.881,1.4335,193.9453,44.0965,44.1782,0.3253,44.3611,183.6279,183.263,1.395,187.4559,16.84,17.0,5.0021,21.0,8.7269,8.724,0.1294,8.9551,45.7467,48.0,9.6156,49.0,48.3,48.5,0.7836,49.0,93.333,0,189.8839,0.1608,44.1776,0.0374,183.2682,0.1759,18.5,1.9579,8.7153,0.0483,48.3,0.8233,48.3,0.8233,93.333,0.0
ewma,50,1M,h3,1048576,22.0,150,10,271.3609,272.072,16.195,303.1183,31.0199,30.8323,1.8067,33.6609,244.5561,244.9325,16.3167,275.9184,16.9733,18.0,10.7185,33.0,23.9968,24.24,0.6453,24.6848,142.0067,150.0,36.8342,168.0,158.7133,158.0,14.9609,183.0,93.333,0,272.5682,2.3608,30.7782,0.2654,245.2854,1.6443,15.5,6.77,24.108,0.4386,150.5,7.7496,156.7,10.0117,93.333,0.0
ewma,50,1M,h4,1048576,52.0,150,10,454.5045,440.7285,97.4832,531.9362,18.8086,19.0335,1.7606,20.2205,388.1705,376.248,97.393,462.7469,19.6533,26.0,14.3077,35.0,53.5927,53.304,0.9688,54.5516,223.92,245.0,62.9772,245.0,324.9,356.0,51.0494,359.65,74.0,0,440.5355,4.8332,19.0439,0.2091,376.0254,4.8699,24.3,6.0928,53.5348,0.4062,245.0,0.0,349.8,12.8478,74.0,5.837
lossaware,50,1M,h2,1048576,6.0,150,10,189.9108,189.756,1.7837,194.617,44.1751,44.2073,0.4086,44.609,183.3027,183.243,1.7366,187.8931,2.0267,0.0,4.6095,17.0,8.6204,8.63,0.1776,8.8906,26.5467,26.0,9.4929,48.0,47.4667,48.0,2.5453,51.0,29.333,378,189.7236,0.3498,44.215,0.0816,183.1676,0.3875,0.0,0.0,8.6389,0.0514,25.7,0.8233,48.0,0.4714,29.333,4.661
lossaware,50,1M,h3,1048576,22.0,150,10,265.0886,259.955,15.1555,299.8912,31.7402,32.2695,1.6868,33.4461,238.0606,231.7415,15.2219,274.0587,3.4733,2.0,5.5511,16.55,24.3284,24.271,0.3284,24.8435,44.1933,38.5,29.7129,132.0,137.74,144.0,16.6061,165.1,53.333,650,259.9387,1.4468,32.2724,0.1794,232.55,1.6842,1.4,0.9661,24.3131,0.089,37.5,6.6374,144.0,1.2472,53.333,5.443
lossaware,50,1M,h4,1048576,52.0,150,10,484.268,453.4045,95.2617,604.5904,17.7418,18.5014,2.2286,20.0644,418.0559,387.57,95.0141,541.9611,7.5933,4.0,9.6106,30.4,53.8927,53.96,0.7303,54.6763,71.64,42.0,67.0728,245.0,291.7133,321.0,64.1572,356.0,60.667,696,455.5016,6.5577,18.4196,0.2641,388.3357,5.6572,5.1,3.755,53.9364,0.3116,54.5,23.8106,313.4,12.6684,60.667,7.981
lossaware-disc,50,1M,h2,1048576,6.0,150,10,189.7652,189.7035,1.5295,193.8134,44.208,44.2196,0.3524,44.6062,183.1572,182.9345,1.5147,187.3257,2.1133,0.0,4.7055,17.0,8.6143,8.6435,0.1648,8.8296,27.2467,26.5,9.2199,47.55,47.5267,48.0,2.5056,51.0,30.667,340,189.6241,0.4814,44.2383,0.1124,183.0508,0.4891,0.0,0.0,8.6397,0.0164,27.1,1.8529,47.9,0.3162,30.667,5.622
lossaware-disc,50,1M,h3,1048576,22.0,150,10,257.9404,256.14,11.9111,297.1245,32.5826,32.7501,1.3342,33.717,231.242,230.366,11.6463,270.1262,5.2333,3.0,5.5977,14.0,24.1599,24.104,0.1725,24.6806,66.9333,66.0,22.4304,131.55,149.3733,149.0,6.9654,159.65,93.333,140,255.9679,1.5683,32.7732,0.2024,229.4583,1.929,3.3,2.7508,24.117,0.0628,66.3,0.483,148.9,1.912,93.333,0.0
lossaware-disc,50,1M,h4,1048576,52.0,150,10,456.3395,447.421,83.1518,511.9934,18.6552,18.7488,1.6185,20.3648,390.716,381.5365,82.7862,451.7957,9.3933,7.0,10.8695,34.0,53.6578,53.5235,0.723,54.5288,159.8533,172.0,60.9598,245.0,301.5467,328.5,57.224,357.0,62.667,113,447.8661,2.6573,18.7308,0.1106,381.856,2.7221,7.9,4.6296,53.4969,0.1828,169.2,45.7112,326.0,9.5801,62.667,9.532
metrics,50,1M,h2,1048576,6.0,150,10,194.5734,194.3805,0.7329,195.9857,43.1134,43.1556,0.1619,43.3072,187.9543,187.8195,0.6678,189.2798,0.0,0.0,0.0,0.0,8.5729,8.5855,0.0662,8.6621,10.0,10.0,0.0,10.0,48.0467,48.0,0.6689,49.0,0.0,0,194.4812,0.2638,43.1333,0.0586,187.859,0.1747,0.0,0.0,8.5893,0.0233,10.0,0.0,48.0,0.0,0.0,0.0
metrics,50,1M,h3,1048576,22.0,150,10,302.517,299.3805,29.4802,304.3883,27.892,28.0199,1.693,29.2878,275.8599,273.5755,29.4653,276.3045,0.02,0.0,0.1821,0.0,24.6481,24.7035,0.3612,24.8122,10.0,10.0,0.0,10.0,130.4467,132.0,9.6943,132.0,1.333,0,298.727,4.4759,28.0871,0.4353,272.6133,4.0217,0.0,0.0,24.7038,0.0076,10.0,0.0,132.0,0.0,1.333,2.811
metrics,50,1M,h4,1048576,52.0,150,10,600.2026,534.464,187.2929,1081.493,14.8022,15.6954,2.7099,16.8626,535.5014,468.591,187.0697,1016.4756,0.1267,0.0,1.5513,0.0,54.4984,54.5195,0.7951,54.5781,10.0,10.0,0.0,10.0,245.98,275.0,70.1735,276.0,0.667,0,532.9737,13.3773,15.7487,0.4165,467.8169,11.0371,0.0,0.0,54.5147,0.0333,10.0,0.0,274.5,0.527,0.667,2.108
static10,50,1M,h2,1048576,6.0,150,10,194.5787,194.484,0.7281,195.9885,43.1123,43.1326,0.1607,43.3061,187.9558,187.833,0.6977,189.2964,0.0,0.0,0.0,0.0,8.5798,8.586,0.0746,8.7315,10.0,10.0,0.0,10.0,47.9933,48.0,0.6903,49.0,0.0,0,194.4253,0.2074,43.1457,0.0461,187.8193,0.1535,0.0,0.0,8.5836,0.0283,10.0,0.0,48.0,0.0,0.0,0.0
static10,50,1M,h3,1048576,22.0,150,10,315.3938,299.7485,58.9359,503.2634,27.2127,27.9855,3.3237,29.4018,288.9681,272.8585,59.0049,478.2977,0.0133,0.0,0.1151,0.0,24.5056,24.6935,0.5626,24.734,10.0,10.0,0.0,10.0,125.96,132.0,19.4636,132.0,1.333,0,298.6155,4.603,28.0979,0.45,272.2499,3.9524,0.0,0.0,24.6872,0.0345,10.0,0.0,132.0,0.0,1.333,4.216
static10,50,1M,h4,1048576,52.0,150,10,615.2779,534.4355,199.9022,1162.2105,14.563,15.6962,2.9232,16.7124,550.7482,467.9025,199.2491,1101.6609,1.0267,0.0,8.802,0.0,54.5435,54.5125,0.8211,55.6448,10.0,10.0,0.0,10.0,241.1,274.0,76.9119,276.0,4.667,0,531.7078,11.959,15.7841,0.3655,468.2202,9.9651,0.0,0.0,54.504,0.0346,10.0,0.0,274.4,0.6992,4.667,5.488
statichigh,50,1M,h2,1048576,6.0,150,10,189.0229,188.966,0.2882,189.623,44.3789,44.3922,0.0676,44.4691,182.4101,182.387,0.2417,182.791,0.0,0.0,0.0,0.0,8.6634,8.644,0.0781,8.8705,24.0,24.0,0.0,24.0,48.0133,48.0,0.6552,49.0,0.0,0,188.9864,0.0706,44.3874,0.0166,182.3755,0.0576,0.0,0.0,8.6434,0.009,24.0,0.0,48.0,0.0,0.0,0.0
statichigh,50,1M,h3,1048576,22.0,150,10,264.6215,265.0675,3.1544,268.603,31.7049,31.6471,0.3819,32.4495,238.0626,239.114,2.5563,240.6043,6.5133,7.0,3.7804,12.0,24.1984,24.202,0.1905,24.6975,24.0,24.0,0.0,24.0,145.48,147.0,1.9307,147.0,93.333,0,265.1062,1.1591,31.643,0.1384,238.8801,0.8785,6.2,1.0328,24.2024,0.0386,24.0,0.0,146.2,1.3166,93.333,4.444
statichigh,50,1M,h4,1048576,52.0,150,10,465.8335,461.068,27.0229,546.852,18.0591,18.1939,0.8939,18.935,400.5133,396.133,27.222,483.3361,1.08,0.0,1.2398,4.0,54.033,54.1575,0.7755,54.835,24.0,24.0,0.0,24.0,288.5133,296.5,40.6076,308.0,47.333,0,461.124,3.9686,18.1929,0.1565,395.9026,2.4409,0.8,1.0328,54.1747,0.2388,24.0,0.0,297.2,3.5528,47.333,13.499
ewma,50,200K,h2,204800,6.0,150,10,49.7418,49.486,1.1254,52.8362,32.9539,33.1084,0.7038,33.5563,43.1441,42.884,1.1055,46.2372,8.0867,9.0,2.2612,9.0,8.2013,8.182,0.1208,8.4238,38.28,40.0,7.5965,41.0,40.34,40.0,0.5159,41.0,93.333,0,49.4736,0.1189,33.1168,0.0795,42.8861,0.1114,8.9,0.3162,8.187,0.0253,40.3,0.483,40.3,0.483,93.333,0.0
ewma,50,200K,h3,204800,22.0,150,10,138.6934,135.8495,18.1149,173.6283,12.006,12.0604,1.5044,14.4802,111.9908,109.4095,18.7285,148.2313,3.0733,3.0,2.0336,6.0,25.4213,25.4395,0.9635,27.3291,129.42,139.0,32.1799,141.0,146.88,150.0,7.8192,156.0,85.333,0,136.128,1.6834,12.0374,0.1475,109.5417,1.6331,2.9,0.5676,25.3446,0.3918,139.2,0.9189,149.8,3.5839,85.333,6.885
ewma,50,200K,h4,204800,52.0,150,10,264.5379,256.9635,36.9498,321.0916,6.2735,6.376,0.5859,6.7644,200.8663,194.0285,36.7072,258.4186,0.0,0.0,0.0,0.0,55.0935,54.371,2.263,59.7869,105.9467,108.0,38.1672,142.0,122.0733,118.5,22.7906,142.0,0.0,0,256.6474,2.0947,6.3842,0.0519,193.3286,1.9803,0.0,0.0,54.264,0.4789,118.0,20.7632,122.5,16.8276,0.0,0.0
lossaware,50,200K,h2,204800,6.0,150,10,48.8372,48.809,1.6961,53.2165,33.5864,33.5676,1.1084,34.8557,42.2479,42.233,1.6503,46.427,1.34,0.0,2.585,7.55,8.2903,8.3565,0.2781,8.6756,25.84,26.0,8.2577,40.0,43.5667,43.5,4.861,50.55,26.667,329,48.777,0.3034,33.5908,0.2096,42.2218,0.3291,0.0,0.0,8.361,0.0627,26.0,1.4142,43.2,1.4757,26.667,0.0
lossaware,50,200K,h3,204800,22.0,150,10,128.286,116.4185,28.3078,184.6555,13.224,14.0734,2.1113,15.2717,101.3027,89.605,28.0699,156.2588,0.4067,0.0,0.8035,2.0,25.4205,25.4695,0.4846,26.2948,86.86,92.5,32.5042,130.0,144.1,146.0,11.4316,150.0,22.667,261,116.5041,1.0871,14.0641,0.1315,89.2847,0.8466,0.0,0.0,25.4519,0.1072,92.4,12.9803,146.3,0.6749,22.667,3.443
lossaware,50,200K,h4,204800,52.0,150,10,263.1414,256.8185,29.6015,322.8285,6.2829,6.3796,0.5142,6.7582,199.4375,193.537,29.0734,259.3197,0.0,0.0,0.0,0.0,55.4707,54.533,2.5441,61.8711,114.8133,114.0,36.0414,142.0,126.9067,139.0,19.1348,142.0,0.0,0,257.3178,1.8691,6.3675,0.0462,193.7025,0.8124,0.0,0.0,54.529,0.5334,125.6,17.5132,126.6,16.3245,0.0,0.0
lossaware-disc,50,200K,h2,204800,6.0,150,10,48.6148,48.421,1.5993,53.0602,33.7361,33.8366,1.0553,34.8708,41.9962,41.742,1.5712,46.2869,1.3267,0.0,2.5104,7.55,8.238,8.3005,0.2957,8.5985,26.5133,28.0,7.9662,40.0,44.1067,44.0,4.7475,50.55,34.667,286,48.2902,0.442,33.9308,0.3123,41.6815,0.4653,0.0,0.0,8.2958,0.0873,27.8,1.6865,44.7,1.567,34.667,6.126
lossaware-disc,50,200K,h3,204800,22.0,150,10,131.4202,116.6485,36.5897,221.5353,13.0882,14.0456,2.3588,15.318,104.7012,89.86,36.2767,194.3891,0.44,0.0,0.8393,2.0,25.4468,25.445,0.4668,26.2287,86.5467,93.0,30.4295,128.55,144.76,146.0,10.8712,151.1,23.333,231,116.6447,1.0338,14.0471,0.1246,89.6546,0.7103,0.0,0.0,25.4608,0.0663,91.6,5.7194,146.8,1.0328,23.333,5.666
lossaware-disc,50,200K,h4,204800,52.0,150,10,264.4648,257.4045,32.0881,332.2583,6.2589,6.3651,0.538,6.7644,200.2098,192.2675,31.935,264.9353,0.0,0.0,0.0,0.0,55.2199,54.4815,2.1586,59.6474,114.6133,142.0,39.0424,142.0,128.5533,142.0,21.5053,142.0,0.0,0,257.275,2.3388,6.3688,0.0574,192.3619,1.8514,0.0,0.0,54.5576,0.9515,125.4,21.5056,128.8,17.0476,0.0,0.0
metrics,50,200K,h2,204800,6.0,150,10,53.4917,53.3505,0.7557,54.8984,30.6351,30.7101,0.4283,31.171,46.8858,46.742,0.7173,48.3037,0.0,0.0,0.0,0.0,8.2004,8.195,0.0588,8.2952,10.0,10.0,0.0,10.0,40.2,40.0,0.602,41.0,0.0,0,53.3397,0.3146,30.7173,0.1811,46.7439,0.308,0.0,0.0,8.1975,0.0261,10.0,0.0,40.0,0.0,0.0,0.0
metrics,50,200K,h3,204800,22.0,150,10,154.3851,153.6695,9.6253,161.5643,10.6482,10.6618,0.5817,11.4845,127.4959,126.1835,9.4842,134.1201,0.0,0.0,0.0,0.0,24.4209,24.503,0.369,24.7862,10.0,10.0,0.0,10.0,125.8667,130.0,18.8998,131.0,0.0,0,153.3134,4.2054,10.6942,0.3088,126.4848,3.2965,0.0,0.0,24.4749,0.0993,10.0,0.0,129.6,0.5164,0.0,0.0
metrics,50,200K,h4,204800,52.0,150,10,355.2945,338.262,43.348,439.5477,4.6738,4.8436,0.5178,5.3059,292.3193,273.3905,43.4718,378.1264,0.0,0.0,0.0,0.0,54.7831,53.2915,2.9072,61.3294,10.0,10.0,0.0,10.0,118.26,153.0,50.4621,153.0,0.0,0,343.5772,17.425,4.7798,0.2455,278.6032,17.3089,0.0,0.0,53.5143,0.5196,10.0,0.0,143.0,17.8326,0.0,0.0
static10,50,200K,h2,204800,6.0,150,10,53.3547,53.159,0.7368,54.7711,30.7135,30.8207,0.4196,31.2092,46.7619,46.5995,0.6802,48.0922,0.0,0.0,0.0,0.0,8.2006,8.2005,0.0578,8.3018,10.0,10.0,0.0,10.0,40.2467,40.0,0.6547,41.55,0.0,0,53.1618,0.1914,30.8195,0.111,46.6023,0.1957,0.0,0.0,8.1978,0.0238,10.0,0.0,40.0,0.0,0.0,0.0
static10,50,200K,h3,204800,22.0,150,10,153.843,152.9265,10.9512,177.4819,10.696,10.7136,0.6577,11.5735,127.2147,126.28,10.4325,149.6824,0.0,0.0,0.0,0.0,24.4372,24.53,0.365,24.7703,10.0,10.0,0.0,10.0,125.1133,130.0,22.0114,131.0,0.0,0,152.0934,3.8677,10.779,0.2896,125.7301,3.0297,0.0,0.0,24.5242,0.0564,10.0,0.0,129.8,0.4216,0.0,0.0
static10,50,200K,h4,204800,52.0,150,10,354.5084,345.3025,37.9132,434.508,4.6707,4.7448,0.4658,5.3082,291.1215,278.1185,37.2924,371.0012,0.0,0.0,0.0,0.0,55.1823,53.317,2.9429,62.0352,10.0,10.0,0.0,10.0,114.22,153.0,48.239,153.0,0.0,0,350.1457,20.1503,4.6938,0.2817,285.8621,19.4168,0.0,0.0,53.9881,1.2888,10.0,0.0,129.4,32.5686,0.0,0.0
statichigh,50,200K,h2,204800,6.0,150,10,48.2412,47.88,4.0331,48.4416,34.081,34.2189,1.4282,34.4561,41.6412,41.293,3.9177,41.6778,0.0,0.0,0.0,0.0,8.5107,8.4665,0.1381,8.7422,24.0,24.0,0.0,24.0,45.08,44.0,1.7931,47.0,0.0,0,47.894,0.0673,34.2089,0.0481,41.2957,0.03,0.0,0.0,8.4787,0.0305,24.0,0.0,44.7,0.9487,0.0,0.0
statichigh,50,200K,h3,204800,22.0,150,10,123.3952,123.5235,3.3477,127.8585,13.2876,13.2639,0.3672,13.953,96.5084,96.924,2.694,99.4914,0.0,0.0,0.0,0.0,24.8123,24.818,0.0622,24.902,24.0,24.0,0.0,24.0,144.0733,145.0,2.0104,147.0,0.0,0,123.5373,1.0731,13.2633,0.1155,96.841,1.0387,0.0,0.0,24.82,0.0194,24.0,0.0,145.0,0.0,0.0,0.0
statichigh,50,200K,h4,204800,52.0,150,10,266.7545,265.8535,9.8188,280.3106,6.1501,6.1628,0.222,6.5333,202.5981,202.432,9.3691,214.7832,0.0,0.0,0.0,0.0,53.63,53.6125,0.2653,53.6816,24.0,24.0,0.0,24.0,161.4133,167.0,17.418,167.0,0.0,0,266.8986,3.6811,6.1397,0.0851,202.4929,2.3858,0.0,0.0,53.6123,0.0046,24.0,0.0,167.0,0.0,0.0,0.0
ewma,50,30K,h2,30720,6.0,150,10,18.4024,18.108,1.1244,22.3381,13.3963,13.5719,0.6847,13.8615,11.8228,11.5565,1.0944,15.5949,0.0,0.0,0.0,0.0,8.0809,8.128,0.236,8.2343,21.2,22.0,3.0034,22.0,38.1,38.0,1.505,40.0,0.0,0,18.1254,0.0863,13.5591,0.0642,11.5524,0.0654,0.0,0.0,8.1312,0.0206,22.0,0.0,38.1,0.3162,0.0,0.0
ewma,50,30K,h3,30720,22.0,150,10,60.3709,59.34,6.8056,82.9267,4.1113,4.1416,0.366,4.4734,33.5473,32.526,6.7682,55.7822,0.0,0.0,0.0,0.0,24.775,24.1785,1.2181,26.5491,21.2,22.0,3.0034,22.0,44.2,45.0,3.0034,45.0,0.0,0,59.0847,1.0897,4.1607,0.0775,32.5377,0.098,0.0,0.0,24.4358,0.8116,22.0,0.0,45.0,0.0,0.0,0.0
ewma,50,30K,h4,30720,52.0,150,10,134.021,130.1405,17.5663,189.4066,1.8575,1.8884,0.1853,2.091,69.7544,66.604,16.4417,121.9181,0.0,0.0,0.0,0.0,61.0446,61.267,4.3337,67.3155,21.2,22.0,3.0034,22.0,44.2,45.0,3.0034,45.0,0.0,0,130.7249,2.2924,1.8805,0.0328,66.3621,1.7952,0.0,0.0,60.9046,1.3478,22.0,0.0,45.0,0.0,0.0,0.0
lossaware,50,30K,h2,30720,6.0,150,10,18.4741,18.165,1.1894,22.2682,13.3486,13.5293,0.7153,13.8171,11.8782,11.561,1.1576,15.7688,0.0,0.0,0.0,0.0,8.0893,8.141,0.2445,8.252,21.2,22.0,3.0034,22.0,38.1533,38.0,1.5227,40.0,0.0,0,18.1805,0.0706,13.518,0.0524,11.5709,0.0432,0.0,0.0,8.1395,0.0188,22.0,0.0,38.1,0.3162,0.0,0.0
lossaware,50,30K,h3,30720,22.0,150,10,60.742,59.6875,7.0702,83.2523,4.0878,4.1174,0.3656,4.4694,33.9028,32.7275,6.9976,56.4625,0.0,0.0,0.0,0.0,24.8714,24.305,1.3042,26.9659,21.2,22.0,3.0034,22.0,44.2,45.0,3.0034,45.0,0.0,0,59.6346,0.8266,4.1218,0.0567,32.7305,0.1276,0.0,0.0,24.4471,0.7829,22.0,0.0,45.0,0.0,0.0,0.0
lossaware,50,30K,h4,30720,52.0,150,10,133.7218,129.885,16.6684,185.0084,1.8593,1.8921,0.1755,2.0277,69.5701,66.4035,15.8749,121.5219,0.0,0.0,0.0,0.0,60.6058,61.1435,3.811,66.3761,21.2,22.0,3.0034,22.0,44.2,45.0,3.0034,45.0,0.0,0,129.7441,1.5335,1.8944,0.0225,66.1565,1.9968,0.0,0.0,61.2283,0.8194,22.0,0.0,45.0,0.0,0.0,0.0
lossaware-disc,50,30K,h2,30720,6.0,150,10,18.4838,18.1915,1.2375,22.3234,13.3446,13.5096,0.7333,13.8227,11.8543,11.557,1.2076,15.7677,0.0,0.0,0.0,0.0,8.0952,8.136,0.2279,8.2621,21.2,22.0,3.0034,22.0,38.1667,38.0,1.5257,40.0,0.0,0,18.1913,0.0156,13.5098,0.0116,11.5379,0.0532,0.0,0.0,8.13,0.0226,22.0,0.0,38.4,0.5164,0.0,0.0
lossaware-disc,50,30K,h3,30720,22.0,150,10,60.8489,59.3175,7.2693,82.9275,4.0825,4.1431,0.3719,4.4468,33.6574,32.5785,7.0622,55.7898,0.0,0.0,0.0,0.0,24.6022,23.9515,1.1861,26.7802,21.2,22.0,3.0034,22.0,44.2,45.0,3.0034,45.0,0.0,0,59.5457,1.1623,4.1287,0.081,32.5156,0.3438,0.0,0.0,24.0682,0.2325,22.0,0.0,45.0,0.0,0.0,0.0
lossaware-disc,50,30K,h4,30720,52.0,150,10,133.0096,129.7085,16.6236,185.7988,1.8698,1.8947,0.1803,2.0709,69.398,65.617,16.3251,123.725,0.0,0.0,0.0,0.0,60.0447,60.4525,3.9516,66.3542,21.2,22.0,3.0034,22.0,44.1,45.0,3.4305,45.0,0.0,0,129.9967,2.5634,1.8912,0.0376,65.5134,1.7898,0.0,0.0,60.4911,1.1899,22.0,0.0,45.0,0.0,0.0,0.0
metrics,50,30K,h2,30720,6.0,150,10,22.6321,22.46,0.606,23.9097,10.8663,10.9421,0.2791,11.1781,16.0286,15.845,0.5655,17.3029,0.0,0.0,0.0,0.0,7.272,7.244,0.12,7.5174,10.0,10.0,0.0,10.0,33.0,33.0,0.0,33.0,0.0,0,22.4462,0.1803,10.9495,0.0885,15.8178,0.1079,0.0,0.0,7.2475,0.048,10.0,0.0,33.0,0.0,0.0,0.0
metrics,50,30K,h3,30720,22.0,150,10,85.5455,85.9865,4.1299,91.5262,2.8797,2.8581,0.1435,3.1844,58.6863,58.87,3.6345,64.2075,0.0,0.0,0.0,0.0,25.9466,26.409,1.3964,27.6805,10.0,10.0,0.0,10.0,33.0,33.0,0.0,33.0,0.0,0,85.8023,2.9056,2.8674,0.1039,58.7467,2.1179,0.0,0.0,26.1008,0.9121,10.0,0.0,33.0,0.0,0.0,0.0
metrics,50,30K,h4,30720,52.0,150,10,190.647,191.368,8.1511,203.0283,1.2915,1.2842,0.0564,1.4039,127.7321,128.151,6.9277,138.4818,0.0,0.0,0.0,0.0,61.5282,61.9465,3.5959,66.9383,10.0,10.0,0.0,10.0,32.6,33.0,1.361,33.0,0.0,0,190.9656,5.9794,1.2881,0.0431,128.077,4.5232,0.0,0.0,61.9443,1.5654,10.0,0.0,33.0,0.0,0.0,0.0
static10,50,30K,h2,30720,6.0,150,10,22.7525,22.6055,0.637,24.1273,10.8096,10.8717,0.2938,11.1491,16.1762,15.964,0.6096,17.5154,0.0,0.0,0.0,0.0,7.3006,7.29,0.128,7.5557,10.0,10.0,0.0,10.0,33.0,33.0,0.0,33.0,0.0,0,22.5939,0.1456,10.8777,0.0711,15.9503,0.0887,0.0,0.0,7.2918,0.0688,10.0,0.0,33.0,0.0,0.0,0.0
static10,50,30K,h3,30720,22.0,150,10,85.6747,86.226,4.544,92.7027,2.8768,2.8502,0.1571,3.202,58.7268,59.1275,3.7533,64.4511,0.0,0.0,0.0,0.0,25.899,26.1935,1.374,27.694,10.0,10.0,0.0,10.0,33.0,33.0,0.0,33.0,0.0,0,85.8966,2.8351,2.8641,0.1014,58.7298,2.1969,0.0,0.0,26.0716,0.9085,10.0,0.0,33.0,0.0,0.0,0.0
static10,50,30K,h4,30720,52.0,150,10,190.7573,190.7015,8.3187,202.6381,1.2908,1.2887,0.057,1.3836,127.5684,127.8105,6.995,138.6641,0.0,0.0,0.0,0.0,61.3491,61.7035,3.5938,66.367,10.0,10.0,0.0,10.0,32.7333,33.0,1.1273,33.0,0.0,0,191.096,4.8366,1.2868,0.0337,127.4968,3.4691,0.0,0.0,61.8722,1.6452,10.0,0.0,33.0,0.0,0.0,0.0
statichigh,50,30K,h2,30720,6.0,150,10,18.1629,18.1415,0.2305,18.5244,13.533,13.5468,0.169,13.76,11.5431,11.525,0.1995,11.8592,0.0,0.0,0.0,0.0,8.5723,8.575,0.1299,8.7759,24.0,24.0,0.0,24.0,40.5067,40.0,0.5879,41.0,0.0,0,18.134,0.0701,13.5526,0.0524,11.5304,0.0557,0.0,0.0,8.5739,0.0122,24.0,0.0,40.5,0.527,0.0,0.0
statichigh,50,30K,h3,30720,22.0,150,10,58.9103,59.263,2.2593,61.9235,4.1781,4.1469,0.1652,4.4762,31.7965,32.506,1.6008,33.245,0.0,0.0,0.0,0.0,24.6225,23.933,1.2271,26.5461,24.0,24.0,0.0,24.0,46.9,47.0,0.301,47.0,0.0,0,59.1027,0.896,4.159,0.0631,32.462,0.1123,0.0,0.0,24.0986,0.5222,24.0,0.0,47.0,0.0,0.0,0.0
statichigh,50,30K,h4,30720,52.0,150,10,128.9215,128.755,5.5665,138.2756,1.9098,1.9087,0.0823,2.0404,65.3598,65.1075,3.7849,72.0094,0.0,0.0,0.0,0.0,59.8178,60.069,4.0396,66.7497,24.0,24.0,0.0,24.0,46.88,47.0,0.3261,47.0,0.0,0,128.8148,1.7674,1.9082,0.0262,65.4797,1.43,0.0,0.0,60.0318,0.7066,24.0,0.0,47.0,0.0,0.0,0.0
ewma,100,10K,h2,10240,6.0,150,10,13.9371,13.9075,0.2644,14.388,5.8799,5.8903,0.1083,6.0421,7.3383,7.293,0.21,7.6656,0.0,0.0,0.0,0.0,6.54,6.478,0.202,6.9509,10.0,10.0,0.0,10.0,18.0067,18.0,0.0816,18.0,0.0,0,13.9027,0.0522,5.8925,0.0222,7.2953,0.0416,0.0,0.0,6.4694,0.0329,10.0,0.0,18.0,0.0,0.0,0.0
ewma,100,10K,h3,10240,22.0,150,10,56.7257,57.2175,2.9124,61.1254,1.448,1.4317,0.0763,1.5773,29.7506,29.4935,2.4803,33.2381,0.0,0.0,0.0,0.0,26.589,26.446,1.4798,28.8939,10.0,10.0,0.0,10.0,18.0067,18.0,0.0816,18.0,0.0,0,57.1383,0.607,1.4339,0.0152,29.5749,0.4455,0.0,0.0,26.4088,0.2629,10.0,0.0,18.0,0.0,0.0,0.0
ewma,100,10K,h4,10240,52.0,150,10,127.8,128.3755,6.6401,138.2987,0.6428,0.6381,0.0341,0.7043,63.6963,63.746,5.013,72.0592,0.0,0.0,0.0,0.0,61.8807,62.0945,3.6742,67.1268,10.0,10.0,0.0,10.0,18.0067,18.0,0.0816,18.0,0.0,0,128.1522,2.3113,0.6394,0.0114,64.1369,1.8668,0.0,0.0,62.1839,1.2479,10.0,0.0,18.0,0.0,0.0,0.0
lossaware,100,10K,h2,10240,6.0,150,10,14.1393,13.9265,2.2571,14.4915,5.8462,5.8823,0.3392,6.0415,7.5376,7.327,1.892,7.7976,0.0,0.0,0.0,0.0,6.5753,6.4645,0.4738,6.9815,10.0,10.0,0.0,10.0,18.0,18.0,0.0,18.0,0.0,0,13.9365,0.048,5.8782,0.0203,7.3388,0.061,0.0,0.0,6.4677,0.0457,10.0,0.0,18.0,0.0,0.0,0.0
lossaware,100,10K,h3,10240,22.0,150,10,56.5686,57.0005,3.0817,60.7754,1.4526,1.4372,0.083,1.6054,29.661,29.531,2.3321,33.1029,0.0,0.0,0.0,0.0,26.5063,26.366,1.454,28.7666,10.0,10.0,0.0,10.0,18.0133,18.0,0.1151,18.0,0.0,0,56.961,0.9558,1.4385,0.0242,29.5296,0.6871,0.0,0.0,26.4683,0.5823,10.0,0.0,18.0,0.0,0.0,0.0
lossaware,100,10K,h4,10240,52.0,150,10,127.6958,127.7095,6.188,137.9264,0.643,0.6415,0.0313,0.6997,63.9127,63.654,4.7922,71.8866,0.0,0.0,0.0,0.0,62.0966,62.361,3.2902,67.2366,10.0,10.0,0.0,10.0,18.02,18.0,0.1405,18.0,0.0,0,128.1996,1.9125,0.6391,0.0095,63.8552,1.4166,0.0,0.0,62.2268,0.854,10.0,0.0,18.0,0.0,0.0,0.0
lossaware-disc,100,10K,h2,10240,6.0,150,10,13.9774,13.9425,0.2751,14.4672,5.8631,5.8756,0.1138,6.0318,7.3711,7.33,0.2076,7.7368,0.0,0.0,0.0,0.0,6.5339,6.4705,0.184,6.9903,10.0,10.0,0.0,10.0,18.0,18.0,0.0,18.0,0.0,0,13.9741,0.0778,5.8624,0.0325,7.3074,0.0631,0.0,0.0,6.4739,0.0354,10.0,0.0,18.0,0.0,0.0,0.0
lossaware-disc,100,10K,h3,10240,22.0,150,10,56.757,56.989,3.2437,61.4147,1.4483,1.4375,0.087,1.6035,29.8813,29.814,2.3934,33.159,0.0,0.0,0.0,0.0,26.6173,26.538,1.5134,28.8517,10.0,10.0,0.0,10.0,18.0,18.0,0.0,18.0,0.0,0,57.0451,0.9595,1.4364,0.0243,30.3313,1.0362,0.0,0.0,26.8356,0.6158,10.0,0.0,18.0,0.0,0.0,0.0
lossaware-disc,100,10K,h4,10240,52.0,150,10,127.5996,127.5555,6.5217,137.4405,0.6437,0.6422,0.0334,0.6954,63.9836,64.162,4.5045,71.4266,0.0,0.0,0.0,0.0,61.8558,62.114,3.4627,66.9496,10.0,10.0,0.0,10.0,18.0067,18.0,0.0816,18.0,0.0,0,127.9732,1.4365,0.6402,0.0072,64.3821,1.0215,0.0,0.0,62.059,0.7299,10.0,0.0,18.0,0.0,0.0,0.0
metrics,100,10K,h2,10240,6.0,150,10,13.9375,13.927,0.3195,14.3462,5.8806,5.8821,0.1292,6.0417,7.3377,7.2785,0.2579,7.7319,0.0,0.0,0.0,0.0,6.5256,6.4625,0.1964,6.9797,10.0,10.0,0.0,10.0,18.0,18.0,0.0,18.0,0.0,0,13.9278,0.0383,5.8818,0.0162,7.269,0.0391,0.0,0.0,6.4681,0.0272,10.0,0.0,18.0,0.0,0.0,0.0
metrics,100,10K,h3,10240,22.0,150,10,56.4211,56.564,3.0417,61.0254,1.4562,1.4483,0.0794,1.5893,29.7541,29.585,2.3051,33.3505,0.0,0.0,0.0,0.0,26.577,26.377,1.4323,28.9919,10.0,10.0,0.0,10.0,18.0067,18.0,0.0816,18.0,0.0,0,56.559,0.5493,1.4485,0.0141,29.4855,0.6799,0.0,0.0,26.2973,0.5714,10.0,0.0,18.0,0.0,0.0,0.0
metrics,100,10K,h4,10240,52.0,150,10,128.5715,128.1795,6.2405,139.5413,0.6387,0.6391,0.0313,0.6923,64.6689,65.086,5.0571,72.6663,0.0,0.0,0.0,0.0,62.2966,62.437,3.5504,67.6367,10.0,10.0,0.0,10.0,18.0,18.0,0.0,18.0,0.0,0,128.4163,2.0724,0.6381,0.0104,64.8508,1.4217,0.0,0.0,62.4309,1.2922,10.0,0.0,18.0,0.0,0.0,0.0
static10,100,10K,h2,10240,6.0,150,10,13.9842,13.928,0.3286,14.6163,5.8612,5.8817,0.134,6.0464,7.3791,7.3015,0.2789,7.9132,0.0,0.0,0.0,0.0,6.5667,6.4575,0.2528,7.1319,10.0,10.0,0.0,10.0,18.0,18.0,0.0,18.0,0.0,0,13.919,0.067,5.8856,0.0285,7.3188,0.0809,0.0,0.0,6.4647,0.0345,10.0,0.0,18.0,0.0,0.0,0.0
static10,100,10K,h3,10240,22.0,150,10,56.6529,56.731,3.2805,61.5401,1.4509,1.444,0.0859,1.61,29.997,29.9415,2.4023,33.3136,0.0,0.0,0.0,0.0,26.6505,26.619,1.5861,28.9623,10.0,10.0,0.0,10.0,18.0,18.0,0.0,18.0,0.0,0,57.1266,1.2065,1.4346,0.0305,30.1408,0.8199,0.0,0.0,26.5979,0.7016,10.0,0.0,18.0,0.0,0.0,0.0
static10,100,10K,h4,10240,52.0,150,10,128.8798,129.2335,5.5997,137.225,0.6368,0.6339,0.0282,0.689,64.7838,64.52,4.4355,72.2528,0.0,0.0,0.0,0.0,62.5302,62.5765,3.1424,67.6004,10.0,10.0,0.0,10.0,18.0133,18.0,0.1151,18.0,0.0,0,129.3548,1.4434,0.6334,0.0071,64.3858,0.9339,0.0,0.0,62.6262,1.1558,10.0,0.0,18.0,0.0,0.0,0.0
statichigh,100,10K,h2,10240,6.0,150,10,13.9573,13.9365,0.308,14.5285,5.8721,5.8781,0.1257,6.0383,7.3697,7.298,0.2614,7.7966,0.0,0.0,0.0,0.0,6.6422,6.5675,0.2116,7.097,24.0,24.0,0.0,24.0,24.0,24.0,0.0,24.0,0.0,0,13.9121,0.0805,5.8886,0.0341,7.2959,0.0223,0.0,0.0,6.5606,0.0321,24.0,0.0,24.0,0.0,0.0,0.0
statichigh,100,10K,h3,10240,22.0,150,10,56.5714,56.766,3.1485,60.9037,1.4527,1.4431,0.0842,1.5983,29.9232,29.9205,2.4715,33.3107,0.0,0.0,0.0,0.0,26.6008,26.4265,1.5366,28.8232,24.0,24.0,0.0,24.0,24.0,24.0,0.0,24.0,0.0,0,56.6553,1.2373,1.4465,0.0312,29.7953,0.9698,0.0,0.0,26.3203,0.8198,24.0,0.0,24.0,0.0,0.0,0.0
statichigh,100,10K,h4,10240,52.0,150,10,128.0893,128.544,6.296,138.456,0.6411,0.6373,0.0319,0.6914,64.496,64.352,4.8234,72.6854,0.0,0.0,0.0,0.0,62.3735,62.4925,3.3069,67.7422,24.0,24.0,0.0,24.0,24.0,24.0,0.0,24.0,0.0,0,128.7233,1.7189,0.6365,0.0085,64.3375,1.5134,0.0,0.0,62.4498,0.8996,24.0,0.0,24.0,0.0,0.0,0.0
ewma,100,10M,h2,10485760,6.0,150,10,943.3852,944.4125,6.894,948.219,88.9249,88.8236,0.6421,89.924,936.7595,937.92,6.8692,941.5246,27.3733,29.0,5.32,34.0,6.9584,6.9605,0.1424,7.2036,67.38,71.0,15.3944,72.0,71.6,72.0,0.4915,72.0,100.0,0,944.3725,0.7697,88.8274,0.0724,937.7244,0.7767,28.3,1.1595,6.954,0.0345,71.5,0.527,71.6,0.5164,100.0,0.0
ewma,100,10M,h3,10485760,22.0,150,10,1329.3135,1300.3575,121.9476,1494.9852,63.5674,64.5101,5.182,72.1885,1302.5429,1271.7105,122.0192,1467.9283,20.2533,10.0,24.13,69.4,22.7669,22.693,0.2926,23.5327,160.5733,160.0,43.4235,207.0,171.4667,171.5,16.4446,207.0,100.0,0,1320.0795,83.2322,63.7777,4.0906,1293.6504,82.7599,15.7,14.1347,22.6792,0.0599,171.3,17.3976,171.4,17.2833,100.0,0.0
ewma,100,10M,h4,10485760,52.0,150,10,1592.8042,1553.7265,285.114,1838.29,53.6838,53.9903,6.0539,59.9271,1526.8199,1486.0245,285.5054,1770.715,15.3067,10.0,27.9491,40.95,52.8489,52.7925,0.3564,53.4209,387.3467,408.0,109.4876,463.0,415.9867,424.0,43.13,463.0,97.333,0,1551.0092,123.6168,54.3868,4.2186,1484.4936,122.2875,9.2,2.7406,52.7918,0.0849,412.9,47.7038,412.9,47.7038,97.333,3.443
lossaware,100,10M,h2,10485760,6.0,150,10,935.2995,934.1585,3.7783,942.557,89.6905,89.7986,0.3612,90.1136,928.6546,927.487,3.7794,935.7648,13.2867,13.0,2.2831,16.55,7.2671,7.2545,0.0864,7.4238,10.0,10.0,0.0,10.0,71.5933,72.0,0.5446,72.0,100.0,1200,934.0661,0.7937,89.8075,0.0763,927.4209,0.7997,13.2,0.6325,7.2532,0.0157,10.0,0.0,71.8,0.4216,100.0,0.0
lossaware,100,10M,h3,10485760,22.0,150,10,1284.8121,1191.4725,174.253,1677.5918,66.3219,70.4054,7.6896,73.4883,1257.9294,1164.1865,174.3087,1650.6602,77.36,91.0,32.5121,105.0,22.746,22.722,0.1833,22.9532,10.0,10.0,0.0,10.0,179.9133,176.0,14.778,209.0,100.0,1200,1209.1297,29.1045,69.4128,1.6398,1181.8241,29.1081,90.4,1.5776,22.7224,0.0315,10.0,0.0,176.0,0.0,100.0,0.0
lossaware,100,10M,h4,10485760,52.0,150,10,1804.3075,1653.136,446.027,2910.4481,48.5081,50.7436,8.5536,58.0328,1738.0046,1590.5725,446.9053,2840.221,91.5467,35.0,96.7373,265.1,53.4934,53.03,1.5268,57.09,74.8133,14.5,107.841,389.0,423.0933,458.0,62.771,483.55,83.333,1005,1641.8812,33.7072,51.1107,1.0427,1575.5865,33.8093,53.5,44.9895,53.0118,0.1228,35.8,35.7765,450.4,23.143,83.333,10.062
lossaware-disc,100,10M,h2,10485760,6.0,150,10,936.1439,933.8635,8.7778,942.9871,89.6155,89.8269,0.7891,90.1,929.4848,927.108,8.7897,936.3788,13.1533,13.0,2.3279,17.0,7.2676,7.257,0.0891,7.4352,10.0,10.0,0.0,10.0,71.5733,72.0,0.4962,72.0,100.0,0,934.0562,1.556,89.8086,0.1493,927.4194,1.4814,13.2,1.3166,7.2573,0.026,10.0,0.0,71.8,0.4216,100.0,0.0
lossaware-disc,100,10M,h3,10485760,22.0,150,10,1271.8956,1189.3075,181.9395,1683.793,67.0627,70.5336,7.8587,73.7689,1245.2596,1162.621,182.1263,1656.8632,80.6533,91.0,28.4584,105.55,22.7593,22.73,0.1983,22.974,10.0,10.0,0.0,10.0,178.6,176.0,14.2528,205.0,100.0,0,1197.289,27.684,70.0952,1.5323,1170.7622,28.8226,90.1,2.5582,22.7296,0.029,10.0,0.0,177.7,3.653,100.0,0.0
lossaware-disc,100,10M,h4,10485760,52.0,150,10,1754.7068,1608.6335,456.389,2786.9689,49.92,52.1474,8.538,59.1343,1688.1655,1547.2175,456.7347,2720.6443,86.2133,35.0,83.4875,226.55,53.2709,52.866,1.2878,54.9654,146.9667,195.0,104.6271,389.0,417.26,445.0,59.4237,481.55,90.667,161,1612.6878,74.3726,52.1149,2.3782,1547.5413,75.2389,43.2,32.2139,52.8944,0.2091,141.9,54.3884,418.1,30.3332,90.667,3.443
metrics,100,10M,h2,10485760,6.0,150,10,935.0781,933.7295,3.7188,942.1417,89.7116,89.8398,0.3556,90.1324,928.4318,927.0405,3.7215,935.5948,13.16,13.0,2.0953,16.0,7.2693,7.2535,0.0959,7.4561,10.0,10.0,0.0,10.0,71.6267,72.0,0.5252,72.0,100.0,0,933.7214,1.3001,89.8407,0.1248,927.0822,1.3282,13.1,0.7379,7.252,0.0302,10.0,0.0,71.9,0.3162,100.0,0.0
metrics,100,10M,h3,10485760,22.0,150,10,1268.2825,1190.1755,176.0641,1680.4808,67.1753,70.4821,7.5451,73.6485,1241.4966,1163.4995,175.9673,1652.4887,81.3133,91.0,27.0878,104.55,22.7546,22.7285,0.1667,22.9656,10.0,10.0,0.0,10.0,178.1467,176.0,13.5227,205.0,100.0,0,1197.0642,24.0411,70.1007,1.3411,1170.0485,24.324,89.5,3.504,22.7309,0.0306,10.0,0.0,176.0,0.0,100.0,0.0
metrics,100,10M,h4,10485760,52.0,150,10,2072.7385,1683.686,699.5573,3536.9335,43.7196,49.8232,10.2993,54.5776,2006.844,1617.5285,699.6856,3469.8765,101.9467,36.0,93.8806,230.0,53.5265,53.264,1.2909,55.5488,10.0,10.0,0.0,10.0,402.5733,408.0,72.2423,485.0,81.333,0,1879.0243,213.5419,45.1662,5.1174,1814.8137,213.3284,86.4,68.1097,53.2644,0.1724,10.0,0.0,416.3,29.0977,81.333,12.09
static10,100,10M,h2,10485760,6.0,150,10,935.5001,933.974,3.9775,942.8134,89.6714,89.8163,0.3799,90.0727,928.8472,927.3805,3.9911,936.1342,13.1467,13.0,2.0279,16.55,7.2571,7.2385,0.1014,7.4414,10.0,10.0,0.0,10.0,71.5467,72.0,0.4995,72.0,100.0,0,934.0397,1.0914,89.8101,0.1049,927.3462,1.0681,13.0,0.8165,7.2446,0.0211,10.0,0.0,71.8,0.4216,100.0,0.0
static10,100,10M,h3,10485760,22.0,150,10,1299.8041,1191.1095,213.3546,1685.8351,65.9745,70.4268,8.879,73.7017,1272.9879,1163.5395,213.3512,1659.6868,78.16,91.0,30.4999,105.0,22.7813,22.738,0.2571,23.265,10.0,10.0,0.0,10.0,178.7733,176.0,15.319,205.0,100.0,0,1201.1185,24.4442,69.8653,1.3823,1173.9278,23.6676,88.3,4.5717,22.7365,0.0508,10.0,0.0,176.9,2.846,100.0,0.0
static10,100,10M,h4,10485760,52.0,150,10,2052.5745,1719.8905,650.216,3506.7249,43.9561,48.7741,10.1855,54.6429,1986.7076,1653.8315,650.552,3440.0166,101.0133,47.0,93.5529,261.95,53.4743,53.1855,1.371,55.0108,10.0,10.0,0.0,10.0,395.4267,406.0,69.8518,482.55,78.667,0,1775.1437,111.842,47.4139,2.7918,1709.9666,111.7034,78.2,49.1275,53.1489,0.2307,10.0,0.0,403.3,25.1089,78.667,9.838
statichigh,100,10M,h2,10485760,6.0,150,10,920.8894,920.733,1.9491,924.8152,91.0929,91.1079,0.1926,91.351,914.2601,914.1115,1.9265,918.2213,16.4267,17.0,1.6883,19.0,7.5536,7.544,0.1003,7.7132,24.0,24.0,0.0,24.0,71.3733,71.0,0.4989,72.0,100.0,0,920.7895,0.6016,91.1024,0.0595,914.1552,0.5163,16.5,0.7071,7.5394,0.0386,24.0,0.0,71.4,0.5164,100.0,0.0
statichigh,100,10M,h3,10485760,22.0,150,10,1034.6461,1029.299,18.1346,1052.9795,81.0995,81.4983,1.291,82.2088,1007.8635,1001.615,17.9921,1025.7958,116.9533,124.0,12.4611,127.0,23.6318,23.868,0.5932,24.2675,24.0,24.0,0.0,24.0,203.02,206.0,4.6465,206.0,100.0,0,1029.3454,1.3205,81.4947,0.1045,1001.6413,1.4374,123.2,1.5492,23.7153,0.3193,24.0,0.0,205.9,0.3162,100.0,0.0
statichigh,100,10M,h4,10485760,52.0,150,10,1794.5935,1810.9635,270.7172,2175.2191,47.7023,46.3212,6.6287,58.4789,1728.5475,1745.7215,270.5459,2112.0918,90.1333,29.0,100.5884,272.85,53.563,53.3485,1.213,54.9519,24.0,24.0,0.0,24.0,434.24,463.5,62.58,479.55,80.0,0,1780.5951,126.6105,47.3451,3.663,1713.8137,126.5644,57.1,68.8919,53.353,0.2447,24.0,0.0,462.3,6.3779,80.0,14.055
ewma,100,1K,h2,1024,6.0,150,10,13.5287,13.324,0.7909,14.4636,0.6071,0.6148,0.0277,0.6353,6.8824,6.754,0.4194,7.7201,0.0,0.0,0.0,0.0,6.4571,6.4205,0.1781,6.7347,10.0,10.0,0.0,10.0,10.0,10.0,0.0,10.0,0.0,0,13.3951,0.2091,0.6117,0.0094,6.7988,0.1359,0.0,0.0,6.4418,0.0639,10.0,0.0,10.0,0.0,0.0,0.0
ewma,100,1K,h3,1024,22.0,150,10,56.3528,56.516,3.1324,61.2071,0.1458,0.145,0.0083,0.1615,29.691,29.5455,2.4904,33.1238,0.0,0.0,0.0,0.0,29.0821,29.0905,1.8637,31.5436,10.0,10.0,0.0,10.0,10.0,10.0,0.0,10.0,0.0,0,56.3494,0.5843,0.1454,0.0015,29.6079,0.6717,0.0,0.0,29.2819,0.6131,10.0,0.0,10.0,0.0,0.0,0.0
ewma,100,1K,h4,1024,52.0,150,10,128.3159,128.3865,5.8181,138.1688,0.064,0.0638,0.0029,0.0691,64.2387,64.132,4.503,72.6188,0.0,0.0,0.0,0.0,63.3302,63.132,3.5591,69.1101,10.0,10.0,0.0,10.0,10.0,10.0,0.0,10.0,0.0,0,128.4188,1.7183,0.0638,0.0008,64.1782,1.1515,0.0,0.0,63.2332,1.2435,10.0,0.0,10.0,0.0,0.0,0.0
lossaware,100,1K,h2,1024,6.0,150,10,13.5115,13.325,0.5918,14.5355,0.6073,0.6148,0.0242,0.6314,6.8897,6.7215,0.5424,7.816,0.0,0.0,0.0,0.0,6.4882,6.441,0.215,6.8237,10.0,10.0,0.0,10.0,10.0,10.0,0.0,10.0,0.0,0,13.3129,0.0875,0.6154,0.004,6.7185,0.0835,0.0,0.0,6.4344,0.0447,10.0,0.0,10.0,0.0,0.0,0.0
lossaware,100,1K,h3,1024,22.0,150,10,56.698,56.6855,3.1035,61.2694,0.1449,0.1445,0.0081,0.1583,29.6068,29.555,2.5355,33.2449,0.0,0.0,0.0,0.0,29.2648,29.5345,1.7194,31.5618,10.0,10.0,0.0,10.0,10.0,10.0,0.0,10.0,0.0,0,56.7681,0.8159,0.1443,0.0021,29.5231,1.0102,0.0,0.0,29.5136,0.7168,10.0,0.0,10.0,0.0,0.0,0.0
lossaware,100,1K,h4,1024,52.0,150,10,127.9106,128.251,6.311,137.2921,0.0642,0.0639,0.0032,0.07,63.7728,64.048,5.0034,72.2468,0.0,0.0,0.0,0.0,63.165,63.4515,3.9283,69.1516,10.0,10.0,0.0,10.0,10.0,10.0,0.0,10.0,0.0,0,127.7738,2.0062,0.0641,0.001,64.1678,1.3663,0.0,0.0,63.0921,1.4295,10.0,0.0,10.0,0.0,0.0,0.0
lossaware-disc,100,1K,h2,1024,6.0,150,10,13.5925,13.383,0.5661,14.7466,0.6037,0.6121,0.0241,0.6302,6.9812,6.798,0.4806,7.8831,0.0,0.0,0.0,0.0,6.506,6.441,0.2133,6.8778,10.0,10.0,0.0,10.0,10.0,10.0,0.0,10.0,0.0,0,13.3764,0.1441,0.6125,0.0066,6.7999,0.1482,0.0,0.0,6.4431,0.0546,10.0,0.0,10.0,0.0,0.0,0.0
lossaware-disc,100,1K,h3,1024,22.0,150,10,56.2558,56.593,3.2728,61.2977,0.1461,0.1448,0.0087,0.1608,29.5726,29.51,2.458,33.1336,0.0,0.0,0.0,0.0,29.1183,29.654,1.9299,31.4973,10.0,10.0,0.0,10.0,10.0,10.0,0.0,10.0,0.0,0,56.551,0.5618,0.1449,0.0014,29.4955,0.3283,0.0,0.0,29.5745,0.4916,10.0,0.0,10.0,0.0,0.0,0.0
lossaware-disc,100,1K,h4,1024,52.0,150,10,128.3252,127.67,6.3831,138.4252,0.064,0.0642,0.0032,0.0694,64.0235,63.574,5.1536,72.6644,0.0,0.0,0.0,0.0,63.6238,63.6815,3.8638,69.5155,10.0,10.0,0.0,10.0,10.0,10.0,0.0,10.0,0.0,0,128.3849,2.0332,0.0638,0.001,64.1386,2.0358,0.0,0.0,64.0514,0.9472,10.0,0.0,10.0,0.0,0.0,0.0
metrics,100,1K,h2,1024,6.0,150,10,13.504,13.3395,0.4749,14.4107,0.6074,0.6141,0.0206,0.6297,6.8999,6.732,0.4429,7.8514,0.0,0.0,0.0,0.0,6.4884,6.4465,0.1896,6.8485,10.0,10.0,0.0,10.0,10.0,10.0,0.0,10.0,0.0,0,13.345,0.1092,0.6139,0.005,6.7611,0.0901,0.0,0.0,6.4447,0.0444,10.0,0.0,10.0,0.0,0.0,0.0
metrics,100,1K,h3,1024,22.0,150,10,56.6155,56.657,2.8535,61.1608,0.1451,0.1446,0.0074,0.1596,29.7929,29.5715,2.5204,33.3581,0.0,0.0,0.0,0.0,29.3167,29.8425,1.6725,31.4921,10.0,10.0,0.0,10.0,10.0,10.0,0.0,10.0,0.0,0,56.7721,0.8976,0.1443,0.0023,29.843,1.0843,0.0,0.0,29.4183,0.9545,10.0,0.0,10.0,0.0,0.0,0.0
metrics,100,1K,h4,1024,52.0,150,10,127.346,127.1455,6.6713,137.387,0.0645,0.0644,0.0034,0.0707,64.0443,64.383,4.9988,71.6867,0.0,0.0,0.0,0.0,62.9741,63.043,3.9857,69.7831,10.0,10.0,0.0,10.0,10.0,10.0,0.0,10.0,0.0,0,127.4203,2.6583,0.0643,0.0014,63.7416,2.0669,0.0,0.0,62.8911,1.0405,10.0,0.0,10.0,0.0,0.0,0.0
static10,100,1K,h2,1024,6.0,150,10,13.5155,13.3225,0.5016,14.4537,0.6069,0.6149,0.0216,0.6316,6.9115,6.7505,0.4845,7.7725,0.0,0.0,0.0,0.0,6.5013,6.4515,0.2128,6.867,10.0,10.0,0.0,10.0,10.0,10.0,0.0,10.0,0.0,0,13.3439,0.105,0.6139,0.0048,6.7803,0.1171,0.0,0.0,6.4544,0.0462,10.0,0.0,10.0,0.0,0.0,0.0
static10,100,1K,h3,1024,22.0,150,10,56.9435,56.8905,3.1578,61.6577,0.1443,0.144,0.0081,0.1575,29.7755,29.8195,2.6254,33.29,0.0,0.0,0.0,0.0,29.454,29.7765,1.6909,31.5764,10.0,10.0,0.0,10.0,10.0,10.0,0.0,10.0,0.0,0,57.0108,0.9964,0.1437,0.0025,30.278,0.9426,0.0,0.0,29.5091,0.6833,10.0,0.0,10.0,0.0,0.0,0.0
static10,100,1K,h4,1024,52.0,150,10,128.3495,128.483,6.3499,138.7925,0.064,0.0638,0.0032,0.0698,64.7147,65.412,4.8835,72.507,0.0,0.0,0.0,0.0,63.4825,63.37,3.9231,70.3109,10.0,10.0,0.0,10.0,10.0,10.0,0.0,10.0,0.0,0,128.7016,1.7455,0.0637,0.0009,65.3427,1.1586,0.0,0.0,63.4307,1.3531,10.0,0.0,10.0,0.0,0.0,0.0
statichigh,100,1K,h2,1024,6.0,150,10,13.5177,13.3665,0.4914,14.4824,0.6068,0.6129,0.0212,0.6327,6.9055,6.7385,0.4639,7.8388,0.0,0.0,0.0,0.0,6.4789,6.431,0.2037,6.8457,24.0,24.0,0.0,24.0,24.0,24.0,0.0,24.0,0.0,0,13.3779,0.0791,0.6124,0.0036,6.7413,0.0443,0.0,0.0,6.4424,0.0538,24.0,0.0,24.0,0.0,0.0,0.0
statichigh,100,1K,h3,1024,22.0,150,10,56.2724,56.267,3.4231,61.2099,0.1461,0.1456,0.0091,0.1609,29.5541,29.5455,2.9123,33.3071,0.0,0.0,0.0,0.0,29.0865,29.3055,1.8609,31.5058,24.0,24.0,0.0,24.0,24.0,24.0,0.0,24.0,0.0,0,56.454,1.0594,0.1452,0.0026,29.7461,1.3182,0.0,0.0,29.3015,0.6027,24.0,0.0,24.0,0.0,0.0,0.0
statichigh,100,1K,h4,1024,52.0,150,10,127.8335,128.007,6.9053,137.7063,0.0643,0.064,0.0035,0.0704,64.4998,65.081,4.9039,72.4086,0.0,0.0,0.0,0.0,63.187,63.262,4.0917,70.0131,24.0,24.0,0.0,24.0,24.0,24.0,0.0,24.0,0.0,0,127.9589,2.2566,0.064,0.0011,64.9902,1.2846,0.0,0.0,63.083,1.2307,24.0,0.0,24.0,0.0,0.0,0.0
ewma,100,1M,h2,1048576,6.0,150,10,121.584,122.663,6.8997,135.3616,69.2156,68.3874,3.9388,75.9396,114.9654,116.021,6.9003,128.7636,23.4,25.0,6.0335,31.0,6.7592,6.6235,0.3425,7.6128,64.7867,71.0,15.6876,72.0,68.92,71.0,5.2425,72.0,100.0,0,123.3913,3.5628,68.0324,1.8707,116.7354,3.5626,24.5,4.1164,6.6217,0.0455,68.8,5.7116,69.0,5.2915,100.0,0.0
ewma,100,1M,h3,1048576,22.0,150,10,261.9114,258.7165,47.9021,279.8867,32.6463,32.4239,3.5899,36.846,234.8553,231.1695,47.8442,254.2142,24.5733,18.5,22.8445,71.3,22.6106,22.565,0.178,22.9692,133.36,153.0,38.7965,160.0,147.1667,153.0,21.3552,160.0,97.333,0,253.1615,10.0489,33.184,1.3597,226.0738,9.6394,19.1,12.8966,22.5668,0.0276,145.9,13.7796,146.1,13.7311,97.333,3.443
ewma,100,1M,h4,1048576,52.0,150,10,517.0917,506.648,89.6794,619.0036,16.5722,16.5571,2.1324,19.355,451.298,439.2705,89.3433,557.1494,26.1733,10.0,38.3321,111.35,54.0936,53.011,2.7038,59.8144,278.9867,315.0,99.057,398.0,322.14,321.5,73.8187,449.3,82.0,0,500.4102,22.3579,16.7947,0.7763,435.4914,23.6816,8.8,5.4324,53.031,0.2733,314.0,44.9691,325.8,29.6678,82.0,17.228
lossaware,100,1M,h2,1048576,6.0,150,10,120.9839,120.4775,2.0503,124.7372,69.3561,69.628,1.1619,70.8365,114.3534,113.73,2.075,118.2254,10.4933,10.0,2.1574,14.0,6.7154,6.714,0.0581,6.7986,10.0,10.0,0.0,10.0,66.7867,71.0,7.6987,72.0,100.0,1200,120.4131,0.4973,69.6663,0.2876,113.7844,0.5394,10.4,0.9661,6.7168,0.0186,10.0,0.0,70.4,0.5164,100.0,0.0
lossaware,100,1M,h3,1048576,22.0,150,10,287.8547,270.7315,83.3842,564.28,30.6597,30.985,5.4819,37.8113,261.1004,243.8735,83.2891,536.3759,76.9,90.0,32.4285,104.55,22.849,22.6545,0.5941,23.6306,16.6533,10.0,16.1495,61.0,151.92,156.0,32.6972,200.0,88.667,1051,268.6862,3.5424,31.2257,0.4124,243.0689,3.2145,89.2,3.2931,22.6703,0.0598,10.0,0.0,157.4,1.8974,88.667,7.062
lossaware,100,1M,h4,1048576,52.0,150,10,570.3198,536.0725,124.6152,718.385,15.1556,15.6483,2.1842,17.9284,505.0262,469.3495,124.7488,649.6046,43.5333,10.5,49.5381,130.1,55.6484,53.9395,3.6023,63.8691,55.5733,49.0,43.2888,130.1,275.1333,284.0,124.5511,462.4,52.667,630,543.1507,23.4432,15.4701,0.6623,480.708,21.9219,25.7,31.5632,54.2474,1.0035,48.2,13.0111,254.8,75.5554,52.667,10.159
lossaware-disc,100,1M,h2,1048576,6.0,150,10,120.9049,120.321,2.1637,124.9133,69.4037,69.7186,1.2278,70.9111,114.2904,113.6965,2.1719,118.3042,10.54,10.0,2.407,14.55,6.7111,6.7155,0.0653,6.8201,10.0,10.0,0.0,10.0,66.9667,71.0,7.7125,72.0,100.0,0,120.1867,0.6304,69.7982,0.366,113.5841,0.6292,10.1,0.7379,6.713,0.0237,10.0,0.0,70.8,0.7888,100.0,0.0
lossaware-disc,100,1M,h3,1048576,22.0,150,10,263.7992,268.242,66.6235,347.675,33.0428,31.2726,5.3277,40.0659,237.0321,242.17,66.6281,319.7443,69.5533,77.5,29.707,105.0,22.7191,22.6185,0.3673,23.4125,35.4867,10.0,29.9036,82.0,160.4733,156.0,34.354,217.0,94.667,1,246.3742,22.7498,34.3109,3.1671,219.6989,22.6779,65.4,23.7543,22.6106,0.034,45.2,31.2652,160.5,26.7966,94.667,2.811
lossaware-disc,100,1M,h4,1048576,52.0,150,10,523.836,507.993,105.0239,653.0851,16.4293,16.5132,2.2364,19.2999,458.4816,440.295,104.3762,584.9695,32.6133,0.0,43.901,118.0,55.0356,53.0865,3.2834,61.6787,151.24,155.5,63.7479,238.0,279.6267,246.5,116.3435,476.1,43.333,42,499.1799,26.2719,16.8496,0.9477,436.4729,27.2562,1.6,3.4059,53.2762,0.4127,161.6,38.9735,235.4,40.4645,43.333,7.857
metrics,100,1M,h2,1048576,6.0,150,10,120.6954,120.2165,1.8189,124.6541,69.5177,69.7792,1.0306,70.6514,114.0722,113.558,1.813,118.141,10.3267,10.0,1.9507,13.55,6.7113,6.7135,0.0664,6.8166,10.0,10.0,0.0,10.0,67.8,71.0,6.9263,72.0,100.0,0,120.1795,0.3625,69.8012,0.2104,113.4996,0.3878,10.1,0.7379,6.7157,0.0182,10.0,0.0,70.8,0.6325,100.0,0.0
metrics,100,1M,h3,1048576,22.0,150,10,304.0984,272.8445,88.3391,562.6695,29.0088,30.745,4.9664,31.696,277.3398,246.1595,88.6596,538.7378,77.9267,91.0,32.1488,104.55,22.7677,22.6355,0.4277,23.4743,10.0,10.0,0.0,10.0,146.8,156.0,31.6518,160.0,87.333,0,273.1367,1.5804,30.713,0.177,246.4893,1.923,89.1,4.9766,22.6557,0.0948,10.0,0.0,156.4,1.2649,87.333,7.981
metrics,100,1M,h4,1048576,52.0,150,10,664.211,575.5175,200.6416,1253.9207,13.3866,14.5758,2.577,15.3576,598.6573,509.9535,200.4297,1187.606,47.6467,38.0,48.9187,118.1,56.3931,54.712,4.5555,64.102,10.0,10.0,0.0,10.0,263.9267,293.0,118.284,452.55,52.0,0,577.5051,5.7279,14.5269,0.1434,511.2317,6.2252,37.2,34.8387,55.0573,1.3501,10.0,0.0,276.7,55.7874,52.0,11.244
static10,100,1M,h2,1048576,6.0,150,10,121.1376,120.497,2.1616,125.1074,69.2702,69.6167,1.2217,70.7939,114.5152,113.957,2.1491,118.3666,10.54,10.0,2.3648,14.0,6.7162,6.7175,0.0735,6.8151,10.0,10.0,0.0,10.0,65.46,70.0,8.4047,72.0,100.0,0,120.7103,0.6792,69.4957,0.3898,114.1191,0.7101,10.4,1.3499,6.7204,0.018,10.0,0.0,69.1,5.3635,100.0,0.0
static10,100,1M,h3,1048576,22.0,150,10,300.1784,273.348,83.7233,567.3148,29.2389,30.6884,4.704,31.7396,273.2562,246.196,83.6225,541.9634,79.0867,90.0,30.3109,104.0,22.8047,22.6465,0.4718,23.5104,10.0,10.0,0.0,10.0,147.26,156.0,28.9161,160.0,88.667,0,273.389,1.0746,30.6842,0.1207,246.1224,0.991,89.0,3.7118,22.651,0.0168,10.0,0.0,156.0,0.0,88.667,6.325
static10,100,1M,h4,1048576,52.0,150,10,686.762,582.846,208.2366,1239.917,13.0283,14.3925,2.754,15.3372,621.2592,517.7345,207.974,1171.4775,46.5467,23.0,48.0589,110.55,56.3008,54.8935,3.765,64.59,10.0,10.0,0.0,10.0,256.4067,295.0,123.8827,428.8,52.0,0,603.977,47.0193,13.9578,0.9856,537.8819,50.5987,39.3,44.038,55.2162,1.0974,10.0,0.0,275.3,54.0721,52.0,13.626
statichigh,100,1M,h2,1048576,6.0,150,10,109.0687,109.0145,1.1669,110.8351,76.9197,76.9495,0.8002,77.9303,102.4505,102.366,1.1457,104.2139,13.7067,14.0,1.7743,16.0,6.7889,6.791,0.0734,6.9011,24.0,24.0,0.0,24.0,57.1467,57.0,0.9151,59.0,100.0,0,109.0043,0.2451,76.957,0.1732,102.3449,0.2296,14.0,0.6667,6.7874,0.0199,24.0,0.0,57.1,0.3162,100.0,0.0
statichigh,100,1M,h3,1048576,22.0,150,10,223.1476,223.623,2.8826,226.6365,37.5985,37.5123,0.4905,38.4839,196.309,196.9875,2.147,198.4918,115.5067,121.0,9.8292,123.0,23.6443,23.93,0.4571,23.9695,24.0,24.0,0.0,24.0,191.2,192.0,2.8615,192.0,100.0,0,223.4537,0.9899,37.5414,0.1662,196.9566,0.353,120.6,0.5164,23.9244,0.0162,24.0,0.0,192.0,0.0,100.0,0.0
statichigh,100,1M,h4,1048576,52.0,150,10,566.307,576.605,53.2314,654.3948,14.9438,14.5483,1.4179,17.3624,500.2299,512.0675,53.1249,587.8056,38.1067,0.0,49.9337,140.55,54.8981,53.387,4.062,60.7794,24.0,24.0,0.0,24.0,250.8867,180.5,116.2123,441.1,42.0,0,573.0057,20.8838,14.6585,0.5733,507.4052,19.7453,8.3,18.0619,53.321,0.3156,24.0,0.0,204.6,63.9917,42.0,9.454
ewma,100,200K,h2,204800,6.0,150,10,44.5666,45.143,2.729,47.8704,36.9079,36.2936,2.3944,41.9614,37.9659,38.586,2.7241,41.1589,22.4867,23.0,4.0892,27.0,7.522,7.554,0.418,8.0475,66.7467,71.0,15.2651,72.0,70.8,71.0,1.2532,72.0,100.0,0,45.1326,0.326,36.3036,0.2621,38.5578,0.3887,23.2,0.7888,7.6134,0.1761,70.8,1.3166,70.8,1.3166,100.0,0.0
ewma,100,200K,h3,204800,22.0,150,10,142.3931,144.6255,13.2932,164.4941,11.611,11.3286,1.143,14.0994,115.6125,117.8905,13.5236,135.8711,3.9933,4.0,3.2347,9.55,25.5075,25.244,1.7444,28.0681,125.2,142.0,36.0065,142.0,136.56,142.0,14.8276,148.05,76.667,0,139.7944,11.7084,11.8045,1.1199,113.4083,11.2337,3.9,2.1833,25.3323,0.8995,135.9,12.8794,135.9,12.8794,76.667,31.779
ewma,100,200K,h4,204800,52.0,150,10,264.0298,257.262,27.5848,314.3031,6.2572,6.3686,0.5069,6.7748,199.7119,192.425,28.0792,254.1482,0.0,0.0,0.0,0.0,58.7187,58.606,4.2988,65.8546,125.0933,142.0,36.4249,142.0,136.8933,142.0,15.2853,147.85,0.0,0,257.6892,3.1511,6.3589,0.0768,193.4251,2.9648,0.0,0.0,58.4909,1.8874,136.0,12.6491,136.3,12.0374,0.0,0.0
lossaware,100,200K,h2,204800,6.0,150,10,47.3069,46.8375,2.5881,55.0952,34.7255,34.9805,1.6979,36.3486,40.6966,40.2045,2.5904,48.4521,10.4733,10.0,2.1479,14.0,6.7821,6.718,0.2978,7.2167,10.0,10.0,0.0,10.0,65.7933,71.0,9.4948,72.0,100.0,1200,46.7298,0.666,35.0676,0.5033,40.1081,0.6873,10.2,1.3984,6.7533,0.1217,10.0,0.0,70.8,0.9189,100.0,0.0
lossaware,100,200K,h3,204800,22.0,150,10,129.22,120.053,21.5336,157.8769,12.958,13.6473,1.7316,14.8016,102.4657,93.364,21.2192,129.6552,0.6267,0.0,1.3489,2.0,24.3222,23.8595,1.3266,27.3657,70.5,71.0,32.3514,128.05,121.4533,120.5,14.6272,153.0,26.0,324,120.1666,3.2352,13.6434,0.3705,92.695,2.5651,0.0,0.0,23.8283,0.1262,72.2,18.492,120.1,5.9898,26.0,14.212
lossaware,100,200K,h4,204800,52.0,150,10,264.2251,256.662,28.1322,330.4918,6.2576,6.3835,0.5427,6.808,199.9708,194.184,27.6867,265.2838,0.0,0.0,0.0,0.0,59.4221,59.388,4.8119,68.7287,121.8133,142.0,36.4459,142.0,134.3533,142.0,16.8452,145.1,0.0,0,256.302,3.72,6.3937,0.0926,193.4327,3.1767,0.0,0.0,59.0595,1.4402,132.2,15.81,133.8,13.3066,0.0,0.0
lossaware-disc,100,200K,h2,204800,6.0,150,10,47.0812,46.605,2.4636,54.6589,34.8839,35.155,1.6295,36.459,40.4923,39.943,2.4558,48.1912,10.22,10.0,1.9962,13.0,6.7642,6.7205,0.2631,7.2025,10.0,10.0,0.0,10.0,63.6933,70.0,10.4032,72.0,100.0,0,46.5137,0.3806,35.2262,0.2881,39.8891,0.4129,10.0,0.9428,6.7152,0.0868,10.0,0.0,70.4,0.5164,100.0,0.0
lossaware-disc,100,200K,h3,204800,22.0,150,10,130.121,120.6435,19.0009,165.2862,12.8383,13.5805,1.7178,14.9486,103.2719,93.3455,19.0433,137.491,1.0467,0.0,1.9084,5.0,24.7916,23.9535,1.5523,27.6898,77.0133,81.0,29.5392,142.0,124.5933,121.0,11.2471,153.0,35.333,261,121.6999,7.6195,13.5051,0.7545,94.4314,7.9427,0.2,0.6325,24.1076,0.4866,80.2,5.731,122.8,2.6583,35.333,11.78
lossaware-disc,100,200K,h4,204800,52.0,150,10,264.6662,257.597,34.0892,331.8973,6.2635,6.3603,0.582,6.8596,199.8862,191.781,34.044,265.5417,0.0,0.0,0.0,0.0,58.7127,58.6345,4.3786,65.5033,112.7467,114.5,37.5598,142.0,127.52,142.0,21.7279,150.1,0.0,0,257.4147,2.1317,6.3652,0.0528,192.0322,2.394,0.0,0.0,58.3313,1.8496,124.1,18.9704,126.7,16.2416,0.0,0.0
metrics,100,200K,h2,204800,6.0,150,10,46.8389,46.634,1.9953,48.6941,35.0368,35.1332,1.3593,36.4221,40.2337,39.979,1.9758,42.1123,10.28,10.0,2.1461,13.55,6.7689,6.7625,0.2369,7.1147,10.0,10.0,0.0,10.0,63.4467,70.0,10.3836,72.0,100.0,0,46.6297,0.3337,35.138,0.2522,40.0527,0.3547,10.2,0.7888,6.7628,0.1239,10.0,0.0,68.3,6.4472,100.0,0.0
metrics,100,200K,h3,204800,22.0,150,10,156.1058,151.0235,15.4839,199.4412,10.5824,10.8486,0.8875,11.5004,129.3247,123.9145,15.1291,171.6197,0.0,0.0,0.0,0.0,23.5988,23.374,1.0095,25.3193,10.0,10.0,0.0,10.0,134.8,153.0,39.8893,153.0,0.0,0,151.3747,1.1849,10.8241,0.0845,124.1798,1.3515,0.0,0.0,23.3634,0.041,10.0,0.0,153.0,0.0,0.0,0.0
metrics,100,200K,h4,204800,52.0,150,10,354.9754,332.823,47.7912,449.8836,4.6914,4.9227,0.5704,5.3424,289.8609,267.101,47.1044,381.2673,0.0,0.0,0.0,0.0,59.1934,59.44,4.8203,67.5879,10.0,10.0,0.0,10.0,112.4467,153.0,51.1753,153.0,0.0,0,333.768,13.7115,4.9159,0.1936,269.2599,13.3078,0.0,0.0,58.8018,2.2089,10.0,0.0,149.3,8.9944,0.0,0.0
static10,100,200K,h2,204800,6.0,150,10,46.8661,46.7215,1.7996,48.404,35.0058,35.0674,1.2258,36.4483,40.2634,40.114,1.7964,41.8663,10.18,10.0,2.1553,13.0,6.7898,6.782,0.2431,7.138,10.0,10.0,0.0,10.0,64.56,70.0,10.0224,72.0,100.0,0,46.642,0.5302,35.1313,0.4027,40.0845,0.4942,10.1,0.7379,6.7741,0.0935,10.0,0.0,68.5,6.5362,100.0,0.0
static10,100,200K,h3,204800,22.0,150,10,158.9683,152.751,16.5222,202.4766,10.4026,10.726,0.9367,11.3702,132.2567,126.587,16.0254,174.6059,0.0,0.0,0.0,0.0,24.0395,23.3835,1.5068,27.6854,10.0,10.0,0.0,10.0,129.3067,153.0,42.7663,153.0,0.0,0,153.6554,1.6889,10.664,0.1172,126.4069,1.8275,0.0,0.0,23.3638,0.0761,10.0,0.0,153.0,0.0,0.0,0.0
static10,100,200K,h4,204800,52.0,150,10,350.7114,332.752,42.4601,440.0566,4.7336,4.9238,0.5188,5.3425,285.756,266.4005,42.4236,376.4108,0.0,0.0,0.0,0.0,59.6548,60.424,4.9158,66.6478,10.0,10.0,0.0,10.0,113.5533,153.0,49.7484,153.0,0.0,0,334.7263,9.3041,4.8981,0.133,271.0472,10.4095,0.0,0.0,60.7245,1.4408,10.0,0.0,135.9,34.9617,0.0,0.0
statichigh,100,200K,h2,204800,6.0,150,10,39.0301,38.9025,0.5904,40.2121,41.9874,42.1155,0.6329,42.6792,32.4319,32.263,0.5964,33.6142,13.7867,14.0,1.7011,16.0,6.7264,6.723,0.2647,7.1303,24.0,24.0,0.0,24.0,54.8533,55.0,2.2891,56.0,100.0,0,38.951,0.1718,42.0638,0.1853,32.3071,0.1445,13.9,0.5676,6.7153,0.1584,24.0,0.0,55.0,0.0,100.0,0.0
statichigh,100,200K,h3,204800,22.0,150,10,120.2604,120.7625,3.6114,125.3959,13.6363,13.5671,0.4209,14.3926,93.6878,93.9105,3.0264,97.6042,0.0,0.0,0.0,0.0,23.6019,23.456,0.2108,23.9017,24.0,24.0,0.0,24.0,166.8867,167.0,1.388,167.0,0.0,0,120.5534,1.1796,13.5918,0.1339,94.0129,1.349,0.0,0.0,23.5401,0.162,24.0,0.0,167.0,0.0,0.0,0.0
statichigh,100,200K,h4,204800,52.0,150,10,288.1481,279.595,34.0544,337.696,5.7657,5.86,0.6804,6.7254,222.7399,216.0785,34.014,268.7074,0.0,0.0,0.0,0.0,59.6825,59.085,5.1185,68.8276,24.0,24.0,0.0,24.0,135.8933,137.5,24.8094,167.0,0.0,0,291.1549,25.2979,5.666,0.4963,225.7219,25.8709,0.0,0.0,59.4152,2.0453,24.0,0.0,136.9,14.4718,0.0,0.0
ewma,100,30K,h2,30720,6.0,150,10,16.015,15.614,1.5592,20.7792,15.4546,15.7397,1.1305,16.0859,9.444,8.9975,1.5522,14.267,0.0,0.0,0.0,0.0,7.1282,7.1215,0.0895,7.2797,21.2,22.0,3.0034,22.0,44.2,45.0,3.0034,45.0,0.0,0,15.6166,0.0412,15.7372,0.0415,9.0175,0.0566,0.0,0.0,7.1219,0.0135,22.0,0.0,45.0,0.0,0.0,0.0
ewma,100,30K,h3,30720,22.0,150,10,59.1749,58.2585,7.6363,84.0426,4.2066,4.2184,0.4246,4.7707,32.5194,30.453,7.4246,57.423,0.0,0.0,0.0,0.0,24.9752,24.5755,1.7137,27.3423,21.28,22.0,2.8594,22.0,44.28,45.0,2.8594,45.0,0.0,0,58.2188,0.5326,4.2216,0.039,30.5988,0.5137,0.0,0.0,24.6301,0.8603,22.0,0.0,45.0,0.0,0.0,0.0
ewma,100,30K,h4,30720,52.0,150,10,132.7725,129.2635,17.6076,186.604,1.8754,1.9012,0.1881,2.0812,68.8836,64.8975,17.2057,125.4673,0.0,0.0,0.0,0.0,60.968,61.395,4.0879,67.5752,21.2,22.0,3.0034,22.0,44.1333,45.0,3.2946,45.0,0.0,0,129.1206,1.6785,1.9036,0.0249,65.2679,1.9646,0.0,0.0,60.9741,1.1365,22.0,0.0,45.0,0.0,0.0,0.0
lossaware,100,30K,h2,30720,6.0,150,10,16.0225,15.648,1.516,21.0136,15.4428,15.7055,1.1125,16.124,9.4342,9.0225,1.4591,14.2485,0.0,0.0,0.0,0.0,7.125,7.121,0.0919,7.2839,21.2,22.0,3.0034,22.0,44.2,45.0,3.0034,45.0,0.0,0,15.6293,0.06,15.7245,0.0604,9.0232,0.0329,0.0,0.0,7.1217,0.0093,22.0,0.0,45.0,0.0,0.0,0.0
lossaware,100,30K,h3,30720,22.0,150,10,59.8193,58.4105,8.1261,85.9831,4.1642,4.2075,0.4194,4.6256,32.6687,30.4885,7.8678,58.1073,0.0,0.0,0.0,0.0,25.1411,24.9905,1.7694,27.675,21.2,22.0,3.0034,22.0,44.2,45.0,3.0034,45.0,0.0,0,58.3321,0.5229,4.2134,0.0378,30.7971,0.8408,0.0,0.0,24.9082,1.0428,22.0,0.0,45.0,0.0,0.0,0.0
lossaware,100,30K,h4,30720,52.0,150,10,133.1222,129.4555,17.5743,189.9303,1.8705,1.8984,0.1891,2.0752,69.1947,65.3585,16.8778,126.7659,0.0,0.0,0.0,0.0,60.7629,61.7495,4.3385,67.0534,21.2,22.0,3.0034,22.0,44.1667,45.0,3.1525,45.0,0.0,0,130.583,1.6411,1.8823,0.0238,65.26,1.2705,0.0,0.0,61.5598,1.3467,22.0,0.0,45.0,0.0,0.0,0.0
lossaware-disc,100,30K,h2,30720,6.0,150,10,15.9953,15.63,1.5334,20.943,15.4711,15.7236,1.1211,16.1746,9.4053,8.996,1.4788,14.2866,0.0,0.0,0.0,0.0,7.121,7.118,0.0776,7.2379,21.2,22.0,3.0034,22.0,44.2,45.0,3.0034,45.0,0.0,0,15.6189,0.079,15.7351,0.0796,8.9945,0.017,0.0,0.0,7.122,0.0197,22.0,0.0,45.0,0.0,0.0,0.0
lossaware-disc,100,30K,h3,30720,22.0,150,10,59.5346,58.1575,7.3061,81.8002,4.175,4.2258,0.3906,4.5825,32.5953,30.476,7.2439,56.0825,0.0,0.0,0.0,0.0,25.0501,24.7145,1.6824,27.2252,21.2,22.0,3.0034,22.0,44.2,45.0,3.0034,45.0,0.0,0,58.3732,0.4882,4.2104,0.0351,30.702,0.5492,0.0,0.0,24.6331,1.0368,22.0,0.0,45.0,0.0,0.0,0.0
lossaware-disc,100,30K,h4,30720,52.0,150,10,132.8686,129.0835,17.7624,188.7672,1.874,1.9039,0.1858,2.0759,69.2302,65.0505,17.4382,126.1574,0.0,0.0,0.0,0.0,61.403,61.935,4.122,67.8589,21.2,22.0,3.0034,22.0,44.1667,45.0,3.1525,45.0,0.0,0,129.512,1.7801,1.8979,0.026,64.9031,1.1853,0.0,0.0,61.9548,1.3987,22.0,0.0,45.0,0.0,0.0,0.0
metrics,100,30K,h2,30720,6.0,150,10,21.3964,21.126,0.7477,22.7335,11.4995,11.6331,0.3884,11.9635,14.8074,14.5775,0.7054,16.2724,0.0,0.0,0.0,0.0,6.9749,6.9725,0.1428,7.197,10.0,10.0,0.0,10.0,33.0,33.0,0.0,33.0,0.0,0,21.2024,0.282,11.5929,0.1507,14.5947,0.2896,0.0,0.0,6.9846,0.0484,10.0,0.0,33.0,0.0,0.0,0.0
metrics,100,30K,h3,30720,22.0,150,10,86.1724,86.108,4.1707,92.7876,2.8587,2.8541,0.1403,3.0986,59.2276,59.2375,3.4166,64.7078,0.0,0.0,0.0,0.0,26.5435,26.799,1.4196,28.3606,10.0,10.0,0.0,10.0,32.9,33.0,0.7023,33.0,0.0,0,86.6232,1.536,2.8379,0.0504,59.3663,1.3497,0.0,0.0,26.861,0.1934,10.0,0.0,33.0,0.0,0.0,0.0
metrics,100,30K,h4,30720,52.0,150,10,190.667,191.8665,8.2932,201.8612,1.2914,1.2809,0.0572,1.3915,127.2501,127.8465,7.0565,138.1387,0.0,0.0,0.0,0.0,61.5289,62.005,3.6634,67.3634,10.0,10.0,0.0,10.0,32.5667,33.0,1.4114,33.0,0.0,0,191.687,2.392,1.2823,0.016,128.1771,2.5104,0.0,0.0,61.7141,0.9552,10.0,0.0,33.0,0.0,0.0,0.0
static10,100,30K,h2,30720,6.0,150,10,21.6049,21.398,0.8654,23.2841,11.3928,11.4852,0.4417,11.9066,15.0261,14.7875,0.8458,16.5646,0.0,0.0,0.0,0.0,7.0001,6.9895,0.1561,7.2488,10.0,10.0,0.0,10.0,33.0,33.0,0.0,33.0,0.0,0,21.4377,0.2879,11.4658,0.1547,14.7767,0.2789,0.0,0.0,6.9909,0.0605,10.0,0.0,33.0,0.0,0.0,0.0
static10,100,30K,h3,30720,22.0,150,10,86.062,85.814,3.7391,92.8796,2.861,2.8639,0.1247,3.0771,58.9966,59.139,3.5444,64.878,0.0,0.0,0.0,0.0,26.4844,26.9495,1.4621,28.2171,10.0,10.0,0.0,10.0,32.9667,33.0,0.4082,33.0,0.0,0,85.6698,1.3138,2.8693,0.0444,59.0574,1.055,0.0,0.0,26.7735,0.5986,10.0,0.0,33.0,0.0,0.0,0.0
static10,100,30K,h4,30720,52.0,150,10,191.6485,191.366,7.6762,205.6651,1.2844,1.2842,0.0517,1.3705,127.979,128.2945,6.6679,138.5524,0.0,0.0,0.0,0.0,61.7504,61.741,3.7055,67.5876,10.0,10.0,0.0,10.0,32.6333,33.0,1.3078,33.0,0.0,0,191.6711,1.8008,1.2823,0.0121,128.6288,2.2043,0.0,0.0,61.7459,1.3815,10.0,0.0,33.0,0.0,0.0,0.0
statichigh,100,30K,h2,30720,6.0,150,10,15.6252,15.5965,0.3345,16.2688,15.7353,15.7574,0.3239,16.1665,9.0307,8.9725,0.2443,9.4516,0.0,0.0,0.0,0.0,7.3342,7.33,0.0669,7.4392,24.0,24.0,0.0,24.0,46.1467,46.0,0.355,47.0,0.0,0,15.5957,0.0598,15.7584,0.0604,8.9678,0.0275,0.0,0.0,7.3329,0.0155,24.0,0.0,46.0,0.0,0.0,0.0
statichigh,100,30K,h3,30720,22.0,150,10,57.6306,57.916,2.6347,61.2912,4.2737,4.2434,0.2046,4.6666,30.6608,30.457,1.982,33.1627,0.0,0.0,0.0,0.0,25.0699,24.6725,1.7361,27.2636,24.0,24.0,0.0,24.0,46.92,47.0,0.2722,47.0,0.0,0,57.7561,0.6171,4.2556,0.0456,30.4864,0.2577,0.0,0.0,24.9331,0.8922,24.0,0.0,47.0,0.0,0.0,0.0
statichigh,100,30K,h4,30720,52.0,150,10,128.3756,127.9655,5.5999,137.2745,1.918,1.9205,0.084,2.0622,64.7037,64.783,4.5183,72.3399,0.0,0.0,0.0,0.0,61.1261,61.881,4.2302,67.8849,24.0,24.0,0.0,24.0,46.9333,47.0,0.2503,47.0,0.0,0,128.1733,1.7907,1.9177,0.0269,64.6824,1.7611,0.0,0.0,61.4936,2.1076,24.0,0.0,47.0,0.0,0.0,0.0
