policy,bw_mbit,obj_label,client,iteration,obj_bytes,rtt_nominal_ms,n_conn,n_iterations,fct_ms_mean,fct_ms_median,fct_ms_std,fct_ms_p95,goodput_mbps_mean,goodput_mbps_median,goodput_mbps_std,goodput_mbps_p95,trasferimento_ms_mean,trasferimento_ms_median,trasferimento_ms_std,trasferimento_ms_p95,retrans_mean,retrans_median,retrans_std,retrans_p95,srtt_ms_mean,srtt_ms_median,srtt_ms_std,srtt_ms_p95,iw_applied_mean,iw_applied_median,iw_applied_std,iw_applied_p95,max_cwnd_mean,max_cwnd_median,max_cwnd_std,max_cwnd_p95,retrans_flow_pct,penalties_total
ewma,20,10K,h2,1,10240,6.0,15,1,17.2173,17.259,0.185,17.484,4.7585,4.7465,0.0511,4.829,10.6723,10.667,0.1905,10.9214,0.0,0,0.0,0.0,7.2545,7.276,0.0751,7.3533,10.0,10,0.0,10.0,18.0,18,0.0,18.0,0.0,0
ewma,20,10K,h2,2,10240,6.0,15,1,17.1537,17.186,0.2004,17.4015,4.7763,4.7667,0.0566,4.8538,10.5619,10.572,0.1834,10.8203,0.0,0,0.0,0.0,7.2197,7.206,0.0981,7.3675,10.0,10,0.0,10.0,18.0,18,0.0,18.0,0.0,0
ewma,20,10K,h2,3,10240,6.0,15,1,17.3521,17.314,0.3228,17.8398,4.7225,4.7314,0.0849,4.8157,10.7671,10.71,0.2761,11.1233,0.0,0,0.0,0.0,7.2527,7.213,0.1116,7.4612,10.0,10,0.0,10.0,18.0,18,0.0,18.0,0.0,0
ewma,20,10K,h2,4,10240,6.0,15,1,17.2603,17.232,0.2019,17.5158,4.7467,4.7539,0.0555,4.821,10.6385,10.667,0.1833,10.8521,0.0,0,0.0,0.0,7.2247,7.225,0.0664,7.3202,10.0,10,0.0,10.0,18.0,18,0.0,18.0,0.0,0
ewma,20,10K,h2,5,10240,6.0,15,1,17.2393,17.257,0.1836,17.469,4.7524,4.7471,0.0508,4.8337,10.6519,10.64,0.1616,10.8595,0.0,0,0.0,0.0,7.2028,7.186,0.0632,7.2999,10.0,10,0.0,10.0,18.0,18,0.0,18.0,0.0,0
ewma,20,10K,h2,6,10240,6.0,15,1,17.2321,17.218,0.2699,17.6494,4.755,4.7578,0.073,4.8328,10.6267,10.626,0.264,10.9685,0.0,0,0.0,0.0,7.2441,7.217,0.0777,7.3696,10.0,10,0.0,10.0,18.0,18,0.0,18.0,0.0,0
ewma,20,10K,h2,7,10240,6.0,15,1,17.3411,17.355,0.2193,17.6818,4.7247,4.7203,0.0596,4.8086,10.7185,10.687,0.1602,10.9983,0.0,0,0.0,0.0,7.2202,7.196,0.0601,7.3199,10.0,10,0.0,10.0,18.0,18,0.0,18.0,0.0,0
ewma,20,10K,h2,8,10240,6.0,15,1,17.2542,17.303,0.2015,17.5213,4.7484,4.7344,0.0555,4.8226,10.6396,10.713,0.2398,10.9176,0.0,0,0.0,0.0,7.2502,7.25,0.0629,7.3398,10.0,10,0.0,10.0,18.0,18,0.0,18.0,0.0,0
ewma,20,10K,h2,9,10240,6.0,15,1,17.2046,17.225,0.2452,17.5565,4.7624,4.7559,0.0679,4.8606,10.6427,10.604,0.2274,10.9319,0.0,0,0.0,0.0,7.2221,7.214,0.0632,7.3183,10.0,10,0.0,10.0,18.0,18,0.0,18.0,0.0,0
ewma,20,10K,h2,10,10240,6.0,15,1,17.3153,17.309,0.2361,17.6408,4.7319,4.7328,0.0645,4.8214,10.7033,10.639,0.2166,11.027,0.0,0,0.0,0.0,7.2485,7.236,0.0684,7.3469,10.0,10,0.0,10.0,18.0,18,0.0,18.0,0.0,0
ewma,20,10K,h3,1,10240,22.0,15,1,58.9911,58.631,2.3501,62.2794,1.3907,1.3972,0.055,1.4798,31.558,31.732,1.1904,33.169,0.0,0,0.0,0.0,26.8437,26.799,1.0887,28.3218,10.0,10,0.0,10.0,18.0,18,0.0,18.0,0.0,0
ewma,20,10K,h3,2,10240,22.0,15,1,58.8838,59.874,2.6076,61.9712,1.3938,1.3682,0.0632,1.4992,30.9229,31.907,2.2665,33.1256,0.0,0,0.0,0.0,26.7797,26.635,1.2714,28.4937,10.0,10,0.0,10.0,18.0,18,0.0,18.0,0.0,0
ewma,20,10K,h3,3,10240,22.0,15,1,57.8373,58.441,3.2459,62.0882,1.4207,1.4018,0.0821,1.5698,31.0848,31.326,1.6949,33.3313,0.0,0,0.0,0.0,26.6149,26.626,1.1929,28.4257,10.0,10,0.0,10.0,18.0,18,0.0,18.0,0.0,0
ewma,20,10K,h3,4,10240,22.0,15,1,58.8307,58.635,1.8751,61.4955,1.3938,1.3971,0.0437,1.4579,31.6599,31.684,1.2024,33.2001,0.0,0,0.0,0.0,27.1352,26.955,0.8084,28.6632,10.0,10,0.0,10.0,18.0,18,0.0,18.0,0.0,0
ewma,20,10K,h3,5,10240,22.0,15,1,57.0341,57.584,2.6457,60.1728,1.4394,1.4226,0.07,1.5361,30.6238,31.489,2.0835,32.8904,0.0,0,0.0,0.0,26.1816,26.169,0.878,27.4813,10.0,10,0.0,10.0,18.0,18,0.0,18.0,0.0,0
ewma,20,10K,h3,6,10240,22.0,15,1,57.3093,57.817,2.4909,59.6596,1.4321,1.4169,0.0665,1.5499,31.1154,31.59,1.7922,33.0663,0.0,0,0.0,0.0,26.3789,26.433,1.1709,27.8552,10.0,10,0.0,10.0,18.0,18,0.0,18.0,0.0,0
ewma,20,10K,h3,7,10240,22.0,15,1,58.2431,58.949,2.417,61.0773,1.4088,1.3897,0.0594,1.4969,31.7914,31.983,1.1758,33.2382,0.0,0,0.0,0.0,26.6275,26.592,1.1037,28.0796,10.0,10,0.0,10.0,18.0,18,0.0,18.0,0.0,0
ewma,20,10K,h3,8,10240,22.0,15,1,58.2967,59.475,3.3995,62.0208,1.4099,1.3774,0.0865,1.5783,31.0133,31.502,2.0173,32.8329,0.0,0,0.0,0.0,26.7047,26.744,1.2655,28.3402,10.0,10,0.0,10.0,18.0,18,0.0,18.0,0.0,0
ewma,20,10K,h3,9,10240,22.0,15,1,57.8561,57.656,3.6352,62.1437,1.4213,1.4208,0.0915,1.5776,31.1267,31.827,2.244,33.1745,0.0,0,0.0,0.0,26.7452,26.437,1.331,28.4736,10.0,10,0.0,10.0,18.0,18,0.0,18.0,0.0,0
ewma,20,10K,h3,10,10240,22.0,15,1,58.0755,59.159,2.6007,61.5802,1.4132,1.3847,0.0634,1.5007,31.2084,31.745,1.9581,33.3107,0.0,0,0.0,0.0,26.7602,26.712,1.1553,28.3721,10.0,10,0.0,10.0,18.0,18,0.0,18.0,0.0,0
ewma,20,10K,h4,1,10240,52.0,15,1,133.148,135.553,6.4734,139.6985,0.6167,0.6043,0.0317,0.6773,67.2484,68.544,4.704,72.7292,0.0,0,0.0,0.0,62.9782,63.656,3.5757,67.8914,10.0,10,0.0,10.0,18.0,18,0.0,18.0,0.0,0
ewma,20,10K,h4,2,10240,52.0,15,1,130.517,131.887,4.164,136.5096,0.6283,0.6211,0.0202,0.6583,65.9679,65.91,3.0015,71.7419,0.0,0,0.0,0.0,61.7213,61.995,2.857,65.5405,10.0,10,0.0,10.0,18.0,18,0.0,18.0,0.0,0
ewma,20,10K,h4,3,10240,52.0,15,1,127.3685,125.337,5.5464,135.2708,0.6443,0.6536,0.0278,0.6803,64.7719,64.423,5.4655,72.4055,0.0,0,0.0,0.0,60.9203,59.087,4.3485,67.9005,10.0,10,0.0,10.0,18.0,18,0.0,18.0,0.0,0
ewma,20,10K,h4,4,10240,52.0,15,1,126.9908,126.221,7.1785,137.371,0.647,0.649,0.0371,0.6982,64.7401,64.57,4.4923,71.5624,0.0,0,0.0,0.0,61.1008,60.885,3.8781,66.9574,10.0,10,0.0,10.0,18.0,18,0.0,18.0,0.0,0
ewma,20,10K,h4,5,10240,52.0,15,1,128.481,126.538,6.9949,136.9201,0.6394,0.6474,0.0355,0.6983,66.201,67.074,4.6007,72.7208,0.0,0,0.0,0.0,62.0625,61.723,3.968,67.3946,10.0,10,0.0,10.0,18.0,18,0.0,18.0,0.0,0
ewma,20,10K,h4,6,10240,52.0,15,1,129.1537,127.205,8.3,142.4854,0.6367,0.644,0.0403,0.6912,65.6373,65.315,5.334,72.7129,0.0,0,0.0,0.0,62.4522,62.123,3.566,67.4728,10.0,10,0.0,10.0,18.0,18,0.0,18.0,0.0,0
ewma,20,10K,h4,7,10240,52.0,15,1,130.5681,131.698,6.7279,138.3289,0.629,0.622,0.0337,0.6843,66.2433,67.655,5.339,72.9313,0.0,0,0.0,0.0,62.3211,63.742,3.1936,64.9735,10.0,10,0.0,10.0,18.0,18,0.0,18.0,0.0,0
ewma,20,10K,h4,8,10240,52.0,15,1,130.5524,131.042,5.6927,139.2335,0.6286,0.6251,0.0275,0.6684,65.1835,65.108,4.2972,72.5883,0.0,0,0.0,0.0,62.2546,62.72,3.46,66.4465,10.0,10,0.0,10.0,18.0,18,0.0,18.0,0.0,0
ewma,20,10K,h4,9,10240,52.0,15,1,130.375,131.164,5.6,137.5709,0.6295,0.6246,0.0278,0.6702,68.0133,68.15,3.1809,71.618,0.0,0,0.0,0.0,63.5677,62.775,3.3425,68.2182,10.0,10,0.0,10.0,18.0,18,0.0,18.0,0.0,0
ewma,20,10K,h4,10,10240,52.0,15,1,127.9588,127.355,4.8346,134.0413,0.6411,0.6432,0.0245,0.6764,63.6575,64.277,3.0285,67.2548,0.0,0,0.0,0.0,61.3571,62.245,3.4373,66.1587,10.0,10,0.0,10.0,18.0,18,0.0,18.0,0.0,0
lossaware,20,10K,h2,1,10240,6.0,15,1,17.2715,17.22,0.2324,17.669,4.7439,4.7573,0.0633,4.8114,10.5953,10.577,0.2035,10.9226,0.0,0,0.0,0.0,7.2456,7.256,0.0795,7.362,10.0,10,0.0,10.0,18.0,18,0.0,18.0,0.0,0
lossaware,20,10K,h2,2,10240,6.0,15,1,17.2289,17.294,0.2135,17.4652,4.7555,4.7369,0.0596,4.8643,10.6955,10.689,0.1321,10.9066,0.0,0,0.0,0.0,7.2453,7.247,0.0727,7.3485,10.0,10,0.0,10.0,18.0,18,0.0,18.0,0.0,0
lossaware,20,10K,h2,3,10240,6.0,15,1,17.2235,17.207,0.1774,17.4764,4.7568,4.7609,0.049,4.8151,10.6518,10.707,0.1981,10.8884,0.0,0,0.0,0.0,7.2279,7.236,0.0575,7.3151,10.0,10,0.0,10.0,18.0,18,0.0,18.0,0.0,0
lossaware,20,10K,h2,4,10240,6.0,15,1,17.2783,17.262,0.1604,17.5065,4.7416,4.7457,0.0441,4.8062,10.6589,10.647,0.1617,10.8771,0.0,0,0.0,0.0,7.2472,7.215,0.0856,7.3769,10.0,10,0.0,10.0,18.0,18,0.0,18.0,0.0,0
lossaware,20,10K,h2,5,10240,6.0,15,1,17.3121,17.22,0.3613,17.8187,4.7338,4.7573,0.0937,4.8128,10.7089,10.694,0.3589,11.1221,0.0,0,0.0,0.0,7.2487,7.248,0.0836,7.3937,10.0,10,0.0,10.0,18.0,18,0.0,18.0,0.0,0
lossaware,20,10K,h2,6,10240,6.0,15,1,17.2987,17.231,0.1575,17.5587,4.736,4.7542,0.0428,4.7888,10.6432,10.611,0.1598,10.8958,0.0,0,0.0,0.0,7.2386,7.24,0.0425,7.3002,10.0,10,0.0,10.0,18.0,18,0.0,18.0,0.0,0
lossaware,20,10K,h2,7,10240,6.0,15,1,17.2189,17.2,0.2141,17.5289,4.7582,4.7628,0.0582,4.8202,10.6522,10.7,0.2113,10.927,0.0,0,0.0,0.0,7.2356,7.213,0.0664,7.3235,10.0,10,0.0,10.0,18.0,18,0.0,18.0,0.0,0
lossaware,20,10K,h2,8,10240,6.0,15,1,17.3105,17.343,0.2832,17.651,4.7336,4.7235,0.0756,4.8239,10.7171,10.666,0.3378,11.1353,0.0,0,0.0,0.0,7.2733,7.237,0.1066,7.4576,10.0,10,0.0,10.0,18.0,18,0.0,18.0,0.0,0
lossaware,20,10K,h2,9,10240,6.0,15,1,17.2405,17.265,0.226,17.6005,4.7524,4.7449,0.0622,4.84,10.6688,10.657,0.1495,10.8546,0.0,0,0.0,0.0,7.2539,7.252,0.0906,7.3765,10.0,10,0.0,10.0,18.0,18,0.0,18.0,0.0,0
lossaware,20,10K,h2,10,10240,6.0,15,1,17.2517,17.26,0.2342,17.5879,4.7493,4.7462,0.0647,4.8457,10.6233,10.585,0.167,10.8776,0.0,0,0.0,0.0,7.2346,7.246,0.0751,7.3468,10.0,10,0.0,10.0,18.0,18,0.0,18.0,0.0,0
lossaware,20,10K,h3,1,10240,22.0,15,1,58.4923,58.159,1.6144,60.3814,1.4015,1.4086,0.0389,1.4604,31.2808,31.746,1.6172,33.0651,0.0,0,0.0,0.0,26.772,26.713,0.7146,27.9409,10.0,10,0.0,10.0,18.0,18,0.0,18.0,0.0,0
lossaware,20,10K,h3,2,10240,22.0,15,1,59.6929,60.008,1.5666,61.8585,1.3732,1.3652,0.0362,1.4266,31.6968,31.873,1.5394,33.6047,0.0,0,0.0,0.0,27.3635,27.339,0.9611,28.7739,10.0,10,0.0,10.0,18.0,18,0.0,18.0,0.0,0
lossaware,20,10K,h3,3,10240,22.0,15,1,57.7841,57.449,3.3024,61.9577,1.4221,1.426,0.0836,1.5648,30.8873,31.34,2.148,33.1117,0.0,0,0.0,0.0,26.4445,26.475,1.0054,28.3777,10.0,10,0.0,10.0,18.0,18,0.0,18.0,0.0,0
lossaware,20,10K,h3,4,10240,22.0,15,1,57.941,57.432,2.3738,61.4583,1.4161,1.4264,0.0581,1.5011,31.3923,31.78,2.0026,33.3427,0.0,0,0.0,0.0,26.622,26.582,1.2463,28.3082,10.0,10,0.0,10.0,18.0,18,0.0,18.0,0.0,0
lossaware,20,10K,h3,5,10240,22.0,15,1,58.2837,58.974,2.4431,61.1085,1.4079,1.3891,0.06,1.4914,31.2485,31.563,1.3067,32.7796,0.0,0,0.0,0.0,26.5331,26.147,1.2186,28.1943,10.0,10,0.0,10.0,18.0,18,0.0,18.0,0.0,0
lossaware,20,10K,h3,6,10240,22.0,15,1,58.9237,59.399,1.6802,60.5345,1.3914,1.3791,0.0406,1.4615,31.4573,32.05,1.905,33.1318,0.0,0,0.0,0.0,26.7921,26.579,1.1455,28.3959,10.0,10,0.0,10.0,18.0,18,0.0,18.0,0.0,0
lossaware,20,10K,h3,7,10240,22.0,15,1,60.0112,60.376,1.7481,61.9457,1.3662,1.3568,0.0416,1.4257,32.1652,32.019,0.6467,33.2973,0.0,0,0.0,0.0,27.1421,26.669,0.7955,28.4314,10.0,10,0.0,10.0,18.0,18,0.0,18.0,0.0,0
lossaware,20,10K,h3,8,10240,22.0,15,1,58.8619,58.582,2.0136,62.0876,1.3932,1.3984,0.0475,1.4557,31.2153,31.394,1.9244,33.6227,0.0,0,0.0,0.0,27.1309,27.135,0.9633,28.6047,10.0,10,0.0,10.0,18.0,18,0.0,18.0,0.0,0
lossaware,20,10K,h3,9,10240,22.0,15,1,58.4905,58.916,2.5174,60.8681,1.4031,1.3905,0.0642,1.5303,31.5477,31.752,1.5757,33.1633,0.0,0,0.0,0.0,26.4473,26.566,1.1732,28.1234,10.0,10,0.0,10.0,18.0,18,0.0,18.0,0.0,0
lossaware,20,10K,h3,10,10240,22.0,15,1,57.965,58.354,1.8363,60.0026,1.4146,1.4038,0.0455,1.4889,31.0769,31.479,1.4839,32.1888,0.0,0,0.0,0.0,26.4059,26.292,0.8127,27.9226,10.0,10,0.0,10.0,18.0,18,0.0,18.0,0.0,0
lossaware,20,10K,h4,1,10240,52.0,15,1,128.3073,127.485,6.0977,138.6687,0.6398,0.6426,0.0301,0.6828,64.8748,65.424,4.8136,71.0008,0.0,0,0.0,0.0,61.3483,60.879,3.2873,65.8283,10.0,10,0.0,10.0,18.0,18,0.0,18.0,0.0,0
lossaware,20,10K,h4,2,10240,52.0,15,1,127.3826,128.671,5.6736,134.0451,0.6443,0.6367,0.0291,0.6924,64.8199,64.703,5.001,72.5968,0.0,0,0.0,0.0,61.9275,63.373,3.0829,64.9772,10.0,10,0.0,10.0,18.0,18,0.0,18.0,0.0,0
lossaware,20,10K,h4,3,10240,52.0,15,1,128.7161,131.146,5.0598,134.0979,0.6374,0.6246,0.0256,0.6794,64.229,64.693,4.2741,70.1878,0.0,0,0.0,0.0,61.9647,61.361,2.8314,66.241,10.0,10,0.0,10.0,18.0,18,0.0,18.0,0.0,0
lossaware,20,10K,h4,4,10240,52.0,15,1,130.5701,132.355,5.5507,136.118,0.6285,0.6189,0.0287,0.6742,66.5907,66.355,3.1889,71.0722,0.0,0,0.0,0.0,62.1041,62.92,3.5072,66.8707,10.0,10,0.0,10.0,18.0,18,0.0,18.0,0.0,0
lossaware,20,10K,h4,5,10240,52.0,15,1,130.1939,130.946,5.1447,137.4087,0.6301,0.6256,0.0254,0.6649,66.1357,66.706,4.0956,71.5435,0.0,0,0.0,0.0,61.1609,61.131,2.3354,64.4542,10.0,10,0.0,10.0,18.0,18,0.0,18.0,0.0,0
lossaware,20,10K,h4,6,10240,52.0,15,1,126.3667,128.729,6.8609,134.1885,0.6501,0.6364,0.037,0.7137,64.2332,65.898,4.4193,70.8747,0.0,0,0.0,0.0,59.3211,57.812,3.4955,64.3362,10.0,10,0.0,10.0,18.0,18,0.0,18.0,0.0,0
lossaware,20,10K,h4,7,10240,52.0,15,1,130.3185,130.295,3.1965,134.8357,0.629,0.6287,0.0155,0.6523,65.5751,64.506,4.0628,72.1779,0.0,0,0.0,0.0,62.7586,62.939,2.8638,66.3176,10.0,10,0.0,10.0,18.0,18,0.0,18.0,0.0,0
lossaware,20,10K,h4,8,10240,52.0,15,1,129.3718,128.478,4.6012,135.1835,0.634,0.6376,0.0227,0.6667,63.0193,64.175,2.8792,66.5918,0.0,0,0.0,0.0,59.938,59.926,2.0797,62.7514,10.0,10,0.0,10.0,18.0,18,0.0,18.0,0.0,0
lossaware,20,10K,h4,9,10240,52.0,15,1,127.9296,130.226,7.1526,136.6718,0.6423,0.6291,0.0368,0.6985,65.3767,66.564,4.1862,70.933,0.0,0,0.0,0.0,61.6937,62.123,3.325,66.1986,10.0,10,0.0,10.0,18.0,18,0.0,18.0,0.0,0
lossaware,20,10K,h4,10,10240,52.0,15,1,128.0003,128.122,4.358,135.0877,0.6407,0.6394,0.0218,0.6733,65.6242,66.659,3.3365,70.3117,0.0,0,0.0,0.0,60.8234,60.94,3.4183,66.4075,10.0,10,0.0,10.0,18.0,18,0.0,18.0,0.0,0
lossaware-disc,20,10K,h2,1,10240,6.0,15,1,17.3479,17.271,0.3171,18.0125,4.7236,4.7432,0.0845,4.8085,10.7083,10.656,0.2973,11.3006,0.0,0,0.0,0.0,7.2384,7.231,0.0477,7.3328,10.0,10,0.0,10.0,18.0,18,0.0,18.0,0.0,0
lossaware-disc,20,10K,h2,2,10240,6.0,15,1,17.2857,17.124,0.2612,17.7216,4.7402,4.7839,0.0708,4.8074,10.6973,10.7,0.2193,11.0047,0.0,0,0.0,0.0,7.2061,7.177,0.0812,7.3247,10.0,10,0.0,10.0,18.0,18,0.0,18.0,0.0,0
lossaware-disc,20,10K,h2,3,10240,6.0,15,1,17.2483,17.205,0.1617,17.549,4.7498,4.7614,0.0442,4.798,10.6119,10.62,0.197,10.8756,0.0,0,0.0,0.0,7.2669,7.251,0.0785,7.373,10.0,10,0.0,10.0,18.0,18,0.0,18.0,0.0,0
lossaware-disc,20,10K,h2,4,10240,6.0,15,1,17.3193,17.246,0.2567,17.7352,4.7309,4.7501,0.0692,4.8088,10.6784,10.698,0.2384,10.9891,0.0,0,0.0,0.0,7.2738,7.276,0.0828,7.3901,10.0,10,0.0,10.0,18.0,18,0.0,18.0,0.0,0
lossaware-disc,20,10K,h2,5,10240,6.0,15,1,17.2443,17.189,0.2793,17.5972,4.7517,4.7658,0.0772,4.8577,10.6983,10.728,0.2176,11.0218,0.0,0,0.0,0.0,7.2494,7.218,0.0927,7.4205,10.0,10,0.0,10.0,18.0,18,0.0,18.0,0.0,0
lossaware-disc,20,10K,h2,6,10240,6.0,15,1,17.1849,17.218,0.1157,17.299,4.7672,4.7578,0.0323,4.8141,10.5846,10.533,0.1797,10.8453,0.0,0,0.0,0.0,7.2644,7.248,0.0859,7.4018,10.0,10,0.0,10.0,18.0,18,0.0,18.0,0.0,0
lossaware-disc,20,10K,h2,7,10240,6.0,15,1,17.3047,17.287,0.2249,17.6117,4.7347,4.7388,0.0612,4.8257,10.7242,10.744,0.2094,10.9677,0.0,0,0.0,0.0,7.2535,7.235,0.0827,7.3691,10.0,10,0.0,10.0,18.0,18,0.0,18.0,0.0,0
lossaware-disc,20,10K,h2,8,10240,6.0,15,1,17.2034,17.169,0.1793,17.4707,4.7623,4.7714,0.0496,4.8278,10.6161,10.605,0.1627,10.8638,0.0,0,0.0,0.0,7.2023,7.19,0.062,7.3111,10.0,10,0.0,10.0,18.0,18,0.0,18.0,0.0,0
lossaware-disc,20,10K,h2,9,10240,6.0,15,1,17.2734,17.244,0.1955,17.5442,4.7431,4.7506,0.0526,4.7968,10.6297,10.609,0.1818,10.9055,0.0,0,0.0,0.0,7.2512,7.242,0.0737,7.3681,10.0,10,0.0,10.0,18.0,18,0.0,18.0,0.0,0
lossaware-disc,20,10K,h2,10,10240,6.0,15,1,17.1974,17.187,0.2464,17.5356,4.7644,4.7664,0.0682,4.8628,10.5578,10.613,0.2097,10.8341,0.0,0,0.0,0.0,7.2486,7.253,0.0724,7.333,10.0,10,0.0,10.0,18.0,18,0.0,18.0,0.0,0
lossaware-disc,20,10K,h3,1,10240,22.0,15,1,57.9783,59.209,2.7853,60.451,1.4161,1.3836,0.0715,1.5348,31.1569,31.687,1.5936,32.4508,0.0,0,0.0,0.0,26.2903,26.423,1.039,27.7004,10.0,10,0.0,10.0,18.0,18,0.0,18.0,0.0,0
lossaware-disc,20,10K,h3,2,10240,22.0,15,1,58.0325,57.869,2.6222,61.5858,1.4144,1.4156,0.0649,1.518,31.4341,31.679,1.6811,33.1167,0.0,0,0.0,0.0,26.6579,26.879,1.3193,28.5365,10.0,10,0.0,10.0,18.0,18,0.0,18.0,0.0,0
lossaware-disc,20,10K,h3,3,10240,22.0,15,1,57.4303,58.189,2.7695,60.5434,1.4297,1.4078,0.0728,1.5399,30.7303,31.289,1.9844,33.5169,0.0,0,0.0,0.0,26.3871,26.252,1.2426,28.2862,10.0,10,0.0,10.0,18.0,18,0.0,18.0,0.0,0
lossaware-disc,20,10K,h3,4,10240,22.0,15,1,57.5217,58.28,2.7001,60.8109,1.4271,1.4056,0.0678,1.5277,31.2607,31.535,1.6104,33.0727,0.0,0,0.0,0.0,26.3691,26.322,1.0789,28.003,10.0,10,0.0,10.0,18.0,18,0.0,18.0,0.0,0
lossaware-disc,20,10K,h3,5,10240,22.0,15,1,58.1943,58.82,1.9552,60.0011,1.4092,1.3927,0.0494,1.5071,31.7514,31.981,1.4132,33.2261,0.0,0,0.0,0.0,26.8099,26.714,0.9252,27.9318,10.0,10,0.0,10.0,18.0,18,0.0,18.0,0.0,0
lossaware-disc,20,10K,h3,6,10240,22.0,15,1,58.4087,58.86,2.1794,61.1949,1.4044,1.3918,0.0534,1.5029,31.3414,31.511,1.8522,33.2982,0.0,0,0.0,0.0,26.8754,26.601,0.9108,28.3843,10.0,10,0.0,10.0,18.0,18,0.0,18.0,0.0,0
lossaware-disc,20,10K,h3,7,10240,22.0,15,1,58.2651,58.628,1.8708,60.2706,1.4074,1.3973,0.0465,1.4911,31.4221,31.72,1.2307,32.3872,0.0,0,0.0,0.0,26.3921,26.419,0.5929,27.1786,10.0,10,0.0,10.0,18.0,18,0.0,18.0,0.0,0
lossaware-disc,20,10K,h3,8,10240,22.0,15,1,57.9823,58.349,1.8027,60.1635,1.4141,1.404,0.0447,1.4885,31.6761,31.788,1.5887,33.2179,0.0,0,0.0,0.0,26.5385,26.474,1.021,27.9144,10.0,10,0.0,10.0,18.0,18,0.0,18.0,0.0,0
lossaware-disc,20,10K,h3,9,10240,22.0,15,1,57.8525,58.879,2.9468,60.6297,1.4197,1.3913,0.0768,1.5831,31.0744,31.835,2.0491,33.3099,0.0,0,0.0,0.0,26.8251,26.479,1.0262,28.3653,10.0,10,0.0,10.0,18.0,18,0.0,18.0,0.0,0
lossaware-disc,20,10K,h3,10,10240,22.0,15,1,58.0333,58.404,2.7918,61.5553,1.4147,1.4026,0.0691,1.5266,30.5618,31.177,2.2023,33.2384,0.0,0,0.0,0.0,26.634,27.307,1.4939,28.45,10.0,10,0.0,10.0,18.0,18,0.0,18.0,0.0,0
lossaware-disc,20,10K,h4,1,10240,52.0,15,1,127.8824,127.455,3.3408,133.0757,0.641,0.6427,0.0164,0.663,64.7932,65.436,2.3275,67.3035,0.0,0,0.0,0.0,61.4323,61.375,2.9224,65.5731,10.0,10,0.0,10.0,18.0,18,0.0,18.0,0.0,0
lossaware-disc,20,10K,h4,2,10240,52.0,15,1,126.7337,127.367,5.7539,134.2972,0.6477,0.6432,0.0302,0.6862,62.9043,63.242,4.3274,69.2605,0.0,0,0.0,0.0,61.7658,61.538,3.4933,66.4082,10.0,10,0.0,10.0,18.0,18,0.0,18.0,0.0,0
lossaware-disc,20,10K,h4,3,10240,52.0,15,1,130.7453,132.305,4.7268,136.8456,0.6273,0.6192,0.0231,0.6662,65.9662,66.564,3.3367,70.1441,0.0,0,0.0,0.0,61.7938,62.688,3.6368,66.3784,10.0,10,0.0,10.0,18.0,18,0.0,18.0,0.0,0
lossaware-disc,20,10K,h4,4,10240,52.0,15,1,130.3423,129.322,6.2584,139.5247,0.6298,0.6335,0.0301,0.6676,65.8942,68.457,5.2694,71.7371,0.0,0,0.0,0.0,62.2553,62.325,3.2463,66.357,10.0,10,0.0,10.0,18.0,18,0.0,18.0,0.0,0
lossaware-disc,20,10K,h4,5,10240,52.0,15,1,131.6906,130.843,4.0923,139.1274,0.6226,0.6261,0.019,0.6442,67.2497,66.679,3.0341,72.5489,0.0,0,0.0,0.0,61.7547,61.196,2.6786,65.4424,10.0,10,0.0,10.0,18.0,18,0.0,18.0,0.0,0
lossaware-disc,20,10K,h4,6,10240,52.0,15,1,128.708,128.898,4.4278,136.0465,0.6372,0.6355,0.0216,0.6648,64.7913,65.04,4.4143,71.2419,0.0,0,0.0,0.0,61.6069,61.677,3.1343,65.2219,10.0,10,0.0,10.0,18.0,18,0.0,18.0,0.0,0
lossaware-disc,20,10K,h4,7,10240,52.0,15,1,130.3196,131.357,4.4264,137.5786,0.6293,0.6236,0.0212,0.6599,64.8061,64.038,2.6996,68.8772,0.0,0,0.0,0.0,63.2482,63.14,2.3142,66.8396,10.0,10,0.0,10.0,18.0,18,0.0,18.0,0.0,0
lossaware-disc,20,10K,h4,8,10240,52.0,15,1,125.5179,127.116,5.6234,132.1451,0.6539,0.6445,0.0296,0.7013,63.4943,62.832,4.0018,69.111,0.0,0,0.0,0.0,60.5403,60.523,3.0365,64.4372,10.0,10,0.0,10.0,18.0,18,0.0,18.0,0.0,0
lossaware-disc,20,10K,h4,9,10240,52.0,15,1,127.1961,124.877,5.2022,135.1205,0.645,0.656,0.0253,0.6683,64.1497,63.657,4.2109,72.4916,0.0,0,0.0,0.0,61.8659,60.472,3.3176,67.3342,10.0,10,0.0,10.0,18.0,18,0.0,18.0,0.0,0
lossaware-disc,20,10K,h4,10,10240,52.0,15,1,127.648,125.21,7.2636,137.65,0.6437,0.6543,0.0373,0.696,64.2853,63.586,3.9531,69.9974,0.0,0,0.0,0.0,60.9533,60.744,3.5371,67.0314,10.0,10,0.0,10.0,18.0,18,0.0,18.0,0.0,0
metrics,20,10K,h2,1,10240,6.0,15,1,17.0138,16.957,0.1761,17.3196,4.8154,4.831,0.0496,4.8688,10.5165,10.474,0.1511,10.7654,0.0,0,0.0,0.0,7.1862,7.187,0.0581,7.2749,10.0,10,0.0,10.0,18.0,18,0.0,18.0,0.0,0
metrics,20,10K,h2,2,10240,6.0,15,1,17.2834,17.169,0.3377,17.8202,4.7415,4.7714,0.0901,4.8348,10.67,10.561,0.2675,11.1526,0.0,0,0.0,0.0,7.2584,7.221,0.098,7.4105,10.0,10,0.0,10.0,18.0,18,0.0,18.0,0.0,0
metrics,20,10K,h2,3,10240,6.0,15,1,17.2601,17.315,0.342,17.7117,4.748,4.7312,0.0948,4.9091,10.7197,10.709,0.2247,11.0796,0.0,0,0.0,0.0,7.2741,7.241,0.1396,7.5059,10.0,10,0.0,10.0,18.0,18,0.0,18.0,0.0,0
metrics,20,10K,h2,4,10240,6.0,15,1,17.275,17.223,0.261,17.6801,4.7431,4.7564,0.0707,4.8402,10.6611,10.62,0.2285,10.9835,0.0,0,0.0,0.0,7.2659,7.26,0.0824,7.4048,10.0,10,0.0,10.0,18.0,18,0.0,18.0,0.0,0
metrics,20,10K,h2,5,10240,6.0,15,1,17.2163,17.224,0.1311,17.3853,4.7585,4.7562,0.0364,4.8169,10.6028,10.597,0.1614,10.8447,0.0,0,0.0,0.0,7.2474,7.223,0.1021,7.4245,10.0,10,0.0,10.0,18.0,18,0.0,18.0,0.0,0
metrics,20,10K,h2,6,10240,6.0,15,1,17.4013,17.244,0.4569,18.191,4.7106,4.7506,0.1172,4.8097,10.7163,10.531,0.45,11.5361,0.0,0,0.0,0.0,7.3294,7.283,0.1264,7.5555,10.0,10,0.0,10.0,18.0,18,0.0,18.0,0.0,0
metrics,20,10K,h2,7,10240,6.0,15,1,17.2811,17.249,0.232,17.6423,4.7412,4.7493,0.063,4.816,10.6786,10.663,0.1862,10.9371,0.0,0,0.0,0.0,7.2159,7.209,0.0412,7.2812,10.0,10,0.0,10.0,18.0,18,0.0,18.0,0.0,0
metrics,20,10K,h2,8,10240,6.0,15,1,17.3313,17.277,0.375,17.8083,4.7287,4.7416,0.0986,4.8318,10.7357,10.693,0.3195,11.2513,0.0,0,0.0,0.0,7.2626,7.238,0.1049,7.4374,10.0,10,0.0,10.0,18.0,18,0.0,18.0,0.0,0
metrics,20,10K,h2,9,10240,6.0,15,1,17.2593,17.184,0.3469,17.7923,4.7481,4.7672,0.0923,4.8536,10.6975,10.666,0.3233,11.1196,0.0,0,0.0,0.0,7.2649,7.252,0.1043,7.4288,10.0,10,0.0,10.0,18.0,18,0.0,18.0,0.0,0
metrics,20,10K,h2,10,10240,6.0,15,1,17.2155,17.17,0.2061,17.5095,4.7591,4.7711,0.0567,4.8302,10.6225,10.612,0.1759,10.8337,0.0,0,0.0,0.0,7.2223,7.2,0.0734,7.3443,10.0,10,0.0,10.0,18.0,18,0.0,18.0,0.0,0
metrics,20,10K,h3,1,10240,22.0,15,1,53.6327,54.335,1.6833,55.0044,1.5289,1.5077,0.0503,1.6307,28.6985,28.995,0.8366,29.3275,0.0,0,0.0,0.0,24.8816,25.119,0.5586,25.3452,10.0,10,0.0,10.0,18.0,18,0.0,18.0,0.0,0
metrics,20,10K,h3,2,10240,22.0,15,1,57.011,57.009,2.8339,61.0095,1.4403,1.437,0.0722,1.5392,30.7839,31.594,1.9757,32.8208,0.0,0,0.0,0.0,26.373,26.228,1.0411,27.8323,10.0,10,0.0,10.0,18.0,18,0.0,18.0,0.0,0
metrics,20,10K,h3,3,10240,22.0,15,1,56.6899,56.948,2.8306,60.7241,1.4485,1.4385,0.0742,1.5588,31.1998,31.756,1.6548,32.9803,0.0,0,0.0,0.0,26.0354,25.922,1.0515,27.4788,10.0,10,0.0,10.0,18.0,18,0.0,18.0,0.0,0
metrics,20,10K,h3,4,10240,22.0,15,1,58.9092,58.57,1.807,61.2705,1.3918,1.3987,0.0427,1.4558,31.8097,32.065,1.2285,33.175,0.0,0,0.0,0.0,26.7818,26.822,0.7925,27.9122,10.0,10,0.0,10.0,18.0,18,0.0,18.0,0.0,0
metrics,20,10K,h3,5,10240,22.0,15,1,58.0563,58.607,1.8421,60.4042,1.4124,1.3978,0.0457,1.4988,30.9781,31.694,1.8055,33.094,0.0,0,0.0,0.0,26.4199,26.324,0.9431,27.8733,10.0,10,0.0,10.0,18.0,18,0.0,18.0,0.0,0
metrics,20,10K,h3,6,10240,22.0,15,1,58.4201,59.097,2.319,61.1246,1.4043,1.3862,0.0563,1.4839,31.4706,31.894,1.5193,33.2688,0.0,0,0.0,0.0,26.7746,26.601,0.9347,28.3374,10.0,10,0.0,10.0,18.0,18,0.0,18.0,0.0,0
metrics,20,10K,h3,7,10240,22.0,15,1,58.3553,59.04,2.5852,61.1824,1.4065,1.3875,0.0659,1.5211,31.2931,31.859,1.7351,32.6842,0.0,0,0.0,0.0,26.2991,26.016,1.1036,28.1561,10.0,10,0.0,10.0,18.0,18,0.0,18.0,0.0,0
metrics,20,10K,h3,8,10240,22.0,15,1,57.6891,58.197,2.5687,60.99,1.4227,1.4076,0.0645,1.5389,30.6023,31.223,1.8828,32.8356,0.0,0,0.0,0.0,26.4545,26.132,1.0657,28.3562,10.0,10,0.0,10.0,18.0,18,0.0,18.0,0.0,0
metrics,20,10K,h3,9,10240,22.0,15,1,58.3352,57.982,1.8091,60.7906,1.4056,1.4129,0.0439,1.4696,30.8267,31.175,1.5391,32.8081,0.0,0,0.0,0.0,26.6154,26.483,0.565,27.5885,10.0,10,0.0,10.0,18.0,18,0.0,18.0,0.0,0
metrics,20,10K,h3,10,10240,22.0,15,1,57.1803,56.711,2.9246,61.2671,1.4362,1.4445,0.0747,1.5627,29.8933,31.232,1.9522,31.999,0.0,0,0.0,0.0,25.9005,25.622,0.9255,27.1427,10.0,10,0.0,10.0,18.0,18,0.0,18.0,0.0,0
metrics,20,10K,h4,1,10240,52.0,15,1,118.387,119.417,3.5091,123.4101,0.6925,0.686,0.0206,0.7236,60.0353,60.117,1.8945,62.6753,0.0,0,0.0,0.0,57.2603,56.747,1.7665,60.1422,10.0,10,0.0,10.0,18.0,18,0.0,18.0,0.0,0
metrics,20,10K,h4,2,10240,52.0,15,1,127.7694,129.954,7.3291,136.584,0.6432,0.6304,0.0384,0.7051,64.6457,65.502,4.7471,70.8041,0.0,0,0.0,0.0,62.0411,62.834,3.9739,66.5758,10.0,10,0.0,10.0,18.0,18,0.0,18.0,0.0,0
metrics,20,10K,h4,3,10240,52.0,15,1,130.5517,130.088,5.3879,139.8075,0.6285,0.6297,0.0253,0.6586,65.8257,65.259,4.1628,72.5548,0.0,0,0.0,0.0,62.6681,63.314,3.44,68.3417,10.0,10,0.0,10.0,18.0,18,0.0,18.0,0.0,0
metrics,20,10K,h4,4,10240,52.0,15,1,129.1061,128.148,5.3748,135.5556,0.6356,0.6393,0.0268,0.6788,65.3021,66.693,3.6209,68.8578,0.0,0,0.0,0.0,60.6953,60.988,2.9762,64.3259,10.0,10,0.0,10.0,18.0,18,0.0,18.0,0.0,0
metrics,20,10K,h4,5,10240,52.0,15,1,129.4203,129.264,4.9854,137.5401,0.6338,0.6337,0.0241,0.6654,64.7378,64.545,4.2097,69.9263,0.0,0,0.0,0.0,62.3168,62.613,3.9818,67.4182,10.0,10,0.0,10.0,18.0,18,0.0,18.0,0.0,0
metrics,20,10K,h4,6,10240,52.0,15,1,127.8812,125.511,6.512,137.432,0.6422,0.6527,0.0328,0.6826,65.842,66.603,4.2778,70.4878,0.0,0,0.0,0.0,60.3737,59.168,3.4359,65.9271,10.0,10,0.0,10.0,18.0667,18,0.2582,18.3,0.0,0
metrics,20,10K,h4,7,10240,52.0,15,1,128.9211,130.188,5.2509,135.4852,0.6364,0.6292,0.0262,0.6767,66.2783,66.558,4.4075,72.722,0.0,0,0.0,0.0,61.0131,59.633,4.4147,67.5867,10.0,10,0.0,10.0,18.0,18,0.0,18.0,0.0,0
metrics,20,10K,h4,8,10240,52.0,15,1,128.2201,129.237,5.4358,134.505,0.64,0.6339,0.0279,0.6889,64.5527,64.414,3.9438,70.2471,0.0,0,0.0,0.0,61.8627,62.533,3.2168,67.2534,10.0,10,0.0,10.0,18.0,18,0.0,18.0,0.0,0
metrics,20,10K,h4,9,10240,52.0,15,1,128.6491,126.116,7.9894,140.0199,0.639,0.6496,0.0392,0.6912,65.0199,64.923,4.8113,72.4609,0.0,0,0.0,0.0,62.4241,62.947,3.9051,67.7542,10.0,10,0.0,10.0,18.0,18,0.0,18.0,0.0,0
metrics,20,10K,h4,10,10240,52.0,15,1,128.8617,129.937,6.5213,137.8504,0.6372,0.6305,0.0324,0.6818,65.3573,66.742,3.9445,71.058,0.0,0,0.0,0.0,61.041,61.93,3.2064,65.2599,10.0,10,0.0,10.0,18.0,18,0.0,18.0,0.0,0
static10,20,10K,h2,1,10240,6.0,15,1,17.0789,16.979,0.286,17.5215,4.7978,4.8248,0.0797,4.8888,10.5675,10.514,0.2472,10.9846,0.0,0,0.0,0.0,7.1739,7.154,0.0978,7.3288,10.0,10,0.0,10.0,18.0,18,0.0,18.0,0.0,0
static10,20,10K,h2,2,10240,6.0,15,1,17.3785,17.261,0.2999,17.9764,4.7152,4.746,0.0797,4.7775,10.7081,10.668,0.2612,11.1299,0.0,0,0.0,0.0,7.279,7.287,0.0788,7.3796,10.0,10,0.0,10.0,18.0,18,0.0,18.0,0.0,0
static10,20,10K,h2,3,10240,6.0,15,1,17.2947,17.232,0.2469,17.6393,4.7376,4.7539,0.0675,4.8294,10.6684,10.73,0.1969,10.921,0.0,0,0.0,0.0,7.2314,7.227,0.0676,7.3333,10.0,10,0.0,10.0,18.0,18,0.0,18.0,0.0,0
static10,20,10K,h2,4,10240,6.0,15,1,17.1782,17.16,0.1714,17.4474,4.7693,4.7739,0.0471,4.8302,10.5847,10.583,0.1835,10.8199,0.0,0,0.0,0.0,7.2488,7.233,0.0773,7.3656,10.0,10,0.0,10.0,18.0,18,0.0,18.0,0.0,0
static10,20,10K,h2,5,10240,6.0,15,1,17.1947,17.197,0.3045,17.5896,4.7657,4.7636,0.085,4.8883,10.5792,10.564,0.1928,10.8053,0.0,0,0.0,0.0,7.2323,7.231,0.0777,7.3355,10.0,10,0.0,10.0,18.0,18,0.0,18.0,0.0,0
static10,20,10K,h2,6,10240,6.0,15,1,17.2221,17.214,0.1769,17.4574,4.7571,4.7589,0.0489,4.8301,10.6045,10.602,0.1457,10.8119,0.0,0,0.0,0.0,7.2161,7.206,0.0722,7.3396,10.0,10,0.0,10.0,18.0,18,0.0,18.0,0.0,0
static10,20,10K,h2,7,10240,6.0,15,1,17.3565,17.272,0.3362,17.8349,4.7215,4.7429,0.0903,4.8319,10.7051,10.676,0.3071,11.1121,0.0,0,0.0,0.0,7.2709,7.251,0.1155,7.4253,10.0,10,0.0,10.0,18.0,18,0.0,18.0,0.0,0
static10,20,10K,h2,8,10240,6.0,15,1,17.2981,17.33,0.284,17.6839,4.737,4.7271,0.0779,4.85,10.6495,10.618,0.2607,11.032,0.0,0,0.0,0.0,7.2851,7.258,0.0962,7.4736,10.0,10,0.0,10.0,18.0,18,0.0,18.0,0.0,0
static10,20,10K,h2,9,10240,6.0,15,1,17.3289,17.209,0.3667,17.9702,4.7293,4.7603,0.0964,4.8232,10.7663,10.742,0.3838,11.3209,0.0,0,0.0,0.0,7.2875,7.255,0.1263,7.4531,10.0,10,0.0,10.0,18.0,18,0.0,18.0,0.0,0
static10,20,10K,h2,10,10240,6.0,15,1,17.2009,17.178,0.1907,17.4618,4.7631,4.7689,0.053,4.8407,10.6613,10.702,0.2061,10.9112,0.0,0,0.0,0.0,7.2275,7.218,0.0326,7.2775,10.0,10,0.0,10.0,18.0,18,0.0,18.0,0.0,0
static10,20,10K,h3,1,10240,22.0,15,1,53.4192,54.276,1.6313,54.8877,1.5349,1.5093,0.0485,1.6156,28.7702,29.031,0.8816,29.374,0.0,0,0.0,0.0,24.5352,24.589,0.5703,25.2784,10.0,10,0.0,10.0,18.0,18,0.0,18.0,0.0,0
static10,20,10K,h3,2,10240,22.0,15,1,59.4176,59.399,2.1863,62.1616,1.3805,1.3791,0.0528,1.4869,31.9242,31.758,0.7549,33.0447,0.0,0,0.0,0.0,27.0088,26.756,1.1155,28.4963,10.0,10,0.0,10.0,18.0,18,0.0,18.0,0.0,0
static10,20,10K,h3,3,10240,22.0,15,1,57.8502,57.543,2.8262,61.7738,1.4192,1.4236,0.0688,1.5073,31.3455,31.615,2.0899,33.9934,0.0,0,0.0,0.0,26.7257,26.391,1.0725,28.6289,10.0,10,0.0,10.0,18.0,18,0.0,18.0,0.0,0
static10,20,10K,h3,4,10240,22.0,15,1,58.0607,58.149,3.015,61.5501,1.4146,1.4088,0.076,1.5592,31.1911,31.689,1.7554,33.1122,0.0,0,0.0,0.0,26.8444,26.474,1.2162,28.4572,10.0,10,0.0,10.0,18.0,18,0.0,18.0,0.0,0
static10,20,10K,h3,5,10240,22.0,15,1,57.1439,56.814,2.7968,60.9138,1.4368,1.4419,0.0705,1.5379,30.5229,31.502,2.1919,32.7529,0.0,0,0.0,0.0,26.4753,26.533,1.037,28.1192,10.0,10,0.0,10.0,18.0,18,0.0,18.0,0.0,0
static10,20,10K,h3,6,10240,22.0,15,1,58.9081,59.596,2.1532,61.7071,1.3924,1.3746,0.0519,1.4744,31.7031,31.889,1.5793,33.5148,0.0,0,0.0,0.0,26.9058,26.618,0.9361,28.5586,10.0,10,0.0,10.0,18.0,18,0.0,18.0,0.0,0
static10,20,10K,h3,7,10240,22.0,15,1,58.1286,58.411,2.5071,61.0978,1.4118,1.4025,0.0618,1.5014,30.8898,31.733,2.3225,33.0269,0.0,0,0.0,0.0,26.7562,26.567,1.0271,28.2379,10.0,10,0.0,10.0,18.0,18,0.0,18.0,0.0,0
static10,20,10K,h3,8,10240,22.0,15,1,57.3835,59.098,3.5709,60.4953,1.4331,1.3862,0.0952,1.5952,30.8185,31.374,1.7354,32.1471,0.0,0,0.0,0.0,26.3752,26.478,1.3687,28.0713,10.0,10,0.0,10.0,18.0,18,0.0,18.0,0.0,0
static10,20,10K,h3,9,10240,22.0,15,1,58.0259,58.839,2.6583,60.9511,1.4148,1.3923,0.0695,1.5483,31.0803,31.453,1.6959,32.8686,0.0,0,0.0,0.0,26.6247,26.833,1.2521,28.2195,10.0,10,0.0,10.0,18.0,18,0.0,18.0,0.0,0
static10,20,10K,h3,10,10240,22.0,15,1,58.1171,59.002,2.7274,61.2884,1.4125,1.3884,0.0678,1.5248,31.0193,31.685,1.8926,32.781,0.0,0,0.0,0.0,26.4088,26.376,1.1296,28.2189,10.0,10,0.0,10.0,18.0,18,0.0,18.0,0.0,0
static10,20,10K,h4,1,10240,52.0,15,1,118.5697,119.244,3.5697,123.9336,0.6915,0.687,0.0207,0.7166,60.0828,60.089,1.7627,62.3467,0.0,0,0.0,0.0,56.6027,56.178,1.815,59.9755,10.0,10,0.0,10.0,18.0,18,0.0,18.0,0.0,0
static10,20,10K,h4,2,10240,52.0,15,1,131.5513,133.883,4.651,136.4031,0.6235,0.6119,0.0224,0.659,66.8018,66.9,3.4751,71.8114,0.0,0,0.0,0.0,62.7621,62.175,3.3405,68.2553,10.0,10,0.0,10.0,18.0,18,0.0,18.0,0.0,0
static10,20,10K,h4,3,10240,52.0,15,1,130.6562,131.462,6.6416,139.78,0.6285,0.6231,0.0322,0.6718,65.028,64.131,4.4808,72.5433,0.0,0,0.0,0.0,62.1906,62.369,3.9129,66.9221,10.0,10,0.0,10.0,18.0,18,0.0,18.0,0.0,0
static10,20,10K,h4,4,10240,52.0,15,1,128.9789,128.358,4.9128,135.6788,0.636,0.6382,0.0245,0.6746,63.2398,64.246,4.3258,69.8736,0.0,0,0.0,0.0,61.4223,61.371,3.6009,67.0914,10.0,10,0.0,10.0,18.0,18,0.0,18.0,0.0,0
static10,20,10K,h4,5,10240,52.0,15,1,128.6595,125.997,5.8363,137.666,0.6379,0.6502,0.0283,0.6721,64.8691,66.181,4.4764,71.4226,0.0,0,0.0,0.0,61.6376,61.742,3.4416,66.7181,10.0,10,0.0,10.0,18.0,18,0.0,18.0,0.0,0
static10,20,10K,h4,6,10240,52.0,15,1,130.3633,131.818,5.9706,138.0199,0.6296,0.6215,0.0292,0.6778,66.1534,65.102,4.5955,72.7846,0.0,0,0.0,0.0,63.6515,64.601,2.9952,66.4667,10.0,10,0.0,10.0,18.0,18,0.0,18.0,0.0,0
static10,20,10K,h4,7,10240,52.0,15,1,128.1281,127.674,6.5765,137.7329,0.6409,0.6416,0.0328,0.6884,65.0066,66.554,4.4684,71.1556,0.0,0,0.0,0.0,61.5891,60.974,3.8008,67.5517,10.0,10,0.0,10.0,18.0,18,0.0,18.0,0.0,0
static10,20,10K,h4,8,10240,52.0,15,1,128.0021,127.32,5.0323,135.1914,0.6409,0.6434,0.0252,0.6752,64.3827,64.943,3.4902,69.5887,0.0,0,0.0,0.0,60.6534,61.512,2.9508,64.2892,10.0,10,0.0,10.0,18.0,18,0.0,18.0,0.0,0
static10,20,10K,h4,9,10240,52.0,15,1,130.5434,128.132,7.3727,141.8997,0.6294,0.6393,0.0349,0.6716,65.7151,65.441,4.3891,72.8661,0.0,0,0.0,0.0,61.9077,61.544,3.7228,68.015,10.0,10,0.0,10.0,18.0,18,0.0,18.0,0.0,0
static10,20,10K,h4,10,10240,52.0,15,1,126.3335,125.142,6.2091,136.5564,0.6499,0.6546,0.0314,0.6931,63.3275,64.193,5.3407,70.3735,0.0,0,0.0,0.0,59.7384,59.73,3.833,64.689,10.0,10,0.0,10.0,18.0,18,0.0,18.0,0.0,0
statichigh,20,10K,h2,1,10240,6.0,15,1,17.2643,17.24,0.3043,17.7295,4.7464,4.7517,0.0837,4.8568,10.6501,10.599,0.2807,11.1394,0.0,0,0.0,0.0,7.7099,7.671,0.0878,7.8538,24.0,24,0.0,24.0,24.0,24,0.0,24.0,0.0,0
statichigh,20,10K,h2,2,10240,6.0,15,1,17.2938,17.187,0.3821,18.0309,4.739,4.7664,0.1007,4.8252,10.7306,10.648,0.3459,11.2697,0.0,0,0.0,0.0,7.7141,7.704,0.0693,7.8133,24.0,24,0.0,24.0,24.0,24,0.0,24.0,0.0,0
statichigh,20,10K,h2,3,10240,6.0,15,1,16.9033,16.931,0.2091,17.1385,4.8471,4.8385,0.0607,4.9356,10.4592,10.443,0.1704,10.69,0.0,0,0.0,0.0,7.6109,7.623,0.0693,7.7112,24.0,24,0.0,24.0,24.0,24,0.0,24.0,0.0,0
statichigh,20,10K,h2,4,10240,6.0,15,1,17.2159,17.185,0.2085,17.5686,4.759,4.7669,0.0575,4.8355,10.6559,10.689,0.1745,10.8874,0.0,0,0.0,0.0,7.6757,7.644,0.0742,7.7908,24.0,24,0.0,24.0,24.0,24,0.0,24.0,0.0,0
statichigh,20,10K,h2,5,10240,6.0,15,1,17.3309,17.289,0.5005,18.1381,4.7303,4.7383,0.1302,4.8607,10.7135,10.578,0.3932,11.2746,0.0,0,0.0,0.0,7.6967,7.684,0.0734,7.8084,24.0,24,0.0,24.0,24.0,24,0.0,24.0,0.0,0
statichigh,20,10K,h2,6,10240,6.0,15,1,17.0387,17.004,0.2355,17.397,4.8087,4.8177,0.0663,4.8923,10.5806,10.607,0.2006,10.8622,0.0,0,0.0,0.0,7.6632,7.658,0.0485,7.7442,24.0,24,0.0,24.0,24.0,24,0.0,24.0,0.0,0
statichigh,20,10K,h2,7,10240,6.0,15,1,17.2849,17.255,0.2807,17.7277,4.7406,4.7476,0.0761,4.8245,10.671,10.631,0.2414,11.0726,0.0,0,0.0,0.0,7.7049,7.675,0.0806,7.8553,24.0,24,0.0,24.0,24.0,24,0.0,24.0,0.0,0
statichigh,20,10K,h2,8,10240,6.0,15,1,17.2701,17.277,0.1516,17.4407,4.7438,4.7416,0.0418,4.8172,10.7124,10.773,0.1832,10.9049,0.0,0,0.0,0.0,7.6777,7.66,0.0558,7.7775,24.0,24,0.0,24.0,24.0,24,0.0,24.0,0.0,0
statichigh,20,10K,h2,9,10240,6.0,15,1,17.2958,17.272,0.2897,17.8955,4.7376,4.7429,0.0781,4.8175,10.6133,10.597,0.2154,10.9338,0.0,0,0.0,0.0,7.6935,7.691,0.0612,7.7825,24.0,24,0.0,24.0,24.0,24,0.0,24.0,0.0,0
statichigh,20,10K,h2,10,10240,6.0,15,1,17.2328,17.215,0.2055,17.547,4.7544,4.7586,0.0565,4.8292,10.6766,10.698,0.1914,10.9642,0.0,0,0.0,0.0,7.6764,7.652,0.0585,7.7746,24.0,24,0.0,24.0,24.0,24,0.0,24.0,0.0,0
statichigh,20,10K,h3,1,10240,22.0,15,1,57.8505,58.559,2.709,60.9132,1.419,1.3989,0.0676,1.5115,30.6197,31.381,1.9782,32.4603,0.0,0,0.0,0.0,26.2461,26.259,1.007,27.7167,24.0,24,0.0,24.0,24.0,24,0.0,24.0,0.0,0
statichigh,20,10K,h3,2,10240,22.0,15,1,58.842,58.849,2.1807,61.5405,1.394,1.392,0.0521,1.467,31.5637,31.691,1.7285,33.3211,0.0,0,0.0,0.0,27.0701,26.953,0.9766,28.5328,24.0,24,0.0,24.0,24.0,24,0.0,24.0,0.0,0
statichigh,20,10K,h3,3,10240,22.0,15,1,53.6326,54.064,1.4471,54.9636,1.5285,1.5152,0.0425,1.601,28.5683,29.029,1.014,29.2762,0.0,0,0.0,0.0,24.7068,24.7,0.4745,25.3483,24.0,24,0.0,24.0,24.0,24,0.0,24.0,0.0,0
statichigh,20,10K,h3,4,10240,22.0,15,1,56.9887,56.882,1.3706,59.3225,1.4382,1.4402,0.0343,1.482,31.2996,31.636,1.9277,33.3314,0.0,0,0.0,0.0,26.4187,26.557,0.9977,27.607,24.0,24,0.0,24.0,24.0,24,0.0,24.0,0.0,0
statichigh,20,10K,h3,5,10240,22.0,15,1,58.0915,58.469,2.311,60.561,1.4123,1.4011,0.0572,1.5028,31.4487,31.589,1.6589,33.2445,0.0,0,0.0,0.0,26.7915,26.794,0.9853,28.14,24.0,24,0.0,24.0,24.0,24,0.0,24.0,0.0,0
statichigh,20,10K,h3,6,10240,22.0,15,1,58.3767,58.266,2.1684,61.86,1.4051,1.406,0.0521,1.4893,31.3515,31.493,1.7031,33.2543,0.0,0,0.0,0.0,26.5046,26.394,1.1566,28.433,24.0,24,0.0,24.0,24.0,24,0.0,24.0,0.0,0
statichigh,20,10K,h3,7,10240,22.0,15,1,57.8694,58.133,1.308,59.6931,1.4163,1.4092,0.0325,1.4663,31.3495,31.348,1.1197,33.2396,0.0,0,0.0,0.0,26.4219,26.278,0.9183,27.6217,24.0,24,0.0,24.0,24.0,24,0.0,24.0,0.0,0
statichigh,20,10K,h3,8,10240,22.0,15,1,58.4449,59.314,3.3863,61.5424,1.4065,1.3811,0.0904,1.563,31.1446,31.856,2.1088,33.0695,0.0,0,0.0,0.0,27.1425,27.696,1.3931,28.2333,24.0,24,0.0,24.0,24.0,24,0.0,24.0,0.0,0
statichigh,20,10K,h3,9,10240,22.0,15,1,58.4743,57.824,2.3368,61.9313,1.403,1.4167,0.0553,1.4755,30.9103,31.475,2.1031,33.4619,0.0,0,0.0,0.0,26.8558,26.359,1.0195,28.5491,24.0,24,0.0,24.0,24.0,24,0.0,24.0,0.0,0
statichigh,20,10K,h3,10,10240,22.0,15,1,56.2923,57.057,2.9534,60.1146,1.4592,1.4358,0.0797,1.5675,30.1547,31.241,2.4392,33.299,0.0,0,0.0,0.0,26.1477,26.026,1.2744,27.641,24.0,24,0.0,24.0,24.0,24,0.0,24.0,0.0,0
statichigh,20,10K,h4,1,10240,52.0,15,1,129.8043,130.96,6.4675,137.3192,0.6326,0.6255,0.0333,0.6913,65.6576,66.388,3.797,70.6926,0.0,0,0.0,0.0,62.4701,62.422,3.3991,66.6772,24.0,24,0.0,24.0,24.0,24,0.0,24.0,0.0,0
statichigh,20,10K,h4,2,10240,52.0,15,1,128.4691,129.484,6.4531,135.4145,0.6392,0.6327,0.0334,0.6945,64.0374,64.061,5.2078,71.7668,0.0,0,0.0,0.0,61.6288,61.065,4.0875,67.7184,24.0,24,0.0,24.0,24.0,24,0.0,24.0,0.0,0
statichigh,20,10K,h4,3,10240,52.0,15,1,118.6983,119.504,2.7867,122.6528,0.6905,0.6855,0.0163,0.7186,59.9219,60.023,1.8444,62.6936,0.0,0,0.0,0.0,57.4915,56.994,1.4299,59.9018,24.0,24,0.0,24.0,24.0,24,0.0,24.0,0.0,0
statichigh,20,10K,h4,4,10240,52.0,15,1,126.809,129.093,7.2006,134.6265,0.6481,0.6346,0.0389,0.7048,64.153,64.263,4.843,70.4309,0.0,0,0.0,0.0,60.4979,59.442,3.678,65.0526,24.0,24,0.0,24.0,24.0,24,0.0,24.0,0.0,0
statichigh,20,10K,h4,5,10240,52.0,15,1,128.7819,126.437,7.0485,139.3369,0.6379,0.6479,0.0343,0.6802,65.6242,66.305,4.5806,72.6917,0.0,0,0.0,0.0,61.2237,61.529,3.5953,66.0227,24.0,24,0.0,24.0,24.0,24,0.0,24.0,0.0,0
statichigh,20,10K,h4,6,10240,52.0,15,1,128.3222,127.458,4.4475,134.5113,0.6391,0.6427,0.0221,0.6692,65.768,65.64,4.2392,72.5856,0.0,0,0.0,0.0,62.2873,62.904,2.7679,65.3783,24.0,24,0.0,24.0,24.0,24,0.0,24.0,0.0,0
statichigh,20,10K,h4,7,10240,52.0,15,1,129.686,130.551,6.6609,137.4033,0.6333,0.6275,0.0333,0.6881,65.4709,64.488,4.239,72.1958,0.0,0,0.0,0.0,62.6245,62.353,3.6015,67.1822,24.0,24,0.0,24.0,24.0,24,0.0,24.0,0.0,0
statichigh,20,10K,h4,8,10240,52.0,15,1,131.0147,131.029,4.1218,137.665,0.6258,0.6252,0.0195,0.6509,67.2435,66.802,3.7102,72.3433,0.0,0,0.0,0.0,61.5383,60.258,3.2226,66.0198,24.0,24,0.0,24.0,24.0,24,0.0,24.0,0.0,0
statichigh,20,10K,h4,9,10240,52.0,15,1,129.6307,128.932,3.9209,135.3781,0.6325,0.6354,0.0192,0.6582,65.3705,65.726,3.8713,71.036,0.0,0,0.0,0.0,62.7007,62.767,2.8888,66.4545,24.0,24,0.0,24.0,24.0,24,0.0,24.0,0.0,0
statichigh,20,10K,h4,10,10240,52.0,15,1,130.6381,130.752,5.7323,137.9814,0.6282,0.6265,0.0278,0.6707,66.7001,66.847,3.9514,71.2951,0.0,0,0.0,0.0,62.0804,63.295,3.1123,65.4209,24.0,24,0.0,24.0,24.0,24,0.0,24.0,0.0,0
ewma,20,10M,h2,1,10485760,6.0,15,1,4410.7055,4400.95,43.7599,4495.7119,19.0205,19.0609,0.1849,19.1774,4403.9053,4394.154,43.6023,4488.7206,1.7333,2,1.4864,3.2,10.1736,10.123,0.2314,10.599,32.5333,35,6.4903,35.0,35.4667,35,2.6957,39.9,73.333,0
ewma,20,10M,h2,2,10485760,6.0,15,1,4398.0597,4397.363,15.8637,4425.4459,19.0737,19.0765,0.0686,19.1632,4391.3328,4390.835,15.8143,4418.5289,2.6,2,2.5014,6.0,10.255,10.076,0.3831,10.8761,33.4,36,6.8744,36.6,37.0667,36,3.5146,42.9,66.667,0
ewma,20,10M,h2,3,10485760,6.0,15,1,4398.2125,4399.421,5.299,4403.9578,19.0728,19.0675,0.023,19.1062,4391.56,4392.608,5.3091,4397.1219,2.8,2,2.569,6.0,10.2216,10.145,0.2657,10.7392,33.3333,35,6.8834,37.0,36.7333,37,3.1045,41.6,66.667,0
ewma,20,10M,h2,4,10485760,6.0,15,1,4398.3076,4396.668,5.3144,4404.9971,19.0724,19.0795,0.023,19.0815,4391.5987,4389.865,5.2667,4398.2395,2.8,2,2.4842,6.0,10.2989,10.164,0.349,11.0205,33.2667,36,6.7978,36.0,36.3333,36,2.7168,40.6,73.333,0
ewma,20,10M,h2,5,10485760,6.0,15,1,4397.7021,4397.189,1.5324,4400.6081,19.075,19.0772,0.0066,19.0817,4391.0894,4390.469,1.5706,4394.0786,1.3333,2,0.9759,2.0,10.2611,10.141,0.2813,10.7671,32.5333,35,6.4903,35.0,35.9333,35,3.1952,41.6,66.667,0
ewma,20,10M,h2,6,10485760,6.0,15,1,4399.4753,4396.53,8.5248,4410.5043,19.0674,19.0801,0.0367,19.0829,4392.7504,4389.808,8.546,4403.8089,2.3333,2,2.3197,6.0,10.202,10.134,0.3327,10.7927,32.8,36,6.795,36.0,36.3333,36,3.266,41.6,66.667,0
ewma,20,10M,h2,7,10485760,6.0,15,1,4398.2721,4396.395,4.3653,4407.0183,19.0725,19.0807,0.0189,19.0825,4391.5902,4389.748,4.3373,4400.2482,1.4667,2,0.9155,2.0,10.2933,10.134,0.3972,11.1326,31.4667,34,6.2091,34.0,34.3333,34,2.6637,38.6,73.333,0
ewma,20,10M,h2,8,10485760,6.0,15,1,4399.0806,4396.354,5.2106,4408.2437,19.069,19.0808,0.0225,19.0818,4392.4567,4389.953,5.2061,4401.7437,1.4667,2,0.9155,2.0,10.1575,10.12,0.1798,10.4896,32.4,35,6.4564,35.0,35.3333,35,2.7689,39.9,73.333,0
ewma,20,10M,h2,9,10485760,6.0,15,1,4398.344,4396.661,5.3862,4407.3802,19.0722,19.0795,0.0233,19.0821,4391.602,4389.803,5.4319,4400.6883,2.0,2,1.8516,6.0,10.2272,10.144,0.3163,10.8182,33.2667,36,6.7978,36.0,36.3333,36,2.7168,40.6,73.333,0
ewma,20,10M,h2,10,10485760,6.0,15,1,4400.057,4396.512,12.6647,4412.5106,19.0649,19.0801,0.0544,19.0818,4393.3278,4389.852,12.6552,4405.7634,1.7333,2,1.4864,3.2,10.2656,10.174,0.2716,10.791,32.4,35,6.4564,35.0,35.4,35,2.8234,39.9,73.333,0
ewma,20,10M,h3,1,10485760,22.0,15,1,4441.2105,4440.841,16.8755,4470.0539,18.8884,18.8897,0.0717,19.0004,4414.0187,4413.683,16.7249,4442.5852,0.0,0,0.0,0.0,26.613,26.763,0.5304,27.1707,82.4667,91,24.145,101.3,96.8,102,12.1432,106.0,0.0,0
ewma,20,10M,h3,2,10485760,22.0,15,1,4437.9591,4435.993,16.285,4472.8503,18.9022,18.9103,0.0691,18.9894,4411.1842,4410.292,15.8664,4444.6374,0.0,0,0.0,0.0,26.6026,26.804,0.496,27.1069,82.0667,91,23.8551,100.6,96.4,102,11.8671,104.6,0.0,0
ewma,20,10M,h3,3,10485760,22.0,15,1,4439.5447,4437.805,8.9875,4450.9118,18.8953,18.9026,0.0381,18.929,4412.8835,4412.086,8.5272,4422.7977,0.0,0,0.0,0.0,26.6873,26.804,0.5193,27.2608,83.0,91,24.5851,103.3,97.8667,103,12.7496,106.3,0.0,0
ewma,20,10M,h3,4,10485760,22.0,15,1,4440.5656,4438.848,8.7795,4452.0694,18.8909,18.8982,0.0372,18.9175,4413.3337,4410.573,8.132,4424.4761,0.0,0,0.0,0.0,26.5811,26.709,0.4596,27.0036,82.8,91,24.4312,103.0,97.6,102,12.631,107.3,0.0,0
ewma,20,10M,h3,5,10485760,22.0,15,1,4439.4337,4437.754,8.9546,4451.7804,18.8957,18.9028,0.0379,18.9237,4412.5314,4410.719,8.4072,4422.645,0.0,0,0.0,0.0,26.6229,26.778,0.5291,27.1351,82.8,92,24.1844,102.3,97.6,102,12.3277,106.3,0.0,0
ewma,20,10M,h3,6,10485760,22.0,15,1,4438.6308,4436.714,7.7567,4448.6654,18.8991,18.9073,0.0329,18.9243,4412.3003,4410.855,8.1792,4422.8272,0.0,0,0.0,0.0,26.5139,26.667,0.5104,26.9506,82.6667,91,24.2801,101.0,97.1333,102,12.3396,106.0,0.0,0
ewma,20,10M,h3,7,10485760,22.0,15,1,4439.1799,4438.42,8.9179,4450.3919,18.8968,18.9,0.0378,18.9301,4412.376,4410.628,8.9316,4423.6506,0.0,0,0.0,0.0,26.5742,26.701,0.4339,26.874,82.0,91,23.7968,100.3,96.3333,102,11.8241,103.9,0.0,0
ewma,20,10M,h3,8,10485760,22.0,15,1,4440.0116,4439.365,9.3606,4451.9826,18.8933,18.896,0.0396,18.934,4412.7417,4410.8,8.75,4424.5226,0.0,0,0.0,0.0,26.6233,26.722,0.4919,27.1032,82.3333,91,24.0792,102.3,97.1333,102,12.3628,106.3,0.0,0
ewma,20,10M,h3,9,10485760,22.0,15,1,4438.5566,4436.403,10.204,4450.8747,18.8995,18.9086,0.0431,18.9244,4411.9465,4410.208,9.9678,4423.0713,0.0,0,0.0,0.0,26.6135,26.801,0.4853,27.017,83.0667,93,24.1172,102.0,97.2667,102,11.8651,106.0,0.0,0
ewma,20,10M,h3,10,10485760,22.0,15,1,4445.6937,4437.044,20.348,4480.1557,18.8694,18.9058,0.0856,18.9238,4418.4369,4410.569,19.4414,4451.1069,0.0,0,0.0,0.0,26.6503,26.772,0.5415,27.1803,83.4667,91,24.4478,103.0,97.8667,102,12.1765,106.0,0.0,0
ewma,20,10M,h4,1,10485760,52.0,15,1,4569.2949,4554.245,41.9602,4654.3036,18.3601,18.4193,0.1667,18.5271,4505.2369,4491.451,39.9523,4583.2797,0.0,0,0.0,0.0,55.6433,55.568,0.3066,56.2094,103.3333,110,25.8199,110.0,125.5333,126,0.9904,126.3,0.0,0
ewma,20,10M,h4,2,10485760,52.0,15,1,4560.3909,4551.907,30.9444,4619.0881,18.3953,18.4288,0.1231,18.4915,4495.0401,4488.662,31.8499,4554.3881,0.0,0,0.0,0.0,55.4787,55.481,0.1045,55.5937,103.3333,110,25.8199,110.0,125.0,126,1.3628,126.3,0.0,0
ewma,20,10M,h4,3,10485760,52.0,15,1,4558.3283,4552.463,26.9054,4588.7701,18.4034,18.4265,0.1067,18.4629,4495.1872,4488.882,26.9527,4528.4256,0.0,0,0.0,0.0,55.5807,55.594,0.1267,55.7407,103.3333,110,25.8199,110.0,123.6667,124,3.994,126.3,0.0,0
ewma,20,10M,h4,4,10485760,52.0,15,1,4561.5675,4553.41,24.5468,4611.4654,18.3902,18.4227,0.0977,18.447,4497.7213,4489.305,27.0872,4556.0522,0.0,0,0.0,0.0,55.5998,55.561,0.2295,55.858,103.3333,110,25.8199,110.0,124.8667,124,1.1255,126.3,0.0,0
ewma,20,10M,h4,5,10485760,52.0,15,1,4562.0115,4555.165,29.2272,4604.5127,18.3887,18.4156,0.1157,18.458,4496.2081,4486.942,30.0088,4541.039,0.0,0,0.0,0.0,55.5207,55.563,0.1085,55.6173,103.3333,110,25.8199,110.0,124.6667,124,1.7995,126.6,0.0,0
ewma,20,10M,h4,6,10485760,52.0,15,1,4561.2254,4554.846,29.8547,4599.7585,18.3918,18.4169,0.118,18.4554,4497.4185,4490.94,28.2835,4532.1075,0.0,0,0.0,0.0,55.5329,55.526,0.1145,55.6622,103.3333,110,25.8199,110.0,125.1333,126,1.3558,126.3,0.0,0
ewma,20,10M,h4,7,10485760,52.0,15,1,4560.4209,4552.184,26.8653,4600.7667,18.395,18.4277,0.1066,18.4583,4496.1743,4490.977,25.3774,4537.5125,0.0,0,0.0,0.0,55.5469,55.572,0.1167,55.644,103.3333,110,25.8199,110.0,124.9333,126,1.831,126.6,0.0,0
ewma,20,10M,h4,8,10485760,52.0,15,1,4557.9356,4553.962,25.2473,4586.7014,18.4049,18.4205,0.1002,18.4591,4494.6977,4489.913,24.2826,4519.3995,0.0,0,0.0,0.0,55.5444,55.586,0.1161,55.6382,103.3333,110,25.8199,110.0,124.7333,124,1.7099,126.3,0.0,0
ewma,20,10M,h4,9,10485760,52.0,15,1,4569.1666,4553.171,51.5975,4666.6103,18.3613,18.4237,0.2015,18.458,4504.3649,4486.323,52.7077,4609.437,0.0,0,0.0,0.0,55.5254,55.587,0.1625,55.6456,103.3333,110,25.8199,110.0,125.0,124,1.1339,126.3,0.0,0
ewma,20,10M,h4,10,10485760,52.0,15,1,4559.3489,4552.17,26.8123,4590.779,18.3993,18.4277,0.1062,18.4493,4495.0459,4488.657,26.5917,4528.2141,0.0,0,0.0,0.0,55.6071,55.568,0.1957,55.8382,103.3333,110,25.8199,110.0,128.1333,124,13.5587,142.0,0.0,0
lossaware,20,10M,h2,1,10485760,6.0,15,1,4396.4889,4396.238,16.2081,4416.0805,19.0805,19.0813,0.07,19.1802,4389.7825,4389.334,16.1696,4409.3425,0.2667,0,0.7037,2.0,10.3301,10.169,0.3734,10.8971,25.2667,27,7.2847,33.6,33.4,34,5.0962,39.6,13.333,14
lossaware,20,10M,h2,2,10485760,6.0,15,1,4399.5048,4398.196,8.9385,4410.0444,19.0672,19.0728,0.0386,19.0971,4392.7893,4391.593,8.9073,4403.2477,0.2667,0,0.7037,2.0,10.3097,10.177,0.3354,10.8564,25.4,28,7.2486,34.0,33.6,34,5.0114,40.0,13.333,13
lossaware,20,10M,h2,3,10485760,6.0,15,1,4409.9772,4397.027,31.9468,4458.0287,19.0228,19.0779,0.1353,19.0983,4403.2133,4390.407,31.9009,4451.0257,0.2667,0,0.7037,2.0,10.2468,10.185,0.4883,10.9649,23.2,24,6.8993,31.6,31.8667,33,5.2081,39.0,13.333,15
lossaware,20,10M,h2,4,10485760,6.0,15,1,4401.323,4397.06,7.6036,4415.4508,19.0593,19.0778,0.0329,19.0825,4394.5785,4390.487,7.5915,4408.6612,0.2667,0,0.7037,2.0,10.3001,10.161,0.3737,10.9419,25.0,26,7.2801,33.6,33.6,34,4.9971,40.6,13.333,15
lossaware,20,10M,h2,5,10485760,6.0,15,1,4397.3897,4396.389,1.7101,4400.0256,19.0763,19.0807,0.0074,19.0824,4390.7972,4390.009,1.649,4393.4305,0.2667,0,0.7037,2.0,10.2783,10.12,0.4188,11.0644,24.6667,26,7.178,33.3,32.8667,33,4.8087,40.0,13.333,15
lossaware,20,10M,h2,6,10485760,6.0,15,1,4397.6547,4397.224,1.8424,4400.8961,19.0752,19.0771,0.008,19.0825,4390.9549,4390.571,1.8132,4394.3436,0.2667,0,0.7037,2.0,10.2021,10.16,0.2886,10.711,25.0667,27,7.0353,33.3,33.1333,34,5.0266,39.6,13.333,13
lossaware,20,10M,h2,7,10485760,6.0,15,1,4397.3819,4396.964,1.4798,4400.0103,19.0764,19.0782,0.0064,19.0821,4390.6681,4390.28,1.5003,4393.2989,0.2667,0,0.7037,2.0,10.2903,10.156,0.3464,10.9047,24.2667,25,7.2058,33.6,33.3333,34,5.219,40.3,13.333,15
lossaware,20,10M,h2,8,10485760,6.0,15,1,4397.1243,4396.497,1.5673,4399.9039,19.0775,19.0802,0.0068,19.0825,4390.3849,4389.846,1.5072,4392.9484,0.2,0,0.5606,1.3,10.2364,10.132,0.3575,10.863,22.7333,22,6.6383,31.6,31.7333,31,4.667,38.6,13.333,17
lossaware,20,10M,h2,9,10485760,6.0,15,1,4396.875,4396.467,1.1017,4398.703,19.0786,19.0803,0.0048,19.0828,4390.1455,4389.645,1.0734,4391.9647,0.2667,0,0.7037,2.0,10.3251,10.221,0.2954,10.7944,26.9333,29,7.0353,35.0,35.0667,35,4.8176,42.0,13.333,11
lossaware,20,10M,h2,10,10485760,6.0,15,1,4400.8635,4397.807,8.8429,4421.3352,19.0613,19.0745,0.0381,19.081,4394.2535,4391.048,8.7874,4414.612,0.2667,0,0.7037,2.0,10.3597,10.236,0.3743,10.8968,25.8667,28,7.3374,34.3,34.1333,35,5.1667,41.3,13.333,13
lossaware,20,10M,h3,1,10485760,22.0,15,1,4434.7,4436.135,12.7151,4449.1299,18.916,18.9097,0.0543,18.9902,4407.8988,4409.473,12.5786,4421.169,0.0,0,0.0,0.0,26.6434,26.78,0.5157,27.0722,82.8667,91,24.4682,102.3,97.7333,102,12.6912,106.3,0.0,0
lossaware,20,10M,h3,2,10485760,22.0,15,1,4441.2171,4440.614,8.906,4453.3092,18.8882,18.8906,0.0377,18.9239,4413.7171,4412.582,8.4912,4424.5298,0.0,0,0.0,0.0,26.6309,26.739,0.5386,27.1208,82.2667,91,24.0103,101.3,96.5333,102,11.9694,106.0,0.0,0
lossaware,20,10M,h3,3,10485760,22.0,15,1,4444.2781,4437.471,20.174,4487.5054,18.8754,18.904,0.0851,18.9419,4417.1655,4411.566,19.7118,4459.028,0.0,0,0.0,0.0,26.6301,26.758,0.475,27.1015,83.0,92,24.5706,103.3,98.1333,103,12.9276,107.3,0.0,0
lossaware,20,10M,h3,4,10485760,22.0,15,1,4439.8975,4437.079,11.6134,4461.6674,18.8938,18.9057,0.0491,18.9269,4413.3395,4409.804,11.4551,4437.0964,0.0,0,0.0,0.0,26.5885,26.743,0.4924,27.1275,82.1333,91,23.9042,101.0,96.6,102,12.0048,106.0,0.0,0
lossaware,20,10M,h3,5,10485760,22.0,15,1,4441.7627,4436.701,13.2526,4472.4535,18.8859,18.9073,0.056,18.9256,4414.664,4410.274,13.2525,4446.6036,0.0,0,0.0,0.0,26.6559,26.768,0.5028,27.1205,82.2667,91,24.0014,100.6,96.7333,102,12.0799,106.0,0.0,0
lossaware,20,10M,h3,6,10485760,22.0,15,1,4440.3671,4437.931,9.0613,4453.9737,18.8918,18.9021,0.0383,18.9155,4412.915,4410.796,8.8341,4426.5902,0.0,0,0.0,0.0,26.628,26.769,0.5136,27.1236,82.8,91,24.4488,103.3,97.8667,102,12.8222,108.0,0.0,0
lossaware,20,10M,h3,7,10485760,22.0,15,1,4439.8413,4438.118,9.9625,4450.626,18.894,18.9013,0.0421,18.9268,4412.4716,4410.815,9.5634,4423.5555,0.0,0,0.0,0.0,26.6608,26.806,0.5182,27.1235,82.2667,91,24.0549,102.3,97.1333,102,12.3801,106.3,0.0,0
lossaware,20,10M,h3,8,10485760,22.0,15,1,4440.9122,4438.33,10.3632,4459.9605,18.8895,18.9004,0.0438,18.9173,4412.9833,4410.336,9.8645,4430.2815,0.0,0,0.0,0.0,26.6535,26.791,0.5096,27.1583,83.0667,91,24.4203,103.3,98.0667,102,12.6178,107.3,0.0,0
lossaware,20,10M,h3,9,10485760,22.0,15,1,4437.9565,4437.141,7.0647,4446.4224,18.902,18.9054,0.03,18.9233,4411.5105,4410.194,7.4912,4419.4135,0.0,0,0.0,0.0,26.6175,26.783,0.4917,26.9999,82.5333,91,24.2218,102.3,97.3333,102,12.4595,106.3,0.0,0
lossaware,20,10M,h3,10,10485760,22.0,15,1,4441.5797,4439.057,9.5193,4460.0966,18.8866,18.8973,0.0403,18.9158,4414.9946,4411.293,8.5201,4431.3506,0.0,0,0.0,0.0,26.6559,26.836,0.5137,27.117,82.2,90,24.0244,102.0,96.8667,102,12.27,106.0,0.0,0
lossaware,20,10M,h4,1,10485760,52.0,15,1,4556.2611,4553.184,32.9795,4594.277,18.4121,18.4236,0.1308,18.5288,4491.8203,4488.674,33.114,4527.52,0.0,0,0.0,0.0,55.4617,55.492,0.1337,55.6106,103.3333,110,25.8199,110.0,124.8667,126,1.5523,126.3,0.0,0
lossaware,20,10M,h4,2,10485760,52.0,15,1,4596.9979,4555.594,165.6419,4754.2547,18.2678,18.4139,0.5874,18.461,4531.41,4490.299,166.4163,4686.5599,0.0,0,0.0,0.0,55.4312,55.437,0.1453,55.6194,102.0667,110,25.6751,110.0,122.0,124,6.9693,126.0,0.0,0
lossaware,20,10M,h4,3,10485760,52.0,15,1,4570.1495,4556.493,34.3636,4635.8574,18.3562,18.4102,0.1363,18.4684,4503.8372,4489.348,33.3033,4566.6299,0.0,0,0.0,0.0,55.5328,55.519,0.3113,55.8894,103.3333,110,25.8199,110.0,125.0,126,2.0354,127.3,0.0,0
lossaware,20,10M,h4,4,10485760,52.0,15,1,4558.1675,4550.063,25.446,4587.926,18.404,18.4362,0.101,18.4503,4492.9395,4486.053,25.104,4520.4327,0.0,0,0.0,0.0,55.4959,55.558,0.1708,55.646,103.3333,110,25.8199,110.0,124.8667,126,1.7265,126.3,0.0,0
lossaware,20,10M,h4,5,10485760,52.0,15,1,4559.1075,4552.086,28.4912,4594.5039,18.4003,18.4281,0.1129,18.464,4494.6709,4486.532,29.2712,4529.1301,0.0,0,0.0,0.0,55.6535,55.601,0.3014,56.3312,103.3333,110,25.8199,110.0,131.2667,124,18.495,166.5,0.0,0
lossaware,20,10M,h4,6,10485760,52.0,15,1,4559.7969,4553.802,26.412,4588.9619,18.3975,18.4211,0.1048,18.469,4495.9325,4491.333,24.3923,4521.4575,0.0,0,0.0,0.0,55.5105,55.539,0.1447,55.6609,103.3333,110,25.8199,110.0,124.2,124,2.0071,126.3,0.0,0
lossaware,20,10M,h4,7,10485760,52.0,15,1,4557.8607,4552.644,27.6137,4591.202,18.4053,18.4258,0.1096,18.4727,4493.9155,4487.135,26.6343,4524.5008,0.0,0,0.0,0.0,55.5167,55.542,0.1119,55.6281,103.3333,110,25.8199,110.0,124.6667,124,1.7995,126.6,0.0,0
lossaware,20,10M,h4,8,10485760,52.0,15,1,4559.037,4551.274,27.5101,4592.9883,18.4006,18.4313,0.109,18.4655,4495.4061,4488.246,27.0698,4530.085,0.0,0,0.0,0.0,55.5527,55.583,0.092,55.6424,103.3333,110,25.8199,110.0,124.7333,124,1.0998,126.3,0.0,0
lossaware,20,10M,h4,9,10485760,52.0,15,1,4556.0578,4548.908,25.9898,4588.5882,18.4125,18.4409,0.1032,18.4701,4493.0309,4487.284,24.7025,4520.8985,0.0,0,0.0,0.0,55.5693,55.558,0.1081,55.7159,103.3333,110,25.8199,110.0,124.6,124,1.0556,126.3,0.0,0
lossaware,20,10M,h4,10,10485760,52.0,15,1,4560.0352,4551.655,28.9588,4591.05,18.3966,18.4298,0.1145,18.4497,4495.8507,4488.658,28.0044,4524.3915,0.0,0,0.0,0.0,55.499,55.544,0.1066,55.6055,103.3333,110,25.8199,110.0,124.8667,126,1.7265,126.3,0.0,0
lossaware-disc,20,10M,h2,1,10485760,6.0,15,1,4394.5081,4397.984,10.296,4405.3622,19.0889,19.0738,0.0449,19.1641,4387.9357,4391.343,10.3125,4398.8884,0.5333,0,1.5976,3.2,10.3711,10.16,0.4138,11.034,26.4,28,7.4719,34.6,34.7333,36,5.1474,40.6,13.333,12
lossaware-disc,20,10M,h2,2,10485760,6.0,15,1,4399.4894,4399.494,1.1778,4400.9927,19.0672,19.0672,0.0051,19.074,4392.7497,4392.843,1.1919,4394.4111,0.2667,0,0.7037,2.0,10.2224,10.197,0.2622,10.6092,25.2,27,7.2919,33.6,33.4667,34,4.9694,39.9,13.333,14
lossaware-disc,20,10M,h2,3,10485760,6.0,15,1,4399.4229,4396.989,4.708,4407.6348,19.0675,19.0781,0.0204,19.0815,4392.7369,4390.287,4.6143,4400.8816,0.2667,0,0.7037,2.0,10.2945,10.129,0.4014,11.049,24.1333,24,6.9474,33.0,32.8,33,4.5544,40.0,13.333,16
lossaware-disc,20,10M,h2,4,10485760,6.0,15,1,4404.3157,4397.811,14.8692,4437.8882,19.0465,19.0745,0.0639,19.0822,4397.5503,4390.98,14.8388,4431.0636,0.2,0,0.5606,1.3,10.1271,10.136,0.3009,10.5774,23.2667,23,7.0657,32.6,31.9333,33,5.4963,39.3,13.333,16
lossaware-disc,20,10M,h2,5,10485760,6.0,15,1,4398.3472,4397.301,2.5314,4402.7286,19.0722,19.0767,0.011,19.0824,4391.6396,4390.397,2.6101,4396.2368,0.2667,0,0.7037,2.0,10.3409,10.2,0.33,10.843,26.9333,29,7.0353,35.0,34.9333,36,4.758,41.0,13.333,11
lossaware-disc,20,10M,h2,6,10485760,6.0,15,1,4397.6829,4397.189,1.6933,4400.7736,19.0751,19.0772,0.0073,19.0815,4390.9801,4390.336,1.7117,4394.0444,0.2667,0,0.7037,2.0,10.4891,10.209,0.6382,11.4586,24.7333,26,7.1461,33.3,33.0667,34,5.0209,40.3,13.333,14
lossaware-disc,20,10M,h2,7,10485760,6.0,15,1,4397.4337,4396.5,2.9101,4401.939,19.0762,19.0802,0.0126,19.0819,4390.6741,4389.798,2.8752,4395.1381,0.2667,0,0.7037,2.0,10.3477,10.132,0.3984,10.9692,24.9333,26,7.353,33.6,33.4667,34,5.2081,40.6,13.333,15
lossaware-disc,20,10M,h2,8,10485760,6.0,15,1,4396.8961,4396.327,1.5717,4399.4773,19.0785,19.0809,0.0068,19.0829,4390.2437,4389.439,1.6496,4393.0213,0.2667,0,0.7037,2.0,10.2748,10.144,0.4487,10.8942,24.7333,26,7.2749,33.6,33.0,33,5.3452,40.3,13.333,15
lossaware-disc,20,10M,h2,9,10485760,6.0,15,1,4397.1928,4396.446,1.5357,4400.0649,19.0772,19.0804,0.0067,19.0822,4390.4997,4389.959,1.5213,4393.4041,0.2,0,0.5606,1.3,10.2957,10.169,0.2938,10.8507,24.8667,27,7.11,33.3,33.2,34,4.7988,40.0,13.333,14
lossaware-disc,20,10M,h2,10,10485760,6.0,15,1,4399.7266,4396.821,8.4017,4413.4593,19.0663,19.0788,0.0362,19.0819,4393.0305,4389.894,8.4253,4406.717,0.2667,0,0.7037,2.0,10.2376,10.147,0.3084,10.758,25.4667,27,7.4629,34.3,33.8667,35,5.1251,40.3,13.333,14
lossaware-disc,20,10M,h3,1,10485760,22.0,15,1,4435.7786,4438.133,14.1558,4453.0289,18.9114,18.9012,0.0605,19.0269,4409.0215,4411.954,14.8641,4426.4698,0.0,0,0.0,0.0,26.5765,26.683,0.4626,26.9907,81.8667,90,23.7513,101.0,96.4667,102,11.9515,106.0,0.0,0
lossaware-disc,20,10M,h3,2,10485760,22.0,15,1,4444.7893,4438.867,22.9289,4470.6896,18.8734,18.8981,0.0957,18.9145,4418.3116,4413.304,22.4686,4441.7762,0.0,0,0.0,0.0,26.6047,26.75,0.5224,27.1519,82.9333,91,24.3207,103.0,97.7333,102,12.4008,106.3,0.0,0
lossaware-disc,20,10M,h3,3,10485760,22.0,15,1,4439.3659,4438.495,8.9927,4449.3628,18.896,18.8997,0.0381,18.9292,4412.0125,4410.589,8.2686,4421.4292,0.0,0,0.0,0.0,26.6388,26.725,0.5099,27.1412,82.1333,91,23.8862,100.3,96.4,102,11.9152,106.0,0.0,0
lossaware-disc,20,10M,h3,4,10485760,22.0,15,1,4440.9027,4439.524,9.439,4454.2962,18.8895,18.8953,0.04,18.932,4413.7412,4411.685,8.9204,4425.4354,0.0,0,0.0,0.0,26.7113,26.729,0.7167,27.5494,81.6,90,23.5396,99.3,95.6,102,11.4255,102.0,0.0,0
lossaware-disc,20,10M,h3,5,10485760,22.0,15,1,4440.1768,4438.683,9.298,4452.2875,18.8926,18.8989,0.0393,18.9196,4413.1577,4410.549,9.9356,4425.137,0.0,0,0.0,0.0,26.6401,26.749,0.5117,27.1753,82.6667,91,24.3007,101.3,97.3333,102,12.4652,106.0,0.0,0
lossaware-disc,20,10M,h3,6,10485760,22.0,15,1,4439.7848,4436.776,9.9222,4452.8751,18.8943,18.907,0.042,18.9225,4412.6495,4410.187,9.4494,4425.3554,0.0,0,0.0,0.0,26.6189,26.76,0.4681,27.0502,82.4,91,24.1152,101.6,97.1333,102,12.3628,106.3,0.0,0
lossaware-disc,20,10M,h3,7,10485760,22.0,15,1,4439.9354,4438.736,8.7333,4450.2876,18.8936,18.8986,0.037,18.9195,4412.3476,4410.265,9.0263,4423.107,0.0,0,0.0,0.0,26.5451,26.683,0.4711,26.8757,82.4667,91,24.1332,101.3,97.1333,102,12.3396,106.0,0.0,0
lossaware-disc,20,10M,h3,8,10485760,22.0,15,1,4439.3806,4437.824,8.9876,4448.7844,18.896,18.9025,0.038,18.9176,4411.8185,4410.501,8.9345,4420.7458,0.0,0,0.0,0.0,26.6439,26.805,0.5407,27.1081,82.7333,91,24.3881,103.0,97.5333,102,12.5747,106.3,0.0,0
lossaware-disc,20,10M,h3,9,10485760,22.0,15,1,4439.6349,4437.364,7.1982,4454.7422,18.8949,18.9045,0.0305,18.9143,4412.5841,4410.363,7.6341,4427.2958,0.0,0,0.0,0.0,26.5699,26.71,0.4534,26.9449,83.4667,91,24.4653,103.3,98.4667,102,12.569,108.0,0.0,0
lossaware-disc,20,10M,h3,10,10485760,22.0,15,1,4443.2157,4436.829,13.0877,4470.6092,18.8797,18.9068,0.0554,18.9215,4416.3443,4411.102,12.2192,4442.6668,0.0,0,0.0,0.0,26.5826,26.714,0.4929,26.947,82.2667,91,23.7892,101.0,96.5333,102,11.7587,106.0,0.0,0
lossaware-disc,20,10M,h4,1,10485760,52.0,15,1,4557.7762,4552.792,23.905,4587.1912,18.4055,18.4252,0.0953,18.4925,4493.2131,4489.598,25.8266,4523.0704,0.0,0,0.0,0.0,55.4703,55.484,0.1358,55.6391,103.3333,110,25.8199,110.0,124.6,124,1.5024,126.3,0.0,0
lossaware-disc,20,10M,h4,2,10485760,52.0,15,1,4593.6645,4553.422,156.831,4743.0286,18.2791,18.4226,0.5601,18.4582,4530.8891,4490.087,158.3588,4678.3389,0.0,0,0.0,0.0,55.4269,55.457,0.1762,55.6184,102.2667,110,25.7223,110.0,122.9333,124,7.1261,126.6,0.0,0
lossaware-disc,20,10M,h4,3,10485760,52.0,15,1,4555.1884,4550.136,25.3084,4582.4909,18.416,18.436,0.1006,18.4727,4492.6039,4484.967,26.2616,4520.4131,0.0,0,0.0,0.0,55.5477,55.599,0.0894,55.6261,103.3333,110,25.8199,110.0,124.9333,124,1.2799,126.6,0.0,0
lossaware-disc,20,10M,h4,4,10485760,52.0,15,1,4563.6619,4553.207,28.9774,4623.3624,18.382,18.4235,0.1152,18.4662,4500.0105,4489.319,29.2223,4561.8991,0.0,0,0.0,0.0,55.5855,55.559,0.218,55.8436,103.3333,110,25.8199,110.0,127.6667,124,11.7575,139.9,0.0,0
lossaware-disc,20,10M,h4,5,10485760,52.0,15,1,4557.7519,4551.071,24.9153,4590.4492,18.4056,18.4322,0.0989,18.4552,4494.4372,4487.542,24.9635,4523.9193,0.0,0,0.0,0.0,55.5471,55.56,0.1083,55.652,103.3333,110,25.8199,110.0,124.5333,124,1.5976,126.0,0.0,0
lossaware-disc,20,10M,h4,6,10485760,52.0,15,1,4559.2867,4553.737,26.6917,4589.3863,18.3995,18.4214,0.1058,18.4562,4495.4655,4491.174,25.5252,4521.4363,0.0,0,0.0,0.0,55.4575,55.496,0.1305,55.599,103.3333,110,25.8199,110.0,124.6,124,1.5024,126.3,0.0,0
lossaware-disc,20,10M,h4,7,10485760,52.0,15,1,4557.6119,4550.613,26.4131,4585.0602,18.4063,18.434,0.1047,18.4516,4493.5362,4487.702,27.1752,4521.1843,0.0,0,0.0,0.0,55.5104,55.531,0.1175,55.6384,103.3333,110,25.8199,110.0,125.2667,126,1.0998,126.3,0.0,0
lossaware-disc,20,10M,h4,8,10485760,52.0,15,1,4594.5411,4555.479,157.4948,4743.2765,18.2758,18.4143,0.562,18.457,4528.7123,4488.51,158.1498,4675.9593,0.0,0,0.0,0.0,55.4909,55.503,0.1187,55.6367,101.8,110,25.6604,110.0,122.2,124,7.1734,126.0,0.0,0
lossaware-disc,20,10M,h4,9,10485760,52.0,15,1,4557.9108,4551.525,21.1929,4582.8854,18.4049,18.4303,0.0844,18.459,4494.1263,4489.539,22.0734,4521.156,0.0,0,0.0,0.0,55.477,55.487,0.0903,55.5773,103.3333,110,25.8199,110.0,124.3333,124,1.5887,126.3,0.0,0
lossaware-disc,20,10M,h4,10,10485760,52.0,15,1,4561.3234,4553.423,28.355,4603.5957,18.3914,18.4226,0.1123,18.4528,4496.3898,4488.349,27.414,4535.0528,0.0,0,0.0,0.0,55.5463,55.536,0.1011,55.6691,103.3333,110,25.8199,110.0,124.8667,126,1.7265,126.3,0.0,0
metrics,20,10M,h2,1,10485760,6.0,15,1,4398.0151,4399.281,5.6899,4405.0145,19.0737,19.0681,0.0247,19.1264,4391.34,4392.442,5.6828,4398.2047,0.0,0,0.0,0.0,9.965,10.0,0.1724,10.1422,10.0,10,0.0,10.0,28.4667,29,0.8338,29.0,0.0,0
metrics,20,10M,h2,2,10485760,6.0,15,1,4394.907,4398.611,9.4934,4400.3256,19.0872,19.071,0.0414,19.1775,4388.2441,4392.122,9.4457,4393.7749,0.0,0,0.0,0.0,10.0032,9.998,0.1129,10.1646,10.0,10,0.0,10.0,28.2667,28,0.7988,29.0,0.0,0
metrics,20,10M,h2,3,10485760,6.0,15,1,4400.4095,4399.848,4.4616,4407.7985,19.0633,19.0657,0.0193,19.0932,4393.7133,4393.222,4.4142,4400.929,0.0,0,0.0,0.0,9.8999,9.942,0.2355,10.1459,10.0,10,0.0,10.0,27.9333,29,2.2824,29.0,0.0,0
metrics,20,10M,h2,4,10485760,6.0,15,1,4398.1002,4397.457,1.5579,4400.9782,19.0733,19.076,0.0068,19.0787,4391.4001,4390.714,1.5369,4394.2657,0.0,0,0.0,0.0,10.0527,10.015,0.1418,10.2406,10.0,10,0.0,10.0,28.4,29,0.7368,29.0,0.0,0
metrics,20,10M,h2,5,10485760,6.0,15,1,4401.2449,4397.668,9.1868,4420.8772,19.0597,19.0751,0.0396,19.0786,4394.5007,4390.754,9.0326,4413.7734,0.0,0,0.0,0.0,10.0369,10.024,0.1562,10.2459,10.0,10,0.0,10.0,28.3333,29,0.8997,29.0,0.0,0
metrics,20,10M,h2,6,10485760,6.0,15,1,4419.2247,4397.566,82.8831,4496.1175,18.9879,19.0756,0.335,19.079,4412.4955,4390.704,82.835,4489.3935,0.0667,0,0.2582,0.3,10.0597,10.049,0.1184,10.2315,10.0,10,0.0,10.0,28.4667,28,0.5164,29.0,6.667,0
metrics,20,10M,h2,7,10485760,6.0,15,1,4398.691,4397.711,2.4713,4402.1663,19.0707,19.0749,0.0107,19.0773,4391.8937,4391.149,2.2891,4395.1986,0.0,0,0.0,0.0,9.9363,10.026,0.2259,10.1772,10.0,10,0.0,10.0,28.4,28,0.6325,29.0,0.0,0
metrics,20,10M,h2,8,10485760,6.0,15,1,4402.1692,4398.004,8.5801,4419.7424,19.0557,19.0737,0.037,19.0781,4395.4527,4391.166,8.5796,4413.1608,0.0,0,0.0,0.0,10.032,10.056,0.1458,10.2367,10.0,10,0.0,10.0,28.1333,28,0.8338,29.0,0.0,0
metrics,20,10M,h2,9,10485760,6.0,15,1,4403.9083,4397.695,18.678,4428.6337,19.0484,19.075,0.0797,19.0786,4397.2075,4390.678,18.7267,4421.8811,0.0,0,0.0,0.0,10.102,10.131,0.0967,10.2405,10.0,10,0.0,10.0,28.6,29,0.5071,29.0,0.0,0
metrics,20,10M,h2,10,10485760,6.0,15,1,4398.9785,4397.812,3.1036,4405.7454,19.0695,19.0745,0.0134,19.0776,4392.2287,4390.938,3.1327,4398.9721,0.0,0,0.0,0.0,10.0635,10.097,0.1509,10.2312,10.0,10,0.0,10.0,28.6667,29,0.488,29.0,0.0,0
metrics,20,10M,h3,1,10485760,22.0,15,1,4467.5713,4471.057,9.7587,4475.8753,18.7767,18.762,0.0412,18.8503,4440.0652,4443.812,9.4401,4447.6681,0.0,0,0.0,0.0,25.077,25.061,0.099,25.2216,10.0,10,0.0,10.0,61.0,61,0.0,61.0,0.0,0
metrics,20,10M,h3,2,10485760,22.0,15,1,4468.6409,4470.98,7.0162,4477.3201,18.7722,18.7623,0.0295,18.8225,4441.1479,4442.743,6.9369,4449.3717,0.0,0,0.0,0.0,25.113,25.138,0.0933,25.215,10.0,10,0.0,10.0,61.0,61,0.0,61.0,0.0,0
metrics,20,10M,h3,3,10485760,22.0,15,1,4469.3553,4469.255,8.5351,4478.7564,18.7692,18.7696,0.0359,18.8214,4442.2434,4442.278,7.695,4450.903,0.0,0,0.0,0.0,25.104,25.135,0.0907,25.1907,10.0,10,0.0,10.0,60.4,61,3.7378,62.0,0.0,0
metrics,20,10M,h3,4,10485760,22.0,15,1,4471.1332,4469.353,4.0879,4478.2188,18.7617,18.7692,0.0171,18.7788,4443.6213,4441.341,3.597,4449.181,0.0,0,0.0,0.0,25.0795,25.065,0.069,25.185,10.0,10,0.0,10.0,61.1333,61,0.3519,62.0,0.0,0
metrics,20,10M,h3,5,10485760,22.0,15,1,4473.9185,4472.569,7.0636,4483.1309,18.7501,18.7557,0.0295,18.7851,4446.8925,4445.713,6.7119,4455.9071,0.0,0,0.0,0.0,25.1187,25.154,0.0776,25.2095,10.0,10,0.0,10.0,61.4667,61,0.5164,62.0,0.0,0
metrics,20,10M,h3,6,10485760,22.0,15,1,4473.25,4470.689,11.4152,4489.3445,18.7529,18.7636,0.0476,18.7898,4446.4335,4445.361,10.7448,4460.2486,0.0,0,0.0,0.0,25.0908,25.129,0.0832,25.1793,10.0,10,0.0,10.0,61.0667,61,0.2582,61.3,0.0,0
metrics,20,10M,h3,7,10485760,22.0,15,1,4470.854,4470.084,4.6223,4476.7355,18.7629,18.7661,0.0194,18.7911,4444.0963,4443.514,3.8083,4448.8553,0.0,0,0.0,0.0,25.1309,25.141,0.072,25.2383,10.0,10,0.0,10.0,61.0667,61,0.2582,61.3,0.0,0
metrics,20,10M,h3,8,10485760,22.0,15,1,4477.8561,4473.135,16.1188,4506.8492,18.7338,18.7533,0.0668,18.7731,4450.2981,4445.225,16.0454,4481.1707,0.0,0,0.0,0.0,25.1083,25.136,0.0881,25.2401,10.0,10,0.0,10.0,61.2667,61,0.4577,62.0,0.0,0
metrics,20,10M,h3,9,10485760,22.0,15,1,4470.0913,4469.926,3.4205,4476.8098,18.7661,18.7668,0.0144,18.7824,4443.4117,4443.515,3.5242,4448.2333,0.0,0,0.0,0.0,25.1068,25.137,0.0926,25.2169,10.0,10,0.0,10.0,61.0667,61,0.2582,61.3,0.0,0
metrics,20,10M,h3,10,10485760,22.0,15,1,4470.9279,4470.239,3.2872,4476.0678,18.7626,18.7655,0.0138,18.7774,4443.6525,4443.665,3.1295,4448.1655,0.0,0,0.0,0.0,25.1077,25.089,0.0951,25.2533,10.0,10,0.0,10.0,61.1333,61,0.3519,62.0,0.0,0
metrics,20,10M,h4,1,10485760,52.0,15,1,4720.1889,4658.57,184.4312,5172.5719,17.7952,18.0068,0.6437,18.1219,4655.6833,4589.603,185.5628,5110.5659,0.0,0,0.0,0.0,55.4087,55.389,0.1662,55.6807,10.0,10,0.0,10.0,123.0,127,10.17,127.3,0.0,0
metrics,20,10M,h4,2,10485760,52.0,15,1,4650.3603,4649.275,11.2317,4666.5575,18.0387,18.0428,0.0434,18.0834,4586.2017,4584.959,12.0116,4604.7901,0.0,0,0.0,0.0,55.4395,55.451,0.1141,55.6072,10.0,10,0.0,10.0,127.0667,127,0.8837,128.0,0.0,0
metrics,20,10M,h4,3,10485760,52.0,15,1,4731.7205,4657.062,196.4189,5197.4591,17.7548,18.0127,0.6797,18.0884,4666.8575,4589.202,194.9794,5130.0757,0.0,0,0.0,0.0,55.3796,55.31,0.3067,55.7988,10.0,10,0.0,10.0,123.0667,127,9.8086,128.0,0.0,0
metrics,20,10M,h4,4,10485760,52.0,15,1,4755.6031,4659.3,214.7755,5170.5855,17.671,18.004,0.7494,18.0983,4689.1761,4592.384,213.753,5102.5563,0.0,0,0.0,0.0,55.4523,55.339,0.501,56.1158,10.0,10,0.0,10.0,126.4667,127,24.9481,151.4,0.0,0
metrics,20,10M,h4,5,10485760,52.0,15,1,4720.8815,4654.05,181.5289,5165.2733,17.7919,18.0243,0.6335,18.0666,4655.1665,4585.966,181.7711,5102.0027,0.0,0,0.0,0.0,55.3803,55.346,0.1403,55.6103,10.0,10,0.0,10.0,123.2,127,10.2553,128.0,0.0,0
metrics,20,10M,h4,6,10485760,52.0,15,1,4686.5145,4654.788,131.0675,4822.2872,17.9114,18.0215,0.4584,18.0802,4624.1667,4588.043,131.7482,4762.3875,0.0,0,0.0,0.0,55.5157,55.448,0.3109,55.9015,10.0,10,0.0,10.0,125.1333,127,7.5486,128.0,0.0,0
metrics,20,10M,h4,7,10485760,52.0,15,1,4718.2263,4649.501,181.2467,5161.1783,17.8019,18.042,0.6339,18.1226,4654.5871,4585.346,180.8972,5097.1742,0.0,0,0.0,0.0,55.5209,55.402,0.4011,56.0055,10.0,10,0.0,10.0,127.8,127,22.2877,149.6,0.0,0
metrics,20,10M,h4,8,10485760,52.0,15,1,4793.4122,4656.874,241.8069,5189.5001,17.5399,18.0134,0.8415,18.0698,4726.9917,4589.233,241.4401,5122.4042,0.0,0,0.0,0.0,55.4862,55.334,0.4617,56.0533,10.0,10,0.0,10.0,124.3333,127,24.3125,149.3,0.0,0
metrics,20,10M,h4,9,10485760,52.0,15,1,4760.3178,4657.406,218.1724,5189.3496,17.6544,18.0113,0.7588,18.0712,4695.005,4592.028,218.2258,5121.4908,0.0,0,0.0,0.0,55.3898,55.38,0.1187,55.5825,10.0,10,0.0,10.0,121.3333,127,11.9204,128.0,0.0,0
metrics,20,10M,h4,10,10485760,52.0,15,1,4752.5525,4652.069,218.6477,5178.5345,17.6835,18.032,0.7629,18.0991,4688.6504,4583.528,220.3539,5117.63,0.0,0,0.0,0.0,55.4229,55.384,0.1373,55.5869,10.0,10,0.0,10.0,121.2667,127,12.074,128.0,0.0,0
static10,20,10M,h2,1,10485760,6.0,15,1,4392.8625,4398.38,12.6064,4401.9417,19.0961,19.072,0.055,19.2149,4386.2613,4391.766,12.5968,4395.2897,0.0,0,0.0,0.0,9.868,9.869,0.1466,10.0679,10.0,10,0.0,10.0,27.8667,28,0.5164,28.3,0.0,0
static10,20,10M,h2,2,10485760,6.0,15,1,4396.8403,4398.367,9.1605,4407.0741,19.0788,19.0721,0.0398,19.1574,4390.1406,4391.554,9.1254,4400.3214,0.0,0,0.0,0.0,10.0288,10.015,0.1271,10.2239,10.0,10,0.0,10.0,28.4667,29,0.6399,29.0,0.0,0
static10,20,10M,h2,3,10485760,6.0,15,1,4398.0821,4399.039,4.874,4401.908,19.0734,19.0692,0.0212,19.1058,4391.4174,4392.427,4.8115,4395.1323,0.0,0,0.0,0.0,10.0527,10.117,0.1286,10.1768,10.0,10,0.0,10.0,28.3333,29,0.8997,29.0,0.0,0
static10,20,10M,h2,4,10485760,6.0,15,1,4398.0281,4397.519,1.4048,4400.279,19.0736,19.0758,0.0061,19.0781,4391.3216,4391.014,1.3723,4393.4744,0.0,0,0.0,0.0,9.9613,9.975,0.1609,10.1285,10.0,10,0.0,10.0,28.4,28,0.6325,29.0,0.0,0
static10,20,10M,h2,5,10485760,6.0,15,1,4400.4749,4397.866,7.1276,4411.3934,19.063,19.0743,0.0307,19.0791,4393.7007,4391.176,7.0696,4404.5508,0.0,0,0.0,0.0,10.026,10.026,0.1723,10.224,10.0,10,0.0,10.0,28.3333,29,0.8165,29.0,0.0,0
static10,20,10M,h2,6,10485760,6.0,15,1,4400.4905,4399.393,3.5769,4406.5002,19.0629,19.0676,0.0155,19.0786,4393.7649,4392.572,3.5118,4399.8699,0.0,0,0.0,0.0,10.0025,9.999,0.1038,10.1467,10.0,10,0.0,10.0,28.7333,29,0.5936,29.0,0.0,0
static10,20,10M,h2,7,10485760,6.0,15,1,4398.8997,4397.936,3.1061,4404.1138,19.0698,19.074,0.0134,19.0793,4392.2711,4391.248,3.0099,4397.4239,0.0,0,0.0,0.0,9.9551,9.96,0.2062,10.2344,10.0,10,0.0,10.0,28.2667,28,0.7037,29.0,0.0,0
static10,20,10M,h2,8,10485760,6.0,15,1,4398.7938,4397.682,2.7586,4402.759,19.0703,19.0751,0.0119,19.079,4392.1483,4390.991,2.8159,4396.3388,0.0,0,0.0,0.0,10.0531,10.101,0.1379,10.2146,10.0,10,0.0,10.0,28.6,29,0.5071,29.0,0.0,0
static10,20,10M,h2,9,10485760,6.0,15,1,4398.2645,4397.732,2.0088,4402.8055,19.0725,19.0749,0.0087,19.0792,4391.5811,4390.86,2.0423,4396.141,0.0,0,0.0,0.0,10.0297,10.016,0.1105,10.1859,10.0,10,0.0,10.0,28.1333,28,0.9155,29.0,0.0,0
static10,20,10M,h2,10,10485760,6.0,15,1,4398.1067,4397.53,1.448,4401.2694,19.0732,19.0757,0.0063,19.0789,4391.3915,4390.831,1.4344,4394.5316,0.0,0,0.0,0.0,10.0127,10.075,0.3637,10.3378,10.0,10,0.0,10.0,27.6667,28,2.4689,29.0,0.0,0
static10,20,10M,h3,1,10485760,22.0,15,1,4470.3503,4463.748,32.8562,4503.3093,18.7659,18.7927,0.1348,18.8449,4445.0163,4438.048,32.9562,4478.1843,0.0,0,0.0,0.0,25.0073,25.015,0.0573,25.0906,10.0,10,0.0,10.0,61.2667,61,0.4577,62.0,0.0,0
static10,20,10M,h3,2,10485760,22.0,15,1,4471.2327,4474.271,6.6153,4478.1226,18.7613,18.7485,0.0278,18.812,4444.2927,4446.459,6.2736,4452.1503,0.0,0,0.0,0.0,25.0693,25.063,0.0863,25.2073,10.0,10,0.0,10.0,61.1333,61,0.3519,62.0,0.0,0
static10,20,10M,h3,3,10485760,22.0,15,1,4472.2453,4469.442,5.544,4480.491,18.7571,18.7688,0.0232,18.7812,4444.2439,4442.23,4.939,4452.1353,0.0,0,0.0,0.0,25.0922,25.106,0.0776,25.1932,10.0,10,0.0,10.0,61.0667,61,0.2582,61.3,0.0,0
static10,20,10M,h3,4,10485760,22.0,15,1,4471.0261,4470.752,3.7579,4476.7375,18.7622,18.7633,0.0158,18.7821,4443.2559,4442.627,4.0456,4449.0301,0.0,0,0.0,0.0,25.1021,25.113,0.0753,25.2086,10.0,10,0.0,10.0,61.0667,61,0.2582,61.3,0.0,0
static10,20,10M,h3,5,10485760,22.0,15,1,4472.1957,4472.113,4.346,4479.3854,18.7573,18.7576,0.0182,18.7791,4444.9981,4443.561,3.898,4451.5183,0.0,0,0.0,0.0,25.0709,25.055,0.0778,25.1875,10.0,10,0.0,10.0,61.1333,61,0.3519,62.0,0.0,0
static10,20,10M,h3,6,10485760,22.0,15,1,4473.888,4473.709,5.3486,4482.3005,18.7502,18.7509,0.0224,18.7842,4446.1878,4446.771,4.7178,4454.12,0.0,0,0.0,0.0,25.1315,25.148,0.0865,25.2209,10.0,10,0.0,10.0,61.1333,61,0.3519,62.0,0.0,0
static10,20,10M,h3,7,10485760,22.0,15,1,4479.8529,4476.161,15.6095,4508.4579,18.7254,18.7406,0.065,18.7846,4452.9135,4447.976,15.0821,4480.57,0.0,0,0.0,0.0,25.1399,25.147,0.1202,25.3535,10.0,10,0.0,10.0,61.2,61,0.414,62.0,0.0,0
static10,20,10M,h3,8,10485760,22.0,15,1,4469.5267,4469.613,2.6584,4472.9597,18.7685,18.7681,0.0112,18.7854,4442.4263,4442.631,3.2636,4446.7573,0.0,0,0.0,0.0,25.1171,25.12,0.0743,25.2194,10.0,10,0.0,10.0,61.2,61,0.414,62.0,0.0,0
static10,20,10M,h3,9,10485760,22.0,15,1,4470.2656,4472.618,5.0026,4476.0033,18.7654,18.7555,0.021,18.7968,4442.8045,4444.511,4.2299,4448.2177,0.0,0,0.0,0.0,25.0832,25.085,0.0861,25.2054,10.0,10,0.0,10.0,61.1333,61,0.3519,62.0,0.0,0
static10,20,10M,h3,10,10485760,22.0,15,1,4469.0653,4469.83,3.6326,4474.5302,18.7704,18.7672,0.0153,18.7928,4442.4592,4441.334,3.3399,4447.5407,0.0,0,0.0,0.0,25.1059,25.108,0.0831,25.2222,10.0,10,0.0,10.0,61.0,61,0.0,61.0,0.0,0
static10,20,10M,h4,1,10485760,52.0,15,1,4637.5635,4632.202,20.2575,4665.5708,18.0887,18.1093,0.0781,18.1522,4577.081,4572.643,20.4064,4605.0787,0.0,0,0.0,0.0,55.2528,55.193,0.2501,55.5673,10.0,10,0.0,10.0,131.2,127,16.8319,147.2,0.0,0
static10,20,10M,h4,2,10485760,52.0,15,1,4687.1729,4658.509,126.6425,4818.15,17.9082,18.0071,0.4446,18.1088,4624.2192,4595.48,126.9755,4756.9165,0.0,0,0.0,0.0,55.404,55.403,0.1381,55.6377,10.0,10,0.0,10.0,125.0667,127,7.5163,128.0,0.0,0
static10,20,10M,h4,3,10485760,52.0,15,1,4688.9686,4653.81,137.0682,4825.322,17.9031,18.0252,0.477,18.0737,4624.9994,4590.804,136.2737,4757.9687,0.0,0,0.0,0.0,55.5257,55.474,0.4137,56.0178,10.0,10,0.0,10.0,130.2667,127,21.2316,150.2,0.0,0
static10,20,10M,h4,4,10485760,52.0,15,1,4649.3956,4647.943,9.4731,4661.7011,18.0424,18.048,0.0368,18.0901,4585.6855,4584.322,9.3479,4598.8891,0.0,0,0.0,0.0,55.4155,55.41,0.1301,55.6163,10.0,10,0.0,10.0,127.1333,127,0.6399,128.0,0.0,0
static10,20,10M,h4,5,10485760,52.0,15,1,4685.4985,4649.081,135.4754,4839.6767,17.9161,18.0436,0.4732,18.1067,4622.4421,4586.626,136.172,4776.9827,0.0,0,0.0,0.0,55.4168,55.443,0.1039,55.5313,10.0,10,0.0,10.0,125.4667,128,7.3763,128.0,0.0,0
static10,20,10M,h4,6,10485760,52.0,15,1,4832.0569,4661.051,260.8711,5201.2841,17.406,17.9972,0.9059,18.0748,4766.3026,4593.962,261.6375,5135.2115,0.0,0,0.0,0.0,55.4259,55.452,0.1296,55.6183,10.0,10,0.0,10.0,117.4,127,14.2117,128.0,0.0,0
static10,20,10M,h4,7,10485760,52.0,15,1,4661.1115,4655.701,19.5762,4693.6751,17.9973,18.0179,0.075,18.0639,4598.2953,4592.24,20.5979,4630.8718,0.0,0,0.0,0.0,55.7013,55.418,0.6903,57.0267,10.0,10,0.0,10.0,141.6667,127,30.2671,202.6,0.0,0
static10,20,10M,h4,8,10485760,52.0,15,1,4720.9081,4654.307,182.4758,5164.8442,17.792,18.0233,0.6366,18.0846,4655.4138,4587.38,182.4758,5101.5646,0.0,0,0.0,0.0,55.3923,55.384,0.1183,55.5475,10.0,10,0.0,10.0,123.1333,127,10.2321,128.0,0.0,0
static10,20,10M,h4,9,10485760,52.0,15,1,4785.4473,4650.007,234.7883,5163.7871,17.567,18.04,0.8212,18.1182,4721.5512,4586.33,236.1522,5102.3043,0.0,0,0.0,0.0,55.4441,55.419,0.1621,55.6717,10.0,10,0.0,10.0,119.4,127,13.2277,128.0,0.0,0
static10,20,10M,h4,10,10485760,52.0,15,1,4754.5041,4649.108,217.7071,5174.0242,17.6759,18.0435,0.7592,18.1055,4690.635,4590.718,216.0393,5108.9008,0.0,0,0.0,0.0,55.3651,55.404,0.1194,55.4971,10.0,10,0.0,10.0,121.4,127,11.7886,128.0,0.0,0
statichigh,20,10M,h2,1,10485760,6.0,15,1,4394.9761,4397.654,7.0693,4401.6891,19.0869,19.0752,0.0308,19.1431,4388.3307,4390.939,7.0046,4394.8497,0.0,0,0.0,0.0,10.0355,10.066,0.082,10.1339,24.0,24,0.0,24.0,33.2667,33,0.4577,34.0,0.0,0
statichigh,20,10M,h2,2,10485760,6.0,15,1,4395.6304,4398.112,6.957,4400.9166,19.084,19.0732,0.0303,19.1413,4388.9821,4391.379,6.9044,4394.268,0.0,0,0.0,0.0,10.0592,10.083,0.086,10.1437,24.0,24,0.0,24.0,33.3333,33,0.488,34.0,0.0,0
statichigh,20,10M,h2,3,10485760,6.0,15,1,4399.1586,4398.677,2.0884,4403.5374,19.0687,19.0708,0.009,19.0782,4392.6213,4392.122,2.0329,4396.8727,0.0,0,0.0,0.0,9.9683,9.968,0.0765,10.0533,24.0,24,0.0,24.0,33.6,34,0.5071,34.0,0.0,0
statichigh,20,10M,h2,4,10485760,6.0,15,1,4396.9685,4396.513,1.1819,4399.1455,19.0782,19.0801,0.0051,19.082,4390.2847,4389.85,1.1912,4392.6407,0.0,0,0.0,0.0,10.0666,10.094,0.0763,10.1444,24.0,24,0.0,24.0,33.4,33,0.6325,34.0,0.0,0
statichigh,20,10M,h2,5,10485760,6.0,15,1,4398.9034,4397.002,4.6122,4405.0103,19.0698,19.078,0.0199,19.081,4392.1882,4390.192,4.605,4398.2754,0.0,0,0.0,0.0,10.0829,10.109,0.0852,10.1509,24.0,24,0.0,24.0,33.3333,33,0.488,34.0,0.0,0
statichigh,20,10M,h2,6,10485760,6.0,15,1,4397.3743,4396.658,2.0963,4400.6982,19.0764,19.0795,0.0091,19.0814,4390.7076,4389.981,2.1987,4394.2204,0.0,0,0.0,0.0,10.0964,10.11,0.0702,10.154,24.0,24,0.0,24.0,33.6,34,0.5071,34.0,0.0,0
statichigh,20,10M,h2,7,10485760,6.0,15,1,4397.3223,4396.713,1.8352,4401.2246,19.0766,19.0793,0.008,19.0829,4390.6191,4390.011,1.8307,4394.5852,0.0,0,0.0,0.0,10.1065,10.125,0.04,10.1482,24.0,24,0.0,24.0,33.5333,34,0.5164,34.0,0.0,0
statichigh,20,10M,h2,8,10485760,6.0,15,1,4399.9894,4396.962,6.5221,4412.1144,19.0651,19.0782,0.0282,19.0822,4393.1639,4390.238,6.3854,4405.2052,0.0,0,0.0,0.0,10.0883,10.115,0.0781,10.1642,24.0,24,0.0,24.0,33.7333,34,0.4577,34.0,0.0,0
statichigh,20,10M,h2,9,10485760,6.0,15,1,4397.1439,4396.761,1.7264,4399.6668,19.0774,19.0791,0.0075,19.0825,4390.409,4389.796,1.6406,4392.8207,0.0,0,0.0,0.0,10.0994,10.099,0.0868,10.2107,24.0,24,0.0,24.0,33.2667,33,0.4577,34.0,0.0,0
statichigh,20,10M,h2,10,10485760,6.0,15,1,4402.9397,4398.756,11.0871,4420.939,19.0524,19.0704,0.0477,19.0821,4396.2532,4392.161,11.12,4414.2314,0.0,0,0.0,0.0,10.1285,10.117,0.2305,10.3683,24.0,24,0.0,24.0,33.4,33,0.5071,34.0,0.0,0
statichigh,20,10M,h3,1,10485760,22.0,15,1,4440.8665,4442.754,11.4826,4451.0934,18.8897,18.8815,0.049,18.9985,4413.8525,4416.919,11.9158,4424.479,0.0,0,0.0,0.0,25.1825,25.192,0.063,25.2842,24.0,24,0.0,24.0,46.8667,47,0.5164,47.0,0.0,0
statichigh,20,10M,h3,2,10485760,22.0,15,1,4442.4066,4444.66,11.0821,4451.1175,18.8831,18.8735,0.0474,18.9648,4415.7978,4418.156,11.184,4423.7866,0.0,0,0.0,0.0,25.2093,25.216,0.0797,25.3178,24.0,24,0.0,24.0,47.9333,47,3.6148,51.2,0.0,0
statichigh,20,10M,h3,3,10485760,22.0,15,1,4443.8963,4443.306,1.3478,4446.1093,18.8767,18.8792,0.0057,18.8837,4418.3323,4417.976,1.1199,4420.076,0.0,0,0.0,0.0,25.1347,25.14,0.0629,25.2289,24.0,24,0.0,24.0,46.8667,47,0.5164,47.0,0.0,0
statichigh,20,10M,h3,4,10485760,22.0,15,1,4445.2119,4445.761,3.1169,4449.6385,18.8711,18.8688,0.0132,18.887,4418.1995,4418.551,2.8351,4422.6188,0.0,0,0.0,0.0,25.2747,25.269,0.2227,25.5361,24.0,24,0.0,24.0,48.3333,47,5.7404,53.6,0.0,0
statichigh,20,10M,h3,5,10485760,22.0,15,1,4446.7949,4446.109,4.8767,4454.6548,18.8644,18.8673,0.0207,18.8888,4419.5862,4418.569,4.5052,4427.5071,0.0,0,0.0,0.0,25.3419,25.262,0.4128,25.8321,24.0,24,0.0,24.0,50.9333,47,15.2337,64.7,0.0,0
statichigh,20,10M,h3,6,10485760,22.0,15,1,4446.0267,4446.562,2.0404,4448.2492,18.8677,18.8654,0.0087,18.8807,4418.3464,4419.148,2.0058,4420.0732,0.0,0,0.0,0.0,25.1797,25.165,0.0782,25.3194,24.0,24,0.0,24.0,46.8667,47,0.5164,47.0,0.0,0
statichigh,20,10M,h3,7,10485760,22.0,15,1,4446.1474,4445.843,3.6564,4451.3838,18.8672,18.8684,0.0155,18.8868,4418.3432,4417.878,3.2513,4424.3187,0.0,0,0.0,0.0,25.2249,25.202,0.1133,25.3959,24.0,24,0.0,24.0,46.8667,47,0.5164,47.0,0.0,0
statichigh,20,10M,h3,8,10485760,22.0,15,1,4445.8705,4444.655,5.5767,4457.8941,18.8683,18.8735,0.0236,18.8893,4418.9459,4418.928,5.2051,4430.3857,0.0,0,0.0,0.0,25.1989,25.207,0.0681,25.2892,24.0,24,0.0,24.0,46.8667,47,0.5164,47.0,0.0,0
statichigh,20,10M,h3,9,10485760,22.0,15,1,4446.5545,4445.13,5.412,4457.5148,18.8654,18.8715,0.0229,18.8874,4419.9533,4418.608,5.8561,4433.5651,0.0,0,0.0,0.0,25.2836,25.222,0.246,25.5775,24.0,24,0.0,24.0,48.4667,47,5.6804,53.6,0.0,0
statichigh,20,10M,h3,10,10485760,22.0,15,1,4448.8311,4447.661,6.4756,4460.628,18.8558,18.8607,0.0274,18.8876,4421.4533,4420.016,5.7691,4432.3445,0.0,0,0.0,0.0,25.2221,25.22,0.0739,25.3423,24.0,24,0.0,24.0,46.8667,47,0.5164,47.0,0.0,0
statichigh,20,10M,h4,1,10485760,52.0,15,1,4578.8077,4578.339,9.6945,4593.3035,18.3206,18.3224,0.0388,18.3659,4513.6925,4517.617,8.9222,4522.5163,0.0,0,0.0,0.0,55.9977,56.132,0.3366,56.3597,24.0,24,0.0,24.0,141.5333,142,0.8338,142.0,0.0,0
statichigh,20,10M,h4,2,10485760,52.0,15,1,4579.0691,4583.275,13.6715,4594.555,18.3196,18.3027,0.0549,18.4225,4513.7699,4513.88,13.9698,4530.6386,0.0,0,0.0,0.0,55.8145,55.559,0.4571,56.4214,24.0,24,0.0,24.0,141.0,141,1.069,142.0,0.0,0
statichigh,20,10M,h4,3,10485760,52.0,15,1,4568.847,4568.603,3.5296,4573.863,18.3605,18.3614,0.0142,18.3785,4509.0411,4508.581,2.7694,4514.0149,0.0,0,0.0,0.0,55.555,55.325,0.3704,56.1114,24.0,24,0.0,24.0,140.8667,141,1.0601,142.0,0.0,0
statichigh,20,10M,h4,4,10485760,52.0,15,1,4576.8443,4577.155,6.1031,4586.6771,18.3284,18.3271,0.0244,18.3608,4513.8726,4513.584,5.6241,4522.4233,0.0,0,0.0,0.0,55.9159,56.144,0.3523,56.3281,24.0,24,0.0,24.0,141.5333,142,0.5164,142.0,0.0,0
statichigh,20,10M,h4,5,10485760,52.0,15,1,4580.3129,4579.984,6.0675,4588.7759,18.3145,18.3158,0.0243,18.3493,4515.4918,4515.471,6.0885,4524.4523,0.0,0,0.0,0.0,55.9291,55.739,0.5694,56.7167,24.0,24,0.0,24.0,145.4667,141,16.1991,160.6,0.0,0
statichigh,20,10M,h4,6,10485760,52.0,15,1,4577.4927,4578.018,6.8801,4586.1154,18.3258,18.3237,0.0275,18.3627,4513.1763,4511.855,6.2778,4523.9277,0.0,0,0.0,0.0,55.839,55.776,0.3867,56.3516,24.0,24,0.0,24.0,141.0,141,1.3093,142.0,0.0,0
statichigh,20,10M,h4,7,10485760,52.0,15,1,4589.2109,4584.37,29.4999,4626.5869,18.2797,18.2983,0.1154,18.3549,4524.9372,4516.893,27.6109,4557.4101,0.0,0,0.0,0.0,55.6584,55.543,0.4299,56.3449,24.0,24,0.0,24.0,141.2,141,0.7746,142.0,0.0,0
statichigh,20,10M,h4,8,10485760,52.0,15,1,4582.9679,4579.264,14.1538,4601.8988,18.304,18.3187,0.0562,18.3546,4518.3113,4515.269,13.9344,4539.4179,0.0,0,0.0,0.0,55.7499,55.608,0.3981,56.3961,24.0,24,0.0,24.0,141.0,141,1.1339,142.0,0.0,0
statichigh,20,10M,h4,9,10485760,52.0,15,1,4579.5861,4578.037,10.6252,4595.3976,18.3175,18.3236,0.0425,18.3779,4517.4077,4516.809,8.4039,4529.0984,0.0,0,0.0,0.0,55.7246,55.588,0.4098,56.3503,24.0,24,0.0,24.0,138.3333,141,11.1718,142.0,0.0,0
statichigh,20,10M,h4,10,10485760,52.0,15,1,4583.5937,4581.032,17.2401,4617.5013,18.3016,18.3116,0.0686,18.3839,4519.3387,4514.985,17.2254,4552.1482,0.0,0,0.0,0.0,55.6773,55.496,0.4066,56.3682,24.0,24,0.0,24.0,140.5333,141,1.5523,142.3,0.0,0
ewma,20,1K,h2,1,1024,6.0,15,1,13.4067,13.225,0.5902,14.2829,0.612,0.6194,0.0243,0.6288,6.7949,6.62,0.5996,7.4914,0.0,0,0.0,0.0,6.4801,6.461,0.2672,6.8128,10.0,10,0.0,10.0,10.0,10,0.0,10.0,0.0,0
ewma,20,1K,h2,2,1024,6.0,15,1,13.4833,13.281,0.4478,14.2561,0.6082,0.6168,0.0196,0.6281,6.8829,6.692,0.4403,7.638,0.0,0,0.0,0.0,6.4474,6.384,0.1772,6.7434,10.0,10,0.0,10.0,10.0,10,0.0,10.0,0.0,0
ewma,20,1K,h2,3,1024,6.0,15,1,13.9089,14.045,0.5412,14.5319,0.5898,0.5833,0.0233,0.6243,7.324,7.536,0.6106,8.0217,0.0,0,0.0,0.0,6.6107,6.599,0.2449,7.0067,10.0,10,0.0,10.0,10.0,10,0.0,10.0,0.0,0
ewma,20,1K,h2,4,1024,6.0,15,1,13.5614,13.396,0.4384,14.3051,0.6046,0.6115,0.0191,0.6237,6.9051,6.816,0.3886,7.5146,0.0,0,0.0,0.0,6.4901,6.448,0.12,6.7114,10.0,10,0.0,10.0,10.0,10,0.0,10.0,0.0,0
ewma,20,1K,h2,5,1024,6.0,15,1,13.2736,13.251,0.1795,13.5267,0.6173,0.6182,0.0082,0.626,6.6818,6.675,0.1544,6.967,0.0,0,0.0,0.0,6.4346,6.438,0.08,6.5465,10.0,10,0.0,10.0,10.0,10,0.0,10.0,0.0,0
ewma,20,1K,h2,6,1024,6.0,15,1,13.3806,13.302,0.3424,14.086,0.6126,0.6158,0.0152,0.6283,6.7894,6.657,0.3454,7.5482,0.0,0,0.0,0.0,6.4356,6.387,0.1569,6.7166,10.0,10,0.0,10.0,10.0,10,0.0,10.0,0.0,0
ewma,20,1K,h2,7,1024,6.0,15,1,13.8409,13.839,0.4887,14.4843,0.5926,0.592,0.021,0.623,7.2303,7.337,0.4796,7.9947,0.0,0,0.0,0.0,6.5852,6.59,0.2328,6.9776,10.0,10,0.0,10.0,10.0,10,0.0,10.0,0.0,0
ewma,20,1K,h2,8,1024,6.0,15,1,13.6315,13.303,0.9398,15.2007,0.6033,0.6158,0.0359,0.6267,6.9683,6.728,0.5235,7.9924,0.0,0,0.0,0.0,6.5258,6.41,0.4247,7.0743,10.0,10,0.0,10.0,10.0,10,0.0,10.0,0.0,0
ewma,20,1K,h2,9,1024,6.0,15,1,13.5513,13.373,0.3975,14.1735,0.605,0.6126,0.0175,0.6235,6.92,6.829,0.3569,7.5432,0.0,0,0.0,0.0,6.4021,6.372,0.1516,6.7314,10.0,10,0.0,10.0,10.0,10,0.0,10.0,0.0,0
ewma,20,1K,h2,10,1024,6.0,15,1,13.7089,13.429,0.5971,14.7508,0.5986,0.61,0.0248,0.6198,7.0671,6.824,0.4915,7.8355,0.0,0,0.0,0.0,6.5111,6.425,0.2499,6.9242,10.0,10,0.0,10.0,10.0,10,0.0,10.0,0.0,0
ewma,20,1K,h3,1,1024,22.0,15,1,56.3961,55.994,2.7688,60.5318,0.1456,0.1463,0.0074,0.1554,30.1638,29.88,2.2595,33.1145,0.0,0,0.0,0.0,29.1894,29.039,1.5661,31.4513,10.0,10,0.0,10.0,10.0,10,0.0,10.0,0.0,0
ewma,20,1K,h3,2,1024,22.0,15,1,57.3181,56.861,3.5872,62.5972,0.1435,0.1441,0.0091,0.1581,30.5951,31.457,2.196,33.0946,0.0,0,0.0,0.0,29.6074,30.396,1.9724,31.636,10.0,10,0.0,10.0,10.0,10,0.0,10.0,0.0,0
ewma,20,1K,h3,3,1024,22.0,15,1,56.5674,57.237,3.5412,60.9279,0.1454,0.1431,0.0094,0.1617,29.2375,28.297,2.8105,32.6456,0.0,0,0.0,0.0,28.7423,29.171,2.1689,31.0539,10.0,10,0.0,10.0,10.0,10,0.0,10.0,0.0,0
ewma,20,1K,h3,4,1024,22.0,15,1,55.8525,54.985,2.7858,60.4017,0.147,0.149,0.0072,0.1552,29.1659,29.123,1.8643,32.1281,0.0,0,0.0,0.0,28.8693,28.603,1.8905,31.4967,10.0,10,0.0,10.0,10.0,10,0.0,10.0,0.0,0
ewma,20,1K,h3,5,1024,22.0,15,1,57.2515,58.305,3.2681,61.9056,0.1435,0.1405,0.0083,0.1564,30.5344,30.484,2.2655,33.2666,0.0,0,0.0,0.0,29.4678,29.855,1.7162,31.5383,10.0,10,0.0,10.0,10.0,10,0.0,10.0,0.0,0
ewma,20,1K,h3,6,1024,22.0,15,1,55.7245,55.774,3.0296,59.7231,0.1474,0.1469,0.0082,0.1596,29.1552,29.082,2.1361,33.1495,0.0,0,0.0,0.0,29.0054,29.314,2.0549,31.2941,10.0,10,0.0,10.0,10.0,10,0.0,10.0,0.0,0
ewma,20,1K,h3,7,1024,22.0,15,1,56.2382,56.867,4.1008,61.4638,0.1464,0.1441,0.011,0.1643,29.4849,29.631,3.2099,33.198,0.0,0,0.0,0.0,28.9023,29.724,2.3653,31.5608,10.0,10,0.0,10.0,10.0,10,0.0,10.0,0.0,0
ewma,20,1K,h3,8,1024,22.0,15,1,56.5197,56.976,1.5731,58.3606,0.145,0.1438,0.0041,0.1523,29.8918,29.916,2.3211,33.2119,0.0,0,0.0,0.0,29.4001,29.594,1.1595,30.9055,10.0,10,0.0,10.0,10.0,10,0.0,10.0,0.0,0
ewma,20,1K,h3,9,1024,22.0,15,1,57.0485,56.751,3.2957,61.4794,0.144,0.1443,0.0084,0.1565,30.1269,30.195,2.4051,33.2399,0.0,0,0.0,0.0,29.5291,29.877,1.5939,31.6739,10.0,10,0.0,10.0,10.0,10,0.0,10.0,0.0,0
ewma,20,1K,h3,10,1024,22.0,15,1,56.8477,56.684,2.9229,60.8061,0.1445,0.1445,0.0075,0.1559,29.5889,28.834,2.7813,33.3907,0.0,0,0.0,0.0,29.5075,30.085,1.6529,31.3941,10.0,10,0.0,10.0,10.0,10,0.0,10.0,0.0,0
ewma,20,1K,h4,1,1024,52.0,15,1,128.6773,127.681,5.7639,137.1989,0.0638,0.0642,0.0029,0.0688,64.2025,63.611,5.2451,72.4174,0.0,0,0.0,0.0,63.0641,63.081,3.5009,67.5813,10.0,10,0.0,10.0,10.0,10,0.0,10.0,0.0,0
ewma,20,1K,h4,2,1024,52.0,15,1,130.8683,130.895,7.6375,141.4814,0.0628,0.0626,0.0037,0.0684,66.8045,68.248,5.417,72.3041,0.0,0,0.0,0.0,64.3597,64.967,4.5868,69.9461,10.0,10,0.0,10.0,10.0,10,0.0,10.0,0.0,0
ewma,20,1K,h4,3,1024,52.0,15,1,128.8163,129.04,5.8783,137.3008,0.0637,0.0635,0.003,0.0689,64.6529,64.525,4.5076,70.1916,0.0,0,0.0,0.0,63.8245,63.744,4.1042,69.0044,10.0,10,0.0,10.0,10.0,10,0.0,10.0,0.0,0
ewma,20,1K,h4,4,1024,52.0,15,1,128.7685,127.006,7.0867,139.7806,0.0638,0.0645,0.0035,0.0701,63.5401,64.669,5.5029,70.2507,0.0,0,0.0,0.0,63.94,62.983,3.4636,69.3137,10.0,10,0.0,10.0,10.0,10,0.0,10.0,0.0,0
ewma,20,1K,h4,5,1024,52.0,15,1,128.8207,126.76,5.6573,138.7546,0.0637,0.0646,0.0027,0.0668,64.5355,64.075,5.5421,72.6365,0.0,0,0.0,0.0,63.0437,62.622,3.6224,68.7623,10.0,10,0.0,10.0,10.0,10,0.0,10.0,0.0,0
ewma,20,1K,h4,6,1024,52.0,15,1,126.8607,125.764,6.9199,137.7079,0.0648,0.0651,0.0035,0.07,64.232,64.611,5.32,71.6392,0.0,0,0.0,0.0,63.4804,63.674,3.7612,68.6666,10.0,10,0.0,10.0,10.0,10,0.0,10.0,0.0,0
ewma,20,1K,h4,7,1024,52.0,15,1,124.9335,121.658,7.2497,136.2009,0.0658,0.0673,0.0037,0.0698,62.5551,62.628,6.0953,72.6218,0.0,0,0.0,0.0,60.6063,59.573,3.6233,65.8297,10.0,10,0.0,10.0,10.0,10,0.0,10.0,0.0,0
ewma,20,1K,h4,8,1024,52.0,15,1,131.2788,131.065,5.6863,139.7459,0.0625,0.0625,0.0027,0.0661,65.5315,63.978,4.2021,72.6129,0.0,0,0.0,0.0,64.3652,63.757,3.4686,70.3984,10.0,10,0.0,10.0,10.0,10,0.0,10.0,0.0,0
ewma,20,1K,h4,9,1024,52.0,15,1,128.1365,127.477,5.7721,137.2985,0.0641,0.0643,0.0029,0.0686,64.4309,64.274,4.2563,72.7035,0.0,0,0.0,0.0,63.5431,62.529,4.3771,69.4087,10.0,10,0.0,10.0,10.0,10,0.0,10.0,0.0,0
ewma,20,1K,h4,10,1024,52.0,15,1,126.4369,125.47,7.2334,136.1524,0.065,0.0653,0.0038,0.0704,62.3491,62.411,5.1009,69.075,0.0,0,0.0,0.0,61.1699,61.241,4.391,66.5518,10.0,10,0.0,10.0,10.0,10,0.0,10.0,0.0,0
lossaware,20,1K,h2,1,1024,6.0,15,1,13.5405,13.348,0.3913,14.1612,0.6055,0.6137,0.017,0.6217,6.9151,6.749,0.4062,7.6782,0.0,0,0.0,0.0,6.493,6.449,0.1611,6.759,10.0,10,0.0,10.0,10.0,10,0.0,10.0,0.0,0
lossaware,20,1K,h2,2,1024,6.0,15,1,13.4217,13.232,0.4365,14.3084,0.6109,0.6191,0.0191,0.6292,6.8169,6.713,0.4122,7.5725,0.0,0,0.0,0.0,6.4459,6.384,0.1613,6.7378,10.0,10,0.0,10.0,10.0,10,0.0,10.0,0.0,0
lossaware,20,1K,h2,3,1024,6.0,15,1,13.4205,13.366,0.4608,14.1725,0.611,0.6129,0.0199,0.6329,6.8067,6.708,0.4135,7.5211,0.0,0,0.0,0.0,6.4334,6.376,0.1598,6.6936,10.0,10,0.0,10.0,10.0,10,0.0,10.0,0.0,0
lossaware,20,1K,h2,4,1024,6.0,15,1,13.4124,13.244,0.4141,14.2904,0.6113,0.6185,0.0181,0.6252,6.8187,6.734,0.3613,7.4774,0.0,0,0.0,0.0,6.4901,6.458,0.1724,6.7865,10.0,10,0.0,10.0,10.0,10,0.0,10.0,0.0,0
lossaware,20,1K,h2,5,1024,6.0,15,1,13.4335,13.326,0.4419,14.293,0.6104,0.6147,0.0195,0.6358,6.7947,6.714,0.4326,7.7524,0.0,0,0.0,0.0,6.5045,6.462,0.2113,6.8772,10.0,10,0.0,10.0,10.0,10,0.0,10.0,0.0,0
lossaware,20,1K,h2,6,1024,6.0,15,1,13.3538,13.28,0.329,13.8455,0.6138,0.6169,0.0144,0.6259,6.6818,6.631,0.1957,6.962,0.0,0,0.0,0.0,6.447,6.415,0.1196,6.6604,10.0,10,0.0,10.0,10.0,10,0.0,10.0,0.0,0
lossaware,20,1K,h2,7,1024,6.0,15,1,13.2215,13.217,0.1432,13.4274,0.6197,0.6198,0.0067,0.628,6.5932,6.566,0.1383,6.8173,0.0,0,0.0,0.0,6.3688,6.352,0.1011,6.5208,10.0,10,0.0,10.0,10.0,10,0.0,10.0,0.0,0
lossaware,20,1K,h2,8,1024,6.0,15,1,13.4463,13.209,0.5725,14.5777,0.6102,0.6202,0.0246,0.628,6.839,6.62,0.5567,7.9436,0.0,0,0.0,0.0,6.4403,6.381,0.1341,6.6314,10.0,10,0.0,10.0,10.0,10,0.0,10.0,0.0,0
lossaware,20,1K,h2,9,1024,6.0,15,1,13.8215,13.324,0.8616,15.4949,0.5947,0.6148,0.0349,0.6231,7.1969,6.77,0.8371,8.9007,0.0,0,0.0,0.0,6.5943,6.495,0.3141,7.0343,10.0,10,0.0,10.0,10.0,10,0.0,10.0,0.0,0
lossaware,20,1K,h2,10,1024,6.0,15,1,13.4047,13.311,0.3563,13.9986,0.6115,0.6154,0.0156,0.6271,6.81,6.727,0.3664,7.4679,0.0,0,0.0,0.0,6.4364,6.383,0.1413,6.6925,10.0,10,0.0,10.0,10.0,10,0.0,10.0,0.0,0
lossaware,20,1K,h3,1,1024,22.0,15,1,56.8921,56.645,2.7409,61.0066,0.1443,0.1446,0.0069,0.1526,29.7557,29.814,2.8733,32.8532,0.0,0,0.0,0.0,29.444,29.679,1.5491,31.3625,10.0,10,0.0,10.0,10.0,10,0.0,10.0,0.0,0
lossaware,20,1K,h3,2,1024,22.0,15,1,56.5279,56.973,2.6337,60.1692,0.1452,0.1438,0.0068,0.1549,29.6991,29.841,2.0021,32.9861,0.0,0,0.0,0.0,29.7864,30.303,1.4262,31.3696,10.0,10,0.0,10.0,10.0,10,0.0,10.0,0.0,0
lossaware,20,1K,h3,3,1024,22.0,15,1,56.8657,56.554,3.2553,61.8113,0.1445,0.1449,0.0085,0.1559,29.7127,28.781,2.9056,33.1462,0.0,0,0.0,0.0,29.3925,30.139,2.0289,31.3822,10.0,10,0.0,10.0,10.0,10,0.0,10.0,0.0,0
lossaware,20,1K,h3,4,1024,22.0,15,1,55.8757,55.112,3.7991,61.6456,0.1472,0.1486,0.01,0.1626,28.6679,29.204,3.1345,32.8472,0.0,0,0.0,0.0,29.1322,29.488,2.0743,31.4536,10.0,10,0.0,10.0,10.0,10,0.0,10.0,0.0,0
lossaware,20,1K,h3,5,1024,22.0,15,1,56.6871,57.207,2.0355,59.084,0.1447,0.1432,0.0053,0.1537,30.1889,30.035,2.0765,33.3042,0.0,0,0.0,0.0,29.2931,29.15,1.3747,31.0243,10.0,10,0.0,10.0,10.0,10,0.0,10.0,0.0,0
lossaware,20,1K,h3,6,1024,22.0,15,1,56.9976,56.037,3.7182,62.5036,0.1443,0.1462,0.0093,0.1559,30.3762,30.925,2.6423,33.0232,0.0,0,0.0,0.0,29.1314,29.307,1.8777,31.4444,10.0,10,0.0,10.0,10.0,10,0.0,10.0,0.0,0
lossaware,20,1K,h3,7,1024,22.0,15,1,57.2031,57.47,2.7993,60.7108,0.1435,0.1425,0.0073,0.1562,30.2003,29.721,1.6834,32.8408,0.0,0,0.0,0.0,29.8829,30.56,1.3869,31.2271,10.0,10,0.0,10.0,10.0,10,0.0,10.0,0.0,0
lossaware,20,1K,h3,8,1024,22.0,15,1,56.3205,55.978,2.3028,59.5059,0.1457,0.1463,0.0059,0.1528,29.2401,28.909,2.2854,33.1253,0.0,0,0.0,0.0,29.2032,29.285,1.3258,30.905,10.0,10,0.0,10.0,10.0,10,0.0,10.0,0.0,0
lossaware,20,1K,h3,9,1024,22.0,15,1,56.4546,56.474,3.396,60.3225,0.1456,0.1451,0.0091,0.1626,29.7387,29.709,3.0608,33.4586,0.0,0,0.0,0.0,29.3219,30.051,2.0884,31.2735,10.0,10,0.0,10.0,10.0,10,0.0,10.0,0.0,0
lossaware,20,1K,h3,10,1024,22.0,15,1,55.8389,56.069,2.848,59.9224,0.1471,0.1461,0.0075,0.157,29.1451,28.879,2.718,33.245,0.0,0,0.0,0.0,28.9426,29.041,1.7978,30.7213,10.0,10,0.0,10.0,10.0,10,0.0,10.0,0.0,0
lossaware,20,1K,h4,1,1024,52.0,15,1,127.7338,127.901,6.386,137.0759,0.0643,0.064,0.0032,0.0686,63.1759,63.534,5.9746,72.5073,0.0,0,0.0,0.0,63.3115,63.198,3.6039,68.3155,10.0,10,0.0,10.0,10.0,10,0.0,10.0,0.0,0
lossaware,20,1K,h4,2,1024,52.0,15,1,127.8469,125.966,7.8014,139.1394,0.0643,0.065,0.0039,0.0703,62.6413,64.068,6.3482,71.7562,0.0,0,0.0,0.0,63.6529,63.758,4.5214,70.9788,10.0,10,0.0,10.0,10.0,10,0.0,10.0,0.0,0
lossaware,20,1K,h4,3,1024,52.0,15,1,128.2832,128.329,5.079,135.2933,0.064,0.0638,0.0026,0.0676,63.6959,63.885,3.6906,68.4085,0.0,0,0.0,0.0,63.2133,63.447,3.445,68.7815,10.0,10,0.0,10.0,10.0,10,0.0,10.0,0.0,0
lossaware,20,1K,h4,4,1024,52.0,15,1,130.5081,129.805,6.3498,140.5301,0.0629,0.0631,0.0031,0.0677,66.5702,64.565,5.1174,72.7079,0.0,0,0.0,0.0,63.8075,62.445,4.1279,70.594,10.0,10,0.0,10.0,10.0,10,0.0,10.0,0.0,0
lossaware,20,1K,h4,5,1024,52.0,15,1,131.3182,130.858,6.4149,142.7651,0.0625,0.0626,0.003,0.067,65.6279,64.284,4.2577,72.7114,0.0,0,0.0,0.0,65.1206,65.605,3.1538,69.3992,10.0,10,0.0,10.0,10.0,10,0.0,10.0,0.0,0
lossaware,20,1K,h4,6,1024,52.0,15,1,130.6069,130.772,4.8227,138.3608,0.0628,0.0626,0.0024,0.0667,66.0501,64.87,4.7684,72.5413,0.0,0,0.0,0.0,64.0977,64.099,3.033,69.4509,10.0,10,0.0,10.0,10.0,10,0.0,10.0,0.0,0
lossaware,20,1K,h4,7,1024,52.0,15,1,127.8553,129.199,7.3577,137.4552,0.0643,0.0634,0.0037,0.0697,65.2635,65.729,4.9135,72.0618,0.0,0,0.0,0.0,62.6529,61.885,4.2196,68.8966,10.0,10,0.0,10.0,10.0,10,0.0,10.0,0.0,0
lossaware,20,1K,h4,8,1024,52.0,15,1,129.6028,128.553,7.5976,140.1168,0.0634,0.0637,0.0037,0.0687,65.5714,65.094,5.6042,72.693,0.0,0,0.0,0.0,64.7626,64.835,4.57,71.115,10.0,10,0.0,10.0,10.0,10,0.0,10.0,0.0,0
lossaware,20,1K,h4,9,1024,52.0,15,1,128.7566,129.301,4.8365,134.3108,0.0637,0.0634,0.0025,0.0684,64.5417,63.732,3.1417,70.1617,0.0,0,0.0,0.0,63.0985,63.919,3.9596,68.1521,10.0,10,0.0,10.0,10.0,10,0.0,10.0,0.0,0
lossaware,20,1K,h4,10,1024,52.0,15,1,126.7336,126.047,7.3214,137.5683,0.0648,0.065,0.0037,0.0706,63.162,62.863,4.5781,69.435,0.0,0,0.0,0.0,61.5719,61.771,4.3322,67.68,10.0,10,0.0,10.0,10.0,10,0.0,10.0,0.0,0
lossaware-disc,20,1K,h2,1,1024,6.0,15,1,13.4041,13.344,0.2587,13.8436,0.6114,0.6139,0.0117,0.6269,6.7907,6.805,0.264,7.2131,0.0,0,0.0,0.0,6.4376,6.446,0.104,6.5679,10.0,10,0.0,10.0,10.0,10,0.0,10.0,0.0,0
lossaware-disc,20,1K,h2,2,1024,6.0,15,1,13.5817,13.2,0.6054,14.4697,0.6043,0.6206,0.0264,0.6303,6.9998,6.811,0.5635,7.9025,0.0,0,0.0,0.0,6.4977,6.358,0.2702,7.0038,10.0,10,0.0,10.0,10.0,10,0.0,10.0,0.0,0
lossaware-disc,20,1K,h2,3,1024,6.0,15,1,13.4389,13.379,0.3865,14.0698,0.61,0.6123,0.017,0.6301,6.7753,6.709,0.2849,7.2697,0.0,0,0.0,0.0,6.4539,6.372,0.2315,6.7825,10.0,10,0.0,10.0,10.0,10,0.0,10.0,0.0,0
lossaware-disc,20,1K,h2,4,1024,6.0,15,1,13.3703,13.212,0.5072,14.0964,0.6135,0.62,0.0218,0.6322,6.8241,6.715,0.4894,7.6184,0.0,0,0.0,0.0,6.4539,6.388,0.1917,6.7661,10.0,10,0.0,10.0,10.0,10,0.0,10.0,0.0,0
lossaware-disc,20,1K,h2,5,1024,6.0,15,1,13.4706,13.341,0.37,14.0339,0.6086,0.614,0.0166,0.6299,6.8475,6.761,0.3062,7.4074,0.0,0,0.0,0.0,6.4297,6.396,0.1395,6.6539,10.0,10,0.0,10.0,10.0,10,0.0,10.0,0.0,0
lossaware-disc,20,1K,h2,6,1024,6.0,15,1,13.6945,13.519,0.5211,14.4569,0.599,0.606,0.0225,0.6243,7.1107,6.893,0.4918,7.7381,0.0,0,0.0,0.0,6.5679,6.551,0.2388,6.9063,10.0,10,0.0,10.0,10.0,10,0.0,10.0,0.0,0
lossaware-disc,20,1K,h2,7,1024,6.0,15,1,13.4922,13.378,0.5077,14.4337,0.6079,0.6123,0.0218,0.6327,6.9389,6.845,0.4053,7.7326,0.0,0,0.0,0.0,6.4896,6.374,0.2764,7.0496,10.0,10,0.0,10.0,10.0,10,0.0,10.0,0.0,0
lossaware-disc,20,1K,h2,8,1024,6.0,15,1,13.6389,13.504,0.6029,14.5541,0.6017,0.6066,0.026,0.6329,7.0315,6.752,0.5558,7.9224,0.0,0,0.0,0.0,6.5543,6.601,0.2936,6.9501,10.0,10,0.0,10.0,10.0,10,0.0,10.0,0.0,0
lossaware-disc,20,1K,h2,9,1024,6.0,15,1,13.6683,13.432,0.6975,14.692,0.6007,0.6099,0.0287,0.6309,7.007,6.734,0.6429,7.9698,0.0,0,0.0,0.0,6.5413,6.428,0.2635,6.9554,10.0,10,0.0,10.0,10.0,10,0.0,10.0,0.0,0
lossaware-disc,20,1K,h2,10,1024,6.0,15,1,13.5352,13.385,0.5105,14.4159,0.606,0.612,0.0223,0.6302,6.8655,6.611,0.4213,7.5235,0.0,0,0.0,0.0,6.4781,6.452,0.138,6.705,10.0,10,0.0,10.0,10.0,10,0.0,10.0,0.0,0
lossaware-disc,20,1K,h3,1,1024,22.0,15,1,56.6393,57.615,3.329,60.6527,0.1451,0.1422,0.0087,0.1589,30.1588,30.822,2.7878,33.1519,0.0,0,0.0,0.0,29.0111,29.731,2.0005,31.5084,10.0,10,0.0,10.0,10.0,10,0.0,10.0,0.0,0
lossaware-disc,20,1K,h3,2,1024,22.0,15,1,56.0983,56.842,3.3162,61.5867,0.1465,0.1441,0.0085,0.1576,29.0199,28.87,2.1281,33.011,0.0,0,0.0,0.0,29.0424,28.574,1.8408,31.5356,10.0,10,0.0,10.0,10.0,10,0.0,10.0,0.0,0
lossaware-disc,20,1K,h3,3,1024,22.0,15,1,56.6525,56.323,2.5162,60.589,0.1449,0.1454,0.0064,0.1539,29.7624,29.21,2.904,33.1126,0.0,0,0.0,0.0,29.1673,28.918,1.3348,31.0488,10.0,10,0.0,10.0,10.0,10,0.0,10.0,0.0,0
lossaware-disc,20,1K,h3,4,1024,22.0,15,1,55.5299,55.63,3.4514,60.2498,0.1481,0.1473,0.0097,0.1652,29.1375,28.948,2.2361,32.89,0.0,0,0.0,0.0,28.8575,29.191,2.4013,31.1668,10.0,10,0.0,10.0,10.0,10,0.0,10.0,0.0,0
lossaware-disc,20,1K,h3,5,1024,22.0,15,1,56.8811,56.174,3.4588,62.2597,0.1445,0.1458,0.0087,0.1566,30.1741,29.527,2.6117,33.3017,0.0,0,0.0,0.0,29.334,29.81,2.0707,31.4974,10.0,10,0.0,10.0,10.0,10,0.0,10.0,0.0,0
lossaware-disc,20,1K,h3,6,1024,22.0,15,1,57.2782,58.512,3.173,61.0971,0.1434,0.14,0.0081,0.1561,30.7406,31.334,2.3646,33.2191,0.0,0,0.0,0.0,29.4663,29.716,1.4955,31.332,10.0,10,0.0,10.0,10.0,10,0.0,10.0,0.0,0
lossaware-disc,20,1K,h3,7,1024,22.0,15,1,57.0543,56.807,3.1339,62.2812,0.144,0.1442,0.0079,0.1542,29.8554,30.001,2.0454,33.4433,0.0,0,0.0,0.0,29.7023,29.382,1.4856,31.8603,10.0,10,0.0,10.0,10.0,10,0.0,10.0,0.0,0
lossaware-disc,20,1K,h3,8,1024,22.0,15,1,55.4917,56.54,3.3676,59.127,0.1481,0.1449,0.0092,0.1629,28.3226,28.361,2.3365,30.9627,0.0,0,0.0,0.0,28.8456,30.183,2.1737,31.0527,10.0,10,0.0,10.0,10.0,10,0.0,10.0,0.0,0
lossaware-disc,20,1K,h3,9,1024,22.0,15,1,55.3245,55.969,2.5292,57.9095,0.1484,0.1464,0.0071,0.1628,28.6481,28.828,2.7766,32.2022,0.0,0,0.0,0.0,28.6326,28.879,1.8672,30.7208,10.0,10,0.0,10.0,10.0,10,0.0,10.0,0.0,0
lossaware-disc,20,1K,h3,10,1024,22.0,15,1,56.7313,56.891,2.8121,60.7716,0.1447,0.144,0.0075,0.1604,29.5794,29.348,2.3641,32.8343,0.0,0,0.0,0.0,29.3539,29.981,1.7625,31.3135,10.0,10,0.0,10.0,10.0,10,0.0,10.0,0.0,0
lossaware-disc,20,1K,h4,1,1024,52.0,15,1,130.9457,131.431,8.2066,142.1704,0.0628,0.0623,0.0041,0.0701,65.1526,65.17,6.4998,72.5919,0.0,0,0.0,0.0,65.1985,65.61,4.1544,71.0701,10.0,10,0.0,10.0,10.0,10,0.0,10.0,0.0,0
lossaware-disc,20,1K,h4,2,1024,52.0,15,1,131.3123,129.734,6.5016,140.7655,0.0625,0.0631,0.0031,0.0669,66.2629,64.508,4.3451,72.8358,0.0,0,0.0,0.0,64.7729,64.11,4.4931,70.5908,10.0,10,0.0,10.0,10.0,10,0.0,10.0,0.0,0
lossaware-disc,20,1K,h4,3,1024,52.0,15,1,130.1795,131.366,5.5703,136.5483,0.063,0.0624,0.0028,0.0685,66.111,66.283,4.0488,70.1099,0.0,0,0.0,0.0,64.2834,64.812,3.7801,69.7192,10.0,10,0.0,10.0,10.0,10,0.0,10.0,0.0,0
lossaware-disc,20,1K,h4,4,1024,52.0,15,1,131.2534,132.354,6.1167,139.1287,0.0625,0.0619,0.0029,0.0671,64.6381,65.604,5.239,72.0139,0.0,0,0.0,0.0,65.3946,65.244,3.7926,70.4956,10.0,10,0.0,10.0,10.0,10,0.0,10.0,0.0,0
lossaware-disc,20,1K,h4,5,1024,52.0,15,1,129.0075,128.613,6.1513,137.5691,0.0636,0.0637,0.003,0.0674,65.0495,64.114,5.374,72.3255,0.0,0,0.0,0.0,64.0133,63.808,3.6664,69.1342,10.0,10,0.0,10.0,10.0,10,0.0,10.0,0.0,0
lossaware-disc,20,1K,h4,6,1024,52.0,15,1,129.4397,130.576,6.8594,138.5064,0.0635,0.0627,0.0034,0.0692,64.6658,65.098,5.1507,72.786,0.0,0,0.0,0.0,64.9932,65.637,3.7135,69.0038,10.0,10,0.0,10.0,10.0,10,0.0,10.0,0.0,0
lossaware-disc,20,1K,h4,7,1024,52.0,15,1,130.1917,130.966,6.1655,138.7042,0.0631,0.0626,0.003,0.0669,65.057,63.398,4.8345,72.229,0.0,0,0.0,0.0,63.929,64.249,4.0949,70.7256,10.0,10,0.0,10.0,10.0,10,0.0,10.0,0.0,0
lossaware-disc,20,1K,h4,8,1024,52.0,15,1,127.9551,129.758,8.1271,139.4672,0.0643,0.0631,0.0042,0.0714,63.5277,64.339,5.9802,70.3602,0.0,0,0.0,0.0,63.1461,64.864,5.4302,69.0966,10.0,10,0.0,10.0,10.0,10,0.0,10.0,0.0,0
lossaware-disc,20,1K,h4,9,1024,52.0,15,1,130.1375,129.114,5.2438,137.7637,0.063,0.0634,0.0026,0.0667,65.2328,65.354,3.6899,70.3802,0.0,0,0.0,0.0,64.4464,65.349,2.8977,67.6342,10.0,10,0.0,10.0,10.0,10,0.0,10.0,0.0,0
lossaware-disc,20,1K,h4,10,1024,52.0,15,1,128.9729,129.181,5.9714,136.1515,0.0636,0.0634,0.0031,0.0685,64.9588,65.792,5.0528,72.0813,0.0,0,0.0,0.0,63.0305,63.365,3.8991,67.9613,10.0,10,0.0,10.0,10.0,10,0.0,10.0,0.0,0
metrics,20,1K,h2,1,1024,6.0,15,1,13.4938,13.464,0.3729,14.0391,0.6075,0.6084,0.0167,0.6313,7.0003,7.046,0.3006,7.439,0.0,0,0.0,0.0,6.4635,6.475,0.1493,6.7047,10.0,10,0.0,10.0,10.0,10,0.0,10.0,0.0,0
metrics,20,1K,h2,2,1024,6.0,15,1,13.9749,14.126,0.5957,14.8503,0.5872,0.5799,0.0251,0.6212,7.3433,7.348,0.5078,8.1787,0.0,0,0.0,0.0,6.617,6.57,0.2038,6.9354,10.0,10,0.0,10.0,10.0,10,0.0,10.0,0.0,0
metrics,20,1K,h2,3,1024,6.0,15,1,13.7689,13.639,0.6864,15.0798,0.5963,0.6006,0.0287,0.6292,7.1825,6.851,0.6915,8.3426,0.0,0,0.0,0.0,6.5552,6.511,0.2987,7.1334,10.0,10,0.0,10.0,10.0,10,0.0,10.0,0.0,0
metrics,20,1K,h2,4,1024,6.0,15,1,13.3894,13.249,0.5308,14.4691,0.6127,0.6183,0.0228,0.6322,6.7322,6.61,0.4766,7.4374,0.0,0,0.0,0.0,6.4435,6.373,0.2134,6.7981,10.0,10,0.0,10.0,10.0,10,0.0,10.0,0.0,0
metrics,20,1K,h2,5,1024,6.0,15,1,13.5577,13.436,0.65,14.6377,0.6055,0.6097,0.0273,0.6348,6.9267,6.746,0.6433,7.9413,0.0,0,0.0,0.0,6.4798,6.422,0.2934,6.9694,10.0,10,0.0,10.0,10.0,10,0.0,10.0,0.0,0
metrics,20,1K,h2,6,1024,6.0,15,1,13.5109,13.295,0.6346,14.797,0.6075,0.6162,0.0263,0.6304,6.9085,6.723,0.5824,8.0848,0.0,0,0.0,0.0,6.4985,6.465,0.2335,6.8457,10.0,10,0.0,10.0,10.0,10,0.0,10.0,0.0,0
metrics,20,1K,h2,7,1024,6.0,15,1,13.3893,13.273,0.4582,14.2207,0.6125,0.6172,0.0204,0.6342,6.8131,6.656,0.4169,7.5377,0.0,0,0.0,0.0,6.4583,6.414,0.1714,6.7604,10.0,10,0.0,10.0,10.0,10,0.0,10.0,0.0,0
metrics,20,1K,h2,8,1024,6.0,15,1,13.7565,13.744,0.5337,14.7615,0.5963,0.596,0.0224,0.6229,7.1249,6.92,0.5951,8.1609,0.0,0,0.0,0.0,6.609,6.581,0.2714,7.1791,10.0,10,0.0,10.0,10.0,10,0.0,10.0,0.0,0
metrics,20,1K,h2,9,1024,6.0,15,1,13.7063,13.506,0.8446,14.941,0.5996,0.6065,0.033,0.631,6.9663,6.849,0.4741,7.7998,0.0,0,0.0,0.0,6.5217,6.441,0.2624,7.0987,10.0,10,0.0,10.0,10.0,10,0.0,10.0,0.0,0
metrics,20,1K,h2,10,1024,6.0,15,1,13.6155,13.242,0.9147,15.2385,0.604,0.6186,0.0372,0.6367,6.9472,6.766,0.5297,7.9952,0.0,0,0.0,0.0,6.5849,6.421,0.4133,7.3967,10.0,10,0.0,10.0,10.0,10,0.0,10.0,0.0,0
metrics,20,1K,h3,1,1024,22.0,15,1,51.7318,51.533,1.3713,53.3796,0.1585,0.159,0.0043,0.1642,26.6147,26.436,1.2734,27.8972,0.0,0,0.0,0.0,26.325,26.628,0.7502,26.9695,10.0,10,0.0,10.0,10.0,10,0.0,10.0,0.0,0
metrics,20,1K,h3,2,1024,22.0,15,1,56.11,56.051,2.6492,60.0059,0.1463,0.1462,0.0069,0.1566,29.9861,29.394,2.2715,32.9581,0.0,0,0.0,0.0,28.9469,28.848,1.5153,30.8441,10.0,10,0.0,10.0,10.0,10,0.0,10.0,0.0,0
metrics,20,1K,h3,3,1024,22.0,15,1,56.7573,57.734,2.6791,60.0146,0.1446,0.1419,0.007,0.1561,29.7335,29.548,1.9311,32.6152,0.0,0,0.0,0.0,28.8734,29.043,1.8343,31.3377,10.0,10,0.0,10.0,10.0,10,0.0,10.0,0.0,0
metrics,20,1K,h3,4,1024,22.0,15,1,55.5503,55.858,2.8209,59.267,0.1478,0.1467,0.0076,0.1593,28.7402,28.866,2.5397,32.5389,0.0,0,0.0,0.0,28.9723,29.606,1.7004,30.8528,10.0,10,0.0,10.0,10.0,10,0.0,10.0,0.0,0
metrics,20,1K,h3,5,1024,22.0,15,1,57.0379,57.87,3.1619,61.2812,0.144,0.1416,0.0081,0.1563,30.912,30.755,2.049,33.39,0.0,0,0.0,0.0,29.1537,29.708,1.9477,31.6158,10.0,10,0.0,10.0,10.0,10,0.0,10.0,0.0,0
metrics,20,1K,h3,6,1024,22.0,15,1,56.2817,56.769,2.8365,59.2987,0.1459,0.1443,0.0077,0.1614,29.7123,29.609,2.7589,32.987,0.0,0,0.0,0.0,28.9751,28.578,1.539,31.0512,10.0,10,0.0,10.0,10.0,10,0.0,10.0,0.0,0
metrics,20,1K,h3,7,1024,22.0,15,1,56.0065,55.31,3.6091,60.8082,0.1468,0.1481,0.0093,0.1575,28.624,29.041,2.8475,32.8911,0.0,0,0.0,0.0,29.0267,29.196,1.8535,31.0912,10.0,10,0.0,10.0,10.0,10,0.0,10.0,0.0,0
metrics,20,1K,h3,8,1024,22.0,15,1,56.0005,56.171,3.2705,60.7538,0.1468,0.1458,0.0086,0.1598,29.2677,29.004,2.433,32.9272,0.0,0,0.0,0.0,28.9456,28.986,1.7881,31.4313,10.0,10,0.0,10.0,10.0,10,0.0,10.0,0.0,0
metrics,20,1K,h3,9,1024,22.0,15,1,55.8702,55.356,3.0715,60.7321,0.147,0.148,0.008,0.1577,29.0409,27.934,2.4414,32.8329,0.0,0,0.0,0.0,28.9243,28.986,1.4491,30.8736,10.0,10,0.0,10.0,10.0,10,0.0,10.0,0.0,0
metrics,20,1K,h3,10,1024,22.0,15,1,57.5935,58.928,4.0775,61.2078,0.143,0.139,0.0109,0.1625,30.4573,31.64,2.7151,33.3982,0.0,0,0.0,0.0,29.445,30.772,2.4017,31.5666,10.0,10,0.0,10.0,10.0,10,0.0,10.0,0.0,0
metrics,20,1K,h4,1,1024,52.0,15,1,119.1069,119.132,3.9869,123.8031,0.0689,0.0688,0.0024,0.0728,59.5347,60.225,2.1729,62.5898,0.0,0,0.0,0.0,59.0605,58.918,2.0699,61.4365,10.0,10,0.0,10.0,10.0,10,0.0,10.0,0.0,0
metrics,20,1K,h4,2,1024,52.0,15,1,130.6409,130.624,6.1322,140.1341,0.0628,0.0627,0.0029,0.0673,66.5164,67.431,5.2247,72.4469,0.0,0,0.0,0.0,64.3475,63.705,3.4766,69.6248,10.0,10,0.0,10.0,10.0,10,0.0,10.0,0.0,0
metrics,20,1K,h4,3,1024,52.0,15,1,129.4733,131.882,6.8264,138.4882,0.0634,0.0621,0.0034,0.0685,65.6137,65.854,4.7441,72.6418,0.0,0,0.0,0.0,63.6334,63.416,4.3019,69.6695,10.0,10,0.0,10.0,10.0,10,0.0,10.0,0.0,0
metrics,20,1K,h4,4,1024,52.0,15,1,123.7895,122.007,6.6161,134.8708,0.0663,0.0671,0.0034,0.07,60.5363,58.841,5.8369,70.1326,0.0,0,0.0,0.0,61.8191,61.417,4.1625,68.5955,10.0,10,0.0,10.0,10.0,10,0.0,10.0,0.0,0
metrics,20,1K,h4,5,1024,52.0,15,1,128.9107,131.527,8.3135,139.3041,0.0638,0.0623,0.0043,0.0697,63.8105,63.056,6.5511,72.48,0.0,0,0.0,0.0,63.4425,63.294,4.0018,69.7064,10.0,10,0.0,10.0,10.0,10,0.0,10.0,0.0,0
metrics,20,1K,h4,6,1024,52.0,15,1,126.9827,125.173,7.6822,135.2124,0.0647,0.0654,0.004,0.071,64.8897,66.585,5.111,72.587,0.0,0,0.0,0.0,62.6147,61.686,5.4568,70.4259,10.0,10,0.0,10.0,10.0,10,0.0,10.0,0.0,0
metrics,20,1K,h4,7,1024,52.0,15,1,127.1843,127.077,6.6462,134.9113,0.0646,0.0645,0.0035,0.0703,64.1042,65.096,5.862,72.506,0.0,0,0.0,0.0,63.2991,64.424,3.4812,67.9125,10.0,10,0.0,10.0,10.0,10,0.0,10.0,0.0,0
metrics,20,1K,h4,8,1024,52.0,15,1,132.5661,134.403,5.9037,139.3154,0.0619,0.061,0.0028,0.0665,66.0867,64.66,4.1148,71.3793,0.0,0,0.0,0.0,65.4634,66.3,3.7501,69.8291,10.0,10,0.0,10.0,10.0,10,0.0,10.0,0.0,0
metrics,20,1K,h4,9,1024,52.0,15,1,128.6537,128.537,5.6144,136.2139,0.0638,0.0637,0.0029,0.0685,65.6557,65.751,3.7442,71.4786,0.0,0,0.0,0.0,63.0667,62.944,2.5936,66.6986,10.0,10,0.0,10.0,10.0,10,0.0,10.0,0.0,0
metrics,20,1K,h4,10,1024,52.0,15,1,129.1981,128.105,7.448,138.7407,0.0636,0.0639,0.0037,0.0694,64.9533,62.393,6.2707,72.6609,0.0,0,0.0,0.0,63.6054,63.56,4.4808,70.348,10.0,10,0.0,10.0,10.0,10,0.0,10.0,0.0,0
static10,20,1K,h2,1,1024,6.0,15,1,13.267,13.277,0.3092,13.654,0.6178,0.617,0.0144,0.6387,6.7663,6.714,0.2704,7.1864,0.0,0,0.0,0.0,6.3899,6.389,0.1364,6.6104,10.0,10,0.0,10.0,10.0,10,0.0,10.0,0.0,0
static10,20,1K,h2,2,1024,6.0,15,1,13.4833,13.403,0.3294,13.9781,0.6079,0.6112,0.0145,0.6253,6.8751,6.721,0.3773,7.5269,0.0,0,0.0,0.0,6.4396,6.396,0.1447,6.7314,10.0,10,0.0,10.0,10.0,10,0.0,10.0,0.0,0
static10,20,1K,h2,3,1024,6.0,15,1,13.5151,13.205,0.6257,14.7307,0.6073,0.6204,0.0266,0.6291,6.931,6.616,0.6631,8.2519,0.0,0,0.0,0.0,6.4868,6.369,0.2404,6.8995,10.0,10,0.0,10.0,10.0,10,0.0,10.0,0.0,0
static10,20,1K,h2,4,1024,6.0,15,1,13.2714,13.199,0.4175,14.0157,0.6178,0.6207,0.019,0.6448,6.6856,6.651,0.3069,7.2338,0.0,0,0.0,0.0,6.4252,6.391,0.2019,6.7559,10.0,10,0.0,10.0,10.0,10,0.0,10.0,0.0,0
static10,20,1K,h2,5,1024,6.0,15,1,13.5273,13.43,0.5002,14.2509,0.6063,0.61,0.0221,0.6326,6.9396,6.797,0.4216,7.5585,0.0,0,0.0,0.0,6.5062,6.462,0.2627,7.0367,10.0,10,0.0,10.0,10.0,10,0.0,10.0,0.0,0
static10,20,1K,h2,6,1024,6.0,15,1,13.6008,13.44,0.4595,14.2602,0.603,0.6095,0.0201,0.6285,6.9757,6.84,0.4363,7.6533,0.0,0,0.0,0.0,6.5067,6.421,0.2149,6.814,10.0,10,0.0,10.0,10.0,10,0.0,10.0,0.0,0
static10,20,1K,h2,7,1024,6.0,15,1,13.5323,13.356,0.4177,14.1763,0.6059,0.6134,0.0184,0.6258,6.9509,6.724,0.4152,7.5561,0.0,0,0.0,0.0,6.4629,6.41,0.1435,6.7173,10.0,10,0.0,10.0,10.0,10,0.0,10.0,0.0,0
static10,20,1K,h2,8,1024,6.0,15,1,13.4063,13.333,0.3576,14.1595,0.6114,0.6144,0.0159,0.6308,6.7753,6.65,0.3808,7.5864,0.0,0,0.0,0.0,6.475,6.438,0.1714,6.7504,10.0,10,0.0,10.0,10.0,10,0.0,10.0,0.0,0
static10,20,1K,h2,9,1024,6.0,15,1,13.6173,13.424,0.6131,14.593,0.6027,0.6103,0.026,0.6273,6.9753,6.791,0.5356,7.7434,0.0,0,0.0,0.0,6.5206,6.434,0.2235,6.8337,10.0,10,0.0,10.0,10.0,10,0.0,10.0,0.0,0
static10,20,1K,h2,10,1024,6.0,15,1,13.3493,13.304,0.4184,13.9487,0.6142,0.6158,0.0192,0.6386,6.7452,6.695,0.3476,7.4476,0.0,0,0.0,0.0,6.4375,6.435,0.1544,6.6827,10.0,10,0.0,10.0,10.0,10,0.0,10.0,0.0,0
static10,20,1K,h3,1,1024,22.0,15,1,51.5893,51.887,1.8669,53.9178,0.159,0.1579,0.0059,0.1687,26.363,26.417,1.3583,28.1452,0.0,0,0.0,0.0,26.1239,26.505,0.9859,27.0724,10.0,10,0.0,10.0,10.0,10,0.0,10.0,0.0,0
static10,20,1K,h3,2,1024,22.0,15,1,57.0393,58.323,4.4531,62.791,0.1445,0.1405,0.0114,0.1595,31.0092,31.67,2.3002,33.2074,0.0,0,0.0,0.0,29.0096,29.13,2.4312,31.7092,10.0,10,0.0,10.0,10.0,10,0.0,10.0,0.0,0
static10,20,1K,h3,3,1024,22.0,15,1,58.3084,57.776,2.8493,61.9745,0.1408,0.1418,0.0069,0.1516,30.3326,29.861,1.8408,32.9256,0.0,0,0.0,0.0,30.3685,30.54,1.0638,31.6086,10.0,10,0.0,10.0,10.0,10,0.0,10.0,0.0,0
static10,20,1K,h3,4,1024,22.0,15,1,56.0037,56.992,2.4762,58.0788,0.1466,0.1437,0.0069,0.1608,29.5169,29.36,2.3761,32.9124,0.0,0,0.0,0.0,29.0477,29.142,1.4758,30.7373,10.0,10,0.0,10.0,10.0,10,0.0,10.0,0.0,0
static10,20,1K,h3,5,1024,22.0,15,1,57.8069,57.468,2.9101,61.392,0.1421,0.1425,0.0074,0.1549,30.4763,30.04,2.4314,33.1556,0.0,0,0.0,0.0,29.9523,30.354,1.6728,31.3991,10.0,10,0.0,10.0,10.0,10,0.0,10.0,0.0,0
static10,20,1K,h3,6,1024,22.0,15,1,55.1201,55.399,3.766,60.1723,0.1493,0.1479,0.0107,0.1651,28.7677,29.095,2.541,31.9023,0.0,0,0.0,0.0,28.4913,28.755,2.4338,31.2325,10.0,10,0.0,10.0,10.0,10,0.0,10.0,0.0,0
static10,20,1K,h3,7,1024,22.0,15,1,56.6829,57.591,4.7607,62.6267,0.1455,0.1422,0.013,0.166,29.2271,29.034,3.5208,33.2963,0.0,0,0.0,0.0,29.1095,30.394,2.593,31.7224,10.0,10,0.0,10.0,10.0,10,0.0,10.0,0.0,0
static10,20,1K,h3,8,1024,22.0,15,1,56.9439,57.578,2.5221,59.5513,0.1441,0.1423,0.0067,0.1568,29.6496,29.396,1.5937,32.187,0.0,0,0.0,0.0,29.5071,30.42,1.57,30.9749,10.0,10,0.0,10.0,10.0,10,0.0,10.0,0.0,0
static10,20,1K,h3,9,1024,22.0,15,1,56.7807,57.563,2.8578,60.1708,0.1446,0.1423,0.0075,0.1567,30.6773,31.456,2.2434,33.2426,0.0,0,0.0,0.0,29.0441,28.943,1.6375,31.2267,10.0,10,0.0,10.0,10.0,10,0.0,10.0,0.0,0
static10,20,1K,h3,10,1024,22.0,15,1,55.8912,56.069,2.8111,59.4883,0.1469,0.1461,0.0073,0.1565,29.1565,29.201,2.5485,32.8835,0.0,0,0.0,0.0,28.9501,28.964,1.4768,30.9683,10.0,10,0.0,10.0,10.0,10,0.0,10.0,0.0,0
static10,20,1K,h4,1,1024,52.0,15,1,117.0949,117.144,4.1485,124.0301,0.07,0.0699,0.0025,0.0739,58.1109,57.896,2.9817,62.8194,0.0,0,0.0,0.0,57.7957,57.984,2.5025,61.3258,10.0,10,0.0,10.0,10.0,10,0.0,10.0,0.0,0
static10,20,1K,h4,2,1024,52.0,15,1,128.0267,126.643,7.8901,139.1064,0.0642,0.0647,0.0039,0.0702,63.6953,63.505,6.5122,72.5231,0.0,0,0.0,0.0,63.6073,64.071,5.2021,70.7289,10.0,10,0.0,10.0,10.0,10,0.0,10.0,0.0,0
static10,20,1K,h4,3,1024,52.0,15,1,131.4003,131.537,6.5219,138.4201,0.0625,0.0623,0.0031,0.0672,65.5213,65.932,4.5707,70.8123,0.0,0,0.0,0.0,65.3884,65.708,3.84,70.0218,10.0,10,0.0,10.0,10.0,10,0.0,10.0,0.0,0
static10,20,1K,h4,4,1024,52.0,15,1,128.9977,130.133,7.0448,138.1321,0.0637,0.063,0.0035,0.069,66.0261,66.778,5.5614,72.5382,0.0,0,0.0,0.0,63.7921,63.138,3.9256,69.4536,10.0,10,0.0,10.0,10.0,10,0.0,10.0,0.0,0
static10,20,1K,h4,5,1024,52.0,15,1,127.4599,126.948,7.311,140.0403,0.0645,0.0645,0.0036,0.0692,63.9996,63.853,4.6424,72.5812,0.0,0,0.0,0.0,62.5329,63.185,4.5603,68.8967,10.0,10,0.0,10.0,10.0,10,0.0,10.0,0.0,0
static10,20,1K,h4,6,1024,52.0,15,1,127.8652,127.592,6.1635,137.8002,0.0642,0.0642,0.003,0.068,64.7275,64.153,4.314,72.2502,0.0,0,0.0,0.0,62.7485,63.756,4.3408,69.0246,10.0,10,0.0,10.0,10.0,10,0.0,10.0,0.0,0
static10,20,1K,h4,7,1024,52.0,15,1,126.8285,126.84,5.8247,134.4802,0.0647,0.0646,0.003,0.0694,64.2672,65.354,5.7117,71.0048,0.0,0,0.0,0.0,61.9392,62.972,3.7418,66.5773,10.0,10,0.0,10.0,10.0,10,0.0,10.0,0.0,0
static10,20,1K,h4,8,1024,52.0,15,1,126.5599,125.462,6.3488,136.3556,0.0649,0.0653,0.0032,0.0695,63.5598,61.753,3.6781,69.5271,0.0,0,0.0,0.0,62.9741,61.891,4.5047,69.3755,10.0,10,0.0,10.0,10.0,10,0.0,10.0,0.0,0
static10,20,1K,h4,9,1024,52.0,15,1,128.3368,129.25,7.3158,138.0996,0.064,0.0634,0.0036,0.0685,64.0913,64.686,4.9959,71.0293,0.0,0,0.0,0.0,64.3761,64.959,4.0578,69.4818,10.0,10,0.0,10.0,10.0,10,0.0,10.0,0.0,0
static10,20,1K,h4,10,1024,52.0,15,1,129.0393,126.844,5.9235,136.191,0.0636,0.0646,0.003,0.0684,65.7021,65.96,5.104,72.066,0.0,0,0.0,0.0,63.4699,64.239,3.1422,67.9009,10.0,10,0.0,10.0,10.0,10,0.0,10.0,0.0,0
statichigh,20,1K,h2,1,1024,6.0,15,1,13.356,13.225,0.3303,13.9277,0.6137,0.6194,0.0147,0.6269,6.7584,6.686,0.2831,7.1949,0.0,0,0.0,0.0,6.4551,6.431,0.113,6.6453,24.0,24,0.0,24.0,24.0,24,0.0,24.0,0.0,0
statichigh,20,1K,h2,2,1024,6.0,15,1,13.8673,13.241,1.377,15.9257,0.5952,0.6187,0.0485,0.6299,7.0943,6.789,0.6903,8.3702,0.0,0,0.0,0.0,6.6669,6.47,0.6574,7.5135,24.0,24,0.0,24.0,24.0,24,0.0,24.0,0.0,0
statichigh,20,1K,h2,3,1024,6.0,15,1,13.6474,13.508,0.8164,14.6585,0.602,0.6065,0.0316,0.63,7.0315,7.006,0.3225,7.5055,0.0,0,0.0,0.0,6.5285,6.442,0.328,6.9629,24.0,24,0.0,24.0,24.0,24,0.0,24.0,0.0,0
statichigh,20,1K,h2,4,1024,6.0,15,1,13.6899,13.645,0.4798,14.2877,0.5991,0.6004,0.0211,0.6281,7.0315,6.825,0.4634,7.6246,0.0,0,0.0,0.0,6.5011,6.482,0.1664,6.7725,24.0,24,0.0,24.0,24.0,24,0.0,24.0,0.0,0
statichigh,20,1K,h2,5,1024,6.0,15,1,13.2793,13.239,0.3146,13.9008,0.6172,0.6188,0.0141,0.6305,6.7249,6.706,0.252,7.1428,0.0,0,0.0,0.0,6.4616,6.402,0.1267,6.7005,24.0,24,0.0,24.0,24.0,24,0.0,24.0,0.0,0
statichigh,20,1K,h2,6,1024,6.0,15,1,13.384,13.383,0.4067,13.9849,0.6126,0.6121,0.0185,0.6372,6.8274,6.758,0.3628,7.4766,0.0,0,0.0,0.0,6.4014,6.37,0.1727,6.7144,24.0,24,0.0,24.0,24.0,24,0.0,24.0,0.0,0
statichigh,20,1K,h2,7,1024,6.0,15,1,13.5378,13.449,0.4261,14.3973,0.6057,0.6091,0.0183,0.6231,6.9431,6.763,0.4931,7.9571,0.0,0,0.0,0.0,6.5257,6.457,0.1975,6.851,24.0,24,0.0,24.0,24.0,24,0.0,24.0,0.0,0
statichigh,20,1K,h2,8,1024,6.0,15,1,13.7021,13.353,0.9505,15.4685,0.6003,0.6135,0.0374,0.6333,6.9472,6.713,0.5543,7.9764,0.0,0,0.0,0.0,6.5153,6.444,0.2923,7.1024,24.0,24,0.0,24.0,24.0,24,0.0,24.0,0.0,0
statichigh,20,1K,h2,9,1024,6.0,15,1,13.6439,13.613,0.3883,14.2034,0.6009,0.6018,0.0171,0.6222,6.9393,6.842,0.4188,7.4882,0.0,0,0.0,0.0,6.5008,6.501,0.1369,6.6818,24.0,24,0.0,24.0,24.0,24,0.0,24.0,0.0,0
statichigh,20,1K,h2,10,1024,6.0,15,1,13.779,13.53,0.687,14.7849,0.5958,0.6055,0.0284,0.626,7.0835,7.007,0.464,7.7638,0.0,0,0.0,0.0,6.5103,6.49,0.205,6.8088,24.0,24,0.0,24.0,24.0,24,0.0,24.0,0.0,0
statichigh,20,1K,h3,1,1024,22.0,15,1,56.5995,56.514,2.3859,60.2866,0.145,0.145,0.0061,0.1549,29.6885,29.642,2.292,33.2091,0.0,0,0.0,0.0,29.1857,29.567,1.676,31.0543,24.0,24,0.0,24.0,24.0,24,0.0,24.0,0.0,0
statichigh,20,1K,h3,2,1024,22.0,15,1,56.4222,56.621,2.7913,60.1146,0.1455,0.1447,0.0074,0.1565,29.5358,28.849,2.2623,32.6352,0.0,0,0.0,0.0,29.2173,28.856,1.7139,30.9767,24.0,24,0.0,24.0,24.0,24,0.0,24.0,0.0,0
statichigh,20,1K,h3,3,1024,22.0,15,1,51.8657,51.83,1.1527,53.6524,0.158,0.1581,0.0035,0.1628,26.9523,26.806,0.7858,27.9963,0.0,0,0.0,0.0,26.1139,26.504,0.7979,26.9557,24.0,24,0.0,24.0,24.0,24,0.0,24.0,0.0,0
statichigh,20,1K,h3,4,1024,22.0,15,1,56.7856,57.487,2.473,59.1004,0.1445,0.1425,0.0066,0.1575,29.975,29.572,1.5108,32.4871,0.0,0,0.0,0.0,29.2497,29.896,1.775,31.0004,24.0,24,0.0,24.0,24.0,24,0.0,24.0,0.0,0
statichigh,20,1K,h3,5,1024,22.0,15,1,55.855,56.111,2.7944,60.336,0.147,0.146,0.0074,0.1578,28.8449,28.128,2.2771,31.95,0.0,0,0.0,0.0,28.965,29.452,1.6621,30.7425,24.0,24,0.0,24.0,24.0,24,0.0,24.0,0.0,0
statichigh,20,1K,h3,6,1024,22.0,15,1,56.1654,55.853,3.0211,61.713,0.1462,0.1467,0.0077,0.1559,28.7172,28.819,2.8841,32.9389,0.0,0,0.0,0.0,28.8856,28.199,1.6869,31.4714,24.0,24,0.0,24.0,24.0,24,0.0,24.0,0.0,0
statichigh,20,1K,h3,7,1024,22.0,15,1,56.4207,56.65,2.9443,60.5741,0.1456,0.1446,0.0078,0.1566,29.7591,30.038,2.3961,32.847,0.0,0,0.0,0.0,28.9763,28.823,1.7286,31.325,24.0,24,0.0,24.0,24.0,24,0.0,24.0,0.0,0
statichigh,20,1K,h3,8,1024,22.0,15,1,56.6886,57.552,3.2963,61.347,0.145,0.1423,0.0088,0.1602,30.0009,29.83,2.1787,33.0532,0.0,0,0.0,0.0,29.2243,29.446,2.1034,31.4777,24.0,24,0.0,24.0,24.0,24,0.0,24.0,0.0,0
statichigh,20,1K,h3,9,1024,22.0,15,1,56.8942,56.996,2.4281,60.0225,0.1442,0.1437,0.0062,0.1529,29.2549,29.213,1.8516,32.4855,0.0,0,0.0,0.0,29.0208,29.23,1.422,30.8762,24.0,24,0.0,24.0,24.0,24,0.0,24.0,0.0,0
statichigh,20,1K,h3,10,1024,22.0,15,1,56.9545,58.332,3.2595,61.3129,0.1443,0.1404,0.0084,0.1573,29.7049,30.104,2.6217,32.8893,0.0,0,0.0,0.0,29.1629,29.398,1.8176,31.5333,24.0,24,0.0,24.0,24.0,24,0.0,24.0,0.0,0
statichigh,20,1K,h4,1,1024,52.0,15,1,128.2685,129.346,6.745,136.3582,0.064,0.0633,0.0035,0.0703,65.073,65.471,6.5943,72.5971,0.0,0,0.0,0.0,63.8288,64.427,5.4669,70.6542,24.0,24,0.0,24.0,24.0,24,0.0,24.0,0.0,0
statichigh,20,1K,h4,2,1024,52.0,15,1,130.2352,129.932,4.4485,137.0429,0.063,0.063,0.0021,0.0663,66.1087,65.367,3.7984,72.1355,0.0,0,0.0,0.0,64.1516,63.928,2.709,68.6975,24.0,24,0.0,24.0,24.0,24,0.0,24.0,0.0,0
statichigh,20,1K,h4,3,1024,52.0,15,1,118.8039,119.35,3.852,123.6787,0.069,0.0686,0.0023,0.0729,58.9401,59.539,2.8504,62.8011,0.0,0,0.0,0.0,58.632,58.897,2.0708,61.0301,24.0,24,0.0,24.0,24.0,24,0.0,24.0,0.0,0
statichigh,20,1K,h4,4,1024,52.0,15,1,131.5715,129.61,7.4402,141.3207,0.0625,0.0632,0.0036,0.068,67.333,69.242,5.5219,72.861,0.0,0,0.0,0.0,65.1375,64.897,4.201,71.1416,24.0,24,0.0,24.0,24.0,24,0.0,24.0,0.0,0
statichigh,20,1K,h4,5,1024,52.0,15,1,125.6161,124.41,6.1699,134.5743,0.0654,0.0658,0.0032,0.0701,62.2101,61.889,5.3638,70.5246,0.0,0,0.0,0.0,60.8941,62.227,3.9864,66.2645,24.0,24,0.0,24.0,24.0,24,0.0,24.0,0.0,0
statichigh,20,1K,h4,6,1024,52.0,15,1,130.7859,129.98,7.8711,139.8909,0.0629,0.063,0.004,0.0684,66.458,66.519,5.2611,72.4769,0.0,0,0.0,0.0,64.6215,65.673,4.6532,69.9922,24.0,24,0.0,24.0,24.0,24,0.0,24.0,0.0,0
statichigh,20,1K,h4,7,1024,52.0,15,1,125.4818,125.117,5.9872,134.7581,0.0654,0.0655,0.0031,0.0694,63.3865,62.95,4.0864,69.8733,0.0,0,0.0,0.0,61.9746,61.38,3.9646,68.7111,24.0,24,0.0,24.0,24.0,24,0.0,24.0,0.0,0
statichigh,20,1K,h4,8,1024,52.0,15,1,126.7215,128.466,3.9393,131.4362,0.0647,0.0638,0.002,0.0676,63.8775,63.304,3.8255,68.9099,0.0,0,0.0,0.0,61.289,61.013,2.3627,65.3417,24.0,24,0.0,24.0,24.0,24,0.0,24.0,0.0,0
statichigh,20,1K,h4,9,1024,52.0,15,1,125.7543,125.746,7.9025,136.0986,0.0654,0.0651,0.0041,0.071,62.5111,63.868,5.7656,70.2526,0.0,0,0.0,0.0,62.2173,61.308,4.2193,67.7512,24.0,24,0.0,24.0,24.0,24,0.0,24.0,0.0,0
statichigh,20,1K,h4,10,1024,52.0,15,1,130.8873,131.723,7.0759,138.7224,0.0628,0.0622,0.0035,0.0686,64.4103,63.992,5.6163,71.6854,0.0,0,0.0,0.0,65.0975,66.142,3.7896,69.0221,24.0,24,0.0,24.0,24.0,24,0.0,24.0,0.0,0
ewma,20,1M,h2,1,1048576,6.0,15,1,450.6984,450.889,0.5666,451.3257,18.6125,18.6046,0.0234,18.6554,444.1809,444.349,0.5547,444.8306,2.3333,2,2.3197,6.0,10.2323,10.121,0.2916,10.8755,32.5333,34,6.6961,36.0,36.0,36,3.3166,41.6,66.667,0
ewma,20,1M,h2,2,1048576,6.0,15,1,451.5519,451.561,0.4234,452.2176,18.5773,18.5769,0.0174,18.5973,444.9919,444.909,0.364,445.7588,3.1333,2,2.7482,6.0,10.2245,10.105,0.322,10.7524,33.3333,35,6.8834,37.0,36.8,37,3.2558,41.9,66.667,0
ewma,20,1M,h2,3,1048576,6.0,15,1,451.589,451.491,0.347,452.2066,18.5758,18.5798,0.0143,18.5913,444.9628,444.878,0.3488,445.5307,2.6,2,2.5857,6.0,10.2885,10.17,0.2974,10.7816,32.8,35,7.0933,37.0,36.8,37,3.8023,42.6,60.0,0
ewma,20,1M,h2,4,1048576,6.0,15,1,451.4265,451.292,0.3224,451.9937,18.5825,18.588,0.0133,18.5959,444.8271,444.718,0.3046,445.4845,2.9333,2,2.7115,6.0,10.2497,10.197,0.2524,10.6931,33.6,37,7.1694,37.0,37.1333,37,3.1366,41.6,66.667,0
ewma,20,1M,h2,5,1048576,6.0,15,1,451.8936,451.397,1.2839,454.4531,18.5634,18.5837,0.0524,18.5976,445.3373,444.842,1.27,447.8851,2.0667,2,2.0862,6.0,10.2507,10.197,0.2541,10.6936,32.8,34,6.8889,37.0,36.4,37,3.6016,41.9,66.667,0
ewma,20,1M,h2,6,1048576,6.0,15,1,451.4723,451.341,0.4231,452.1894,18.5806,18.586,0.0174,18.6043,444.8481,444.743,0.3729,445.571,2.8667,2,2.6421,6.0,10.2186,10.137,0.315,10.8685,32.9333,36,6.8397,36.0,36.3333,36,3.0628,40.9,66.667,0
ewma,20,1M,h2,7,1048576,6.0,15,1,451.3397,451.191,0.388,451.9437,18.586,18.5921,0.016,18.5994,444.7077,444.64,0.2654,445.0411,1.4,2,0.9103,2.0,10.1834,10.098,0.2186,10.5937,31.6,34,6.2427,34.0,34.5333,34,2.7482,38.9,73.333,0
ewma,20,1M,h2,8,1048576,6.0,15,1,451.3344,451.279,0.3185,451.7812,18.5862,18.5885,0.0131,18.6031,444.6919,444.588,0.2998,445.133,1.4,2,0.9103,2.0,10.1043,10.061,0.247,10.6045,32.3333,35,6.5538,35.0,35.3333,35,2.7168,39.6,73.333,0
ewma,20,1M,h2,9,1048576,6.0,15,1,452.306,451.533,2.5046,455.8961,18.5468,18.5781,0.1011,18.5961,445.5844,444.732,2.5288,449.1382,2.8,2,2.4842,6.0,10.1706,10.089,0.3363,10.876,33.2667,36,6.7978,36.0,36.3333,36,2.7168,40.6,73.333,0
ewma,20,1M,h2,10,1048576,6.0,15,1,451.3735,451.35,0.3046,451.8202,18.5846,18.5856,0.0125,18.5981,444.7853,444.677,0.3038,445.3467,1.7333,2,1.4864,3.2,10.2139,10.125,0.3058,10.77,32.4,35,6.4564,35.0,35.4,35,2.8735,40.6,73.333,0
ewma,20,1M,h3,1,1048576,22.0,15,1,492.847,492.004,6.0961,499.6983,17.0231,17.0499,0.2045,17.2334,465.9949,465.072,6.6277,473.1116,0.0,0,0.0,0.0,26.6287,26.741,0.4614,27.0271,82.7333,91,23.9328,102.3,97.4,102,12.0107,107.6,0.0,0
ewma,20,1M,h3,2,1048576,22.0,15,1,492.7093,490.728,7.8015,501.9469,17.0293,17.0942,0.2579,17.2023,465.9463,465.427,6.9869,473.2364,0.0,0,0.0,0.0,26.646,26.784,0.5017,27.1114,82.8667,91,24.4478,102.3,97.7333,102,12.6912,106.3,0.0,0
ewma,20,1M,h3,3,1048576,22.0,15,1,493.368,491.341,9.1967,504.4246,17.008,17.0729,0.3009,17.1991,467.0429,465.856,8.0596,475.3426,0.0,0,0.0,0.0,26.6237,26.706,0.5025,27.1281,82.1333,91,23.9072,100.6,96.7333,102,12.0799,106.0,0.0,0
ewma,20,1M,h3,4,1048576,22.0,15,1,494.0799,492.599,10.1141,505.8843,16.9845,17.0293,0.3288,17.245,466.9321,465.483,10.1588,478.9279,0.0,0,0.0,0.0,26.5706,26.679,0.4385,26.9905,82.5333,91,23.9966,101.0,96.6667,102,11.7878,106.0,0.0,0
ewma,20,1M,h3,5,1048576,22.0,15,1,493.3809,492.047,7.2971,502.0014,17.0056,17.0484,0.242,17.2233,466.1048,465.168,7.3349,473.7576,0.0,0,0.0,0.0,26.6011,26.733,0.4482,27.0018,82.6667,91,24.3213,102.3,97.6,102,12.6084,106.3,0.0,0
ewma,20,1M,h3,6,1048576,22.0,15,1,492.4583,490.891,7.7779,501.4521,17.038,17.0885,0.2586,17.2865,465.3341,463.705,7.1373,472.9797,0.0,0,0.0,0.0,26.5926,26.718,0.4854,27.0117,83.3333,91,24.59,103.3,98.2667,103,12.7025,106.6,0.0,0
ewma,20,1M,h3,7,1048576,22.0,15,1,493.6215,492.074,7.8763,502.2595,16.9979,17.0475,0.2597,17.1839,466.4678,465.415,7.4695,474.0574,0.0,0,0.0,0.0,26.5862,26.757,0.4631,26.909,83.2667,91,24.2972,102.3,98.0,102,12.2824,106.3,0.0,0
ewma,20,1M,h3,8,1048576,22.0,15,1,492.6994,490.536,9.4165,503.2989,17.0313,17.1009,0.3082,17.2554,465.9907,464.263,8.7017,475.2854,0.0,0,0.0,0.0,26.5602,26.706,0.523,27.0792,82.8,91,24.4137,102.3,97.7333,102,12.6743,106.0,0.0,0
ewma,20,1M,h3,9,1048576,22.0,15,1,493.5203,490.803,10.886,506.967,17.0047,17.0916,0.3506,17.1602,465.9838,464.053,10.2306,477.4819,0.0,0,0.0,0.0,26.6923,26.877,0.4865,27.1239,83.2667,91,24.3177,102.3,97.7333,102,12.1153,106.0,0.0,0
ewma,20,1M,h3,10,1048576,22.0,15,1,493.9618,491.843,7.8057,503.1097,16.9861,17.0555,0.2572,17.1734,466.3262,465.157,8.3829,475.3548,0.0,0,0.0,0.0,26.5342,26.727,0.5214,26.9642,82.4,91,24.0974,101.3,97.1333,102,12.3165,106.0,0.0,0
ewma,20,1M,h4,1,1048576,52.0,15,1,612.3728,605.175,27.9888,644.583,13.722,13.8615,0.551,14.0463,547.9411,540.056,26.9998,576.4325,0.0,0,0.0,0.0,55.2521,55.226,0.0983,55.4054,103.3333,110,25.8199,110.0,124.2667,124,2.1202,126.6,0.0,0
ewma,20,1M,h4,2,1048576,52.0,15,1,612.4969,605.266,26.6991,644.3602,13.7172,13.8594,0.5272,13.9844,547.9239,541.772,27.5451,578.4658,0.0,0,0.0,0.0,55.2686,55.237,0.1122,55.4489,103.3333,110,25.8199,110.0,125.0667,126,1.4864,126.6,0.0,0
ewma,20,1M,h4,3,1048576,52.0,15,1,613.3663,606.042,25.7959,643.3845,13.6964,13.8416,0.5122,14.0343,549.7797,543.831,24.39,574.632,0.0,0,0.0,0.0,55.261,55.243,0.1214,55.4455,103.3333,110,25.8199,110.0,124.2667,124,2.2509,126.6,0.0,0
ewma,20,1M,h4,4,1048576,52.0,15,1,613.3237,606.234,27.0746,644.5628,13.6993,13.8372,0.5338,14.0505,550.7731,546.077,27.5997,578.2672,0.0,0,0.0,0.0,55.2311,55.213,0.0678,55.3297,103.3333,110,25.8199,110.0,124.9333,126,1.831,126.6,0.0,0
ewma,20,1M,h4,5,1048576,52.0,15,1,614.8908,607.679,25.8393,645.6364,13.6623,13.8043,0.5065,13.9011,549.4268,545.207,26.0322,575.4544,0.0,0,0.0,0.0,55.2612,55.226,0.141,55.4997,103.3333,110,25.8199,110.0,124.8667,124,1.3558,126.3,0.0,0
ewma,20,1M,h4,6,1048576,52.0,15,1,614.0373,606.651,30.1279,648.6398,13.6881,13.8277,0.5827,13.9994,549.1477,541.052,29.2439,579.6568,0.0,0,0.0,0.0,55.2259,55.23,0.0628,55.3137,103.3333,110,25.8199,110.0,124.6667,124,1.7995,126.6,0.0,0
ewma,20,1M,h4,7,1048576,52.0,15,1,615.6797,610.59,28.0226,646.4744,13.6481,13.7385,0.5446,13.9671,551.9156,546.242,29.209,580.6569,0.0,0,0.0,0.0,55.2523,55.251,0.0881,55.4107,103.3333,110,25.8199,110.0,123.7333,124,1.831,126.0,0.0,0
ewma,20,1M,h4,8,1048576,52.0,15,1,612.5181,607.373,28.8404,643.6191,13.7202,13.8113,0.5665,14.092,548.3989,542.745,26.9072,576.4967,0.0,0,0.0,0.0,55.2076,55.205,0.1355,55.4429,103.3333,110,25.8199,110.0,125.0667,126,1.831,126.6,0.0,0
ewma,20,1M,h4,9,1048576,52.0,15,1,611.492,605.797,28.087,642.2374,13.742,13.8472,0.5534,14.1054,548.5721,542.073,26.0727,575.35,0.0,0,0.0,0.0,55.3126,55.229,0.2945,55.7205,103.3333,110,25.8199,110.0,129.2,126,15.4744,144.4,0.0,0
ewma,20,1M,h4,10,1048576,52.0,15,1,610.3038,600.325,28.8942,645.3914,13.7701,13.9734,0.5681,14.03,548.6755,540.456,29.9413,580.0006,0.0,0,0.0,0.0,55.2663,55.252,0.0867,55.4125,103.3333,110,25.8199,110.0,124.4,124,1.7238,126.6,0.0,0
lossaware,20,1M,h2,1,1048576,6.0,15,1,450.643,451.167,1.665,452.8881,18.615,18.5931,0.0689,18.7293,444.0125,444.639,1.6418,446.1109,0.2667,0,0.7037,2.0,10.3733,10.167,0.7047,11.4811,23.7333,25,6.8083,32.3,32.0,32,4.8697,39.3,13.333,15
lossaware,20,1M,h2,2,1048576,6.0,15,1,452.1859,451.755,1.0318,454.1399,18.5513,18.5689,0.0422,18.5849,445.5441,445.193,1.0222,447.4594,0.2667,0,0.7037,2.0,10.2466,10.164,0.3213,10.7546,24.4,26,7.0387,32.6,33.0667,33,4.7429,39.6,13.333,15
lossaware,20,1M,h2,3,1048576,6.0,15,1,451.4297,451.526,0.3583,451.8941,18.5823,18.5783,0.0147,18.6025,444.8119,444.76,0.2946,445.1771,0.7333,0,1.9445,5.3,10.3291,10.144,0.3622,10.843,25.8,28,7.3795,34.3,34.7333,36,5.7504,42.6,13.333,13
lossaware,20,1M,h2,4,1048576,6.0,15,1,451.6752,451.54,0.6317,452.8122,18.5722,18.5778,0.026,18.6046,444.9742,444.798,0.4848,445.8156,0.2667,0,0.7037,2.0,10.3416,10.232,0.2732,10.7376,27.6667,29,7.5939,35.9,35.8667,37,5.1111,42.6,13.333,12
lossaware,20,1M,h2,5,1048576,6.0,15,1,451.3292,451.35,0.2357,451.6588,18.5865,18.5856,0.0097,18.5978,444.7265,444.699,0.1589,444.9654,0.2667,0,0.7037,2.0,10.1736,10.136,0.3582,10.8078,24.0,25,7.0508,32.6,32.6,32,4.8668,39.3,13.333,15
lossaware,20,1M,h2,6,1048576,6.0,15,1,451.4478,451.393,0.2636,451.8414,18.5816,18.5838,0.0109,18.5972,444.8009,444.767,0.2224,445.0942,0.2667,0,0.7037,2.0,10.2997,10.206,0.3884,10.8415,25.7333,27,7.0959,33.6,33.9333,35,4.8472,40.3,13.333,12
lossaware,20,1M,h2,7,1048576,6.0,15,1,451.3931,451.32,0.3312,451.8674,18.5838,18.5868,0.0136,18.5976,444.7543,444.703,0.2938,445.2195,0.2667,0,0.7037,2.0,10.3185,10.18,0.3691,10.86,24.8,26,7.0933,33.3,33.2,33,4.8873,40.0,13.333,14
lossaware,20,1M,h2,8,1048576,6.0,15,1,451.5421,451.444,0.3721,452.3372,18.5777,18.5817,0.0153,18.5916,444.8509,444.711,0.325,445.489,0.2667,0,0.7037,2.0,10.2879,10.198,0.3472,10.826,25.1333,27,7.0393,33.3,33.1333,34,4.7339,39.3,13.333,13
lossaware,20,1M,h2,9,1048576,6.0,15,1,451.3925,451.331,0.3904,452.1756,18.5839,18.5864,0.0161,18.6017,444.7776,444.73,0.2306,445.1166,0.2667,0,0.7037,2.0,10.2778,10.163,0.4178,10.8723,25.2667,27,7.2847,33.6,33.6667,35,5.0662,40.3,13.333,14
lossaware,20,1M,h2,10,1048576,6.0,15,1,451.4341,451.402,0.3472,451.9672,18.5821,18.5835,0.0143,18.598,444.7906,444.715,0.2943,445.3512,0.2667,0,0.7037,2.0,10.3406,10.163,0.3567,10.8958,27.0,29,7.0102,35.0,35.0,35,4.7809,41.3,13.333,11
lossaware,20,1M,h3,1,1048576,22.0,15,1,493.2029,491.694,9.2155,504.2921,17.0137,17.0606,0.302,17.2236,465.3143,462.83,9.08,475.3769,0.0,0,0.0,0.0,26.6247,26.789,0.489,27.0722,83.0,91,24.5851,103.3,98.0667,102,12.9033,107.3,0.0,0
lossaware,20,1M,h3,2,1048576,22.0,15,1,494.9057,492.325,9.6602,510.8067,16.9557,17.0388,0.3168,17.2279,467.6011,465.66,9.0444,482.974,0.0,0,0.0,0.0,26.6017,26.774,0.5215,26.9902,81.9333,91,23.7621,100.3,96.3333,102,11.8362,104.6,0.0,0
lossaware,20,1M,h3,3,1048576,22.0,15,1,492.5619,490.741,10.1697,504.1377,17.037,17.0938,0.3334,17.3603,465.9931,462.818,10.3845,477.0098,0.0,0,0.0,0.0,26.5764,26.796,0.4945,26.9713,82.4667,91,24.1657,102.0,97.1333,102,12.3396,106.0,0.0,0
lossaware,20,1M,h3,4,1048576,22.0,15,1,493.6137,491.263,9.3739,505.8555,16.9997,17.0756,0.3065,17.1992,467.0827,465.449,8.6836,477.0958,0.0,0,0.0,0.0,26.6312,26.821,0.4906,27.0881,83.0,91,24.5793,103.3,98.0667,102,12.9033,107.3,0.0,0
lossaware,20,1M,h3,5,1048576,22.0,15,1,494.2605,494.024,7.3368,502.257,16.9754,16.9802,0.2426,17.198,466.9941,465.756,6.6377,473.913,0.0,0,0.0,0.0,26.5594,26.699,0.4983,26.9441,82.4667,91,24.1391,101.0,96.6,102,12.0048,106.0,0.0,0
lossaware,20,1M,h3,6,1048576,22.0,15,1,493.8391,492.131,8.5599,503.0635,16.991,17.0455,0.2799,17.1847,466.3021,464.965,8.2204,474.7677,0.0,0,0.0,0.0,26.6095,26.746,0.5074,27.0391,83.1333,91,24.2866,103.3,98.0667,102,12.3662,107.3,0.0,0
lossaware,20,1M,h3,7,1048576,22.0,15,1,493.5249,491.631,8.6352,502.6614,17.0019,17.0628,0.2821,17.1641,466.5963,465.544,8.4264,475.2131,0.0,0,0.0,0.0,26.6529,26.813,0.5032,27.1421,83.5333,91,24.5469,104.0,98.4,102,12.5402,108.0,0.0,0
lossaware,20,1M,h3,8,1048576,22.0,15,1,493.1089,491.005,8.6451,503.4309,17.0163,17.0846,0.2843,17.1965,466.0284,465.182,8.9661,475.348,0.0,0,0.0,0.0,26.8739,26.856,0.1053,27.0567,98.6667,105,24.6016,107.0,106.4,107,1.9928,108.3,0.0,0
lossaware,20,1M,h3,9,1048576,22.0,15,1,493.2759,491.16,9.6917,504.5409,17.0117,17.0792,0.3167,17.231,465.6869,463.292,9.3591,475.9448,0.0,0,0.0,0.0,26.6089,26.759,0.4774,26.9907,82.8,92,24.2934,101.3,97.4,102,12.3219,106.0,0.0,0
lossaware,20,1M,h3,10,1048576,22.0,15,1,493.2076,491.225,8.6945,502.6741,17.013,17.0769,0.2846,17.1872,466.252,464.411,8.6607,476.1975,0.0,0,0.0,0.0,26.7317,26.88,0.5618,27.2473,82.8667,91,24.4682,102.3,97.7333,102,12.6912,106.3,0.0,0
lossaware,20,1M,h4,1,1048576,52.0,15,1,612.2947,607.807,26.9707,640.984,13.7222,13.8014,0.5347,14.1032,547.3173,540.912,25.8722,575.5369,0.0,0,0.0,0.0,55.2358,55.222,0.1308,55.467,103.3333,110,25.8199,110.0,124.4667,124,1.6417,126.3,0.0,0
lossaware,20,1M,h4,2,1048576,52.0,15,1,643.4193,606.265,144.1125,781.3908,13.3963,13.8365,1.7171,14.0124,579.9691,543.696,143.3902,712.8879,0.0,0,0.0,0.0,55.2895,55.248,0.6384,55.965,95.2667,110,27.5512,110.0,124.8667,124,26.503,148.8,0.0,0
lossaware,20,1M,h4,3,1048576,52.0,15,1,614.6589,609.916,28.9789,646.5494,13.6723,13.7537,0.5619,14.0203,549.7934,543.686,27.3796,577.3259,0.0,0,0.0,0.0,55.2199,55.185,0.0995,55.4096,103.3333,110,25.8199,110.0,125.5333,126,1.2459,127.3,0.0,0
lossaware,20,1M,h4,4,1048576,52.0,15,1,614.365,605.613,26.7417,650.1189,13.6755,13.8514,0.528,13.9927,550.9092,544.949,24.8134,584.7271,0.0,0,0.0,0.0,55.3535,55.245,0.2766,55.8042,103.3333,110,25.8199,110.0,128.3333,124,14.0898,143.3,0.0,0
lossaware,20,1M,h4,5,1048576,52.0,15,1,611.8284,605.202,29.0123,642.2618,13.7357,13.8608,0.5658,14.0351,548.8872,541.839,27.1417,576.4513,0.0,0,0.0,0.0,55.2554,55.223,0.136,55.4969,103.3333,110,25.8199,110.0,125.1333,124,1.3558,127.3,0.0,0
lossaware,20,1M,h4,6,1048576,52.0,15,1,614.8503,608.859,29.09,645.6793,13.6682,13.7776,0.5632,13.9998,550.2017,545.545,27.9373,578.0082,0.0,0,0.0,0.0,55.2552,55.225,0.1187,55.4471,103.3333,110,25.8199,110.0,124.7333,124,1.5337,126.3,0.0,0
lossaware,20,1M,h4,7,1048576,52.0,15,1,610.4921,603.484,26.0865,640.8256,13.7614,13.9003,0.5183,14.0229,545.9851,538.395,27.8059,575.7937,0.0,0,0.0,0.0,55.2363,55.213,0.0779,55.3585,103.3333,110,25.8199,110.0,125.2667,126,1.0998,126.3,0.0,0
lossaware,20,1M,h4,8,1048576,52.0,15,1,641.7707,608.932,134.6624,770.724,13.3951,13.7759,1.6563,14.1176,577.9755,544.136,136.1057,705.2667,0.0,0,0.0,0.0,55.2169,55.297,0.484,55.552,95.3333,110,27.5854,110.0,119.5333,124,15.7882,126.6,0.0,0
lossaware,20,1M,h4,9,1048576,52.0,15,1,612.0756,606.198,23.5232,640.8704,13.7222,13.8381,0.4757,14.0648,548.3595,542.792,22.9773,572.2817,0.0,0,0.0,0.0,55.2181,55.22,0.0689,55.3549,103.3333,110,25.8199,110.0,124.6667,126,1.7995,126.0,0.0,0
lossaware,20,1M,h4,10,1048576,52.0,15,1,612.1108,604.786,26.9429,640.9367,13.7261,13.8704,0.5296,14.0009,548.5597,542.285,29.1033,578.4968,0.0,0,0.0,0.0,55.1817,55.186,0.0866,55.2892,103.3333,110,25.8199,110.0,124.6,124,0.9103,126.0,0.0,0
lossaware-disc,20,1M,h2,1,1048576,6.0,15,1,451.6921,451.401,0.6351,452.8373,18.5716,18.5835,0.0261,18.5922,445.0333,444.81,0.5057,446.022,0.5333,0,1.5976,3.2,10.2674,10.139,0.3218,10.7533,25.7333,28,7.4782,35.0,34.6,35,4.8961,41.3,13.333,14
lossaware-disc,20,1M,h2,2,1048576,6.0,15,1,451.8813,451.75,0.5405,452.9469,18.5638,18.5691,0.0222,18.5857,445.2527,445.106,0.5005,446.2841,0.2667,0,0.7037,2.0,10.2243,10.03,0.4247,10.9041,25.6667,28,7.4706,35.0,33.9333,35,5.5352,41.3,13.333,13
lossaware-disc,20,1M,h2,3,1048576,6.0,15,1,451.3883,451.293,0.4305,451.9331,18.584,18.5879,0.0177,18.603,444.7515,444.693,0.3406,445.1915,0.2667,0,0.7037,2.0,10.1529,10.1,0.3634,10.6739,23.6667,23,6.9659,33.0,32.2,32,4.7087,39.0,13.333,16
lossaware-disc,20,1M,h2,4,1048576,6.0,15,1,451.5097,451.357,0.491,452.2654,18.579,18.5853,0.0202,18.5998,444.8673,444.769,0.4318,445.7157,0.2,0,0.5606,1.3,10.2543,10.138,0.3356,10.758,24.9333,27,7.2058,33.6,33.3333,34,4.9232,39.6,13.333,14
lossaware-disc,20,1M,h2,5,1048576,6.0,15,1,452.8381,451.439,3.259,459.9773,18.5254,18.5819,0.1316,18.599,446.2073,444.701,3.3148,453.4353,0.4667,0,1.5523,2.5,10.4624,10.097,0.9229,11.7643,25.5333,27,7.4916,34.6,33.8,34,5.6467,41.2,13.333,14
lossaware-disc,20,1M,h2,6,1048576,6.0,15,1,451.4468,451.258,0.5242,452.39,18.5816,18.5894,0.0215,18.6005,444.8065,444.655,0.448,445.7497,0.5333,0,1.5976,3.2,10.2957,10.125,0.3624,10.8307,26.1333,28,7.3569,34.6,34.2,35,5.4274,40.9,13.333,12
lossaware-disc,20,1M,h2,7,1048576,6.0,15,1,451.6065,451.435,0.6333,452.468,18.5751,18.5821,0.026,18.5965,444.9303,444.655,0.671,445.9711,0.2667,0,0.7037,2.0,10.1789,10.102,0.4144,10.7365,24.3333,26,7.1381,32.6,32.3333,33,5.1083,38.6,13.333,14
lossaware-disc,20,1M,h2,8,1048576,6.0,15,1,451.5064,451.414,0.5491,452.4797,18.5792,18.583,0.0226,18.6051,444.8973,444.781,0.4198,445.7155,0.2667,0,0.7037,2.0,10.2289,10.117,0.3405,10.7838,24.2667,25,7.0758,32.6,32.6,32,4.8077,38.6,13.333,15
lossaware-disc,20,1M,h2,9,1048576,6.0,15,1,451.8181,451.315,1.7022,453.8314,18.5666,18.587,0.0691,18.6043,445.2279,444.711,1.7496,447.1158,0.2667,0,0.7037,2.0,10.1604,10.07,0.3518,10.7978,23.0667,23,6.7344,32.0,31.5333,32,4.5019,38.3,13.333,16
lossaware-disc,20,1M,h2,10,1048576,6.0,15,1,451.4671,451.291,0.5711,452.3873,18.5808,18.588,0.0235,18.6041,444.9328,444.711,0.5502,445.8796,0.2667,0,0.7037,2.0,10.148,10.077,0.2907,10.6173,23.8,23,6.9816,33.0,32.2667,32,4.7278,39.0,13.333,16
lossaware-disc,20,1M,h3,1,1048576,22.0,15,1,492.9999,491.255,9.6994,503.6402,17.0212,17.0759,0.3166,17.2608,466.8009,465.307,8.8234,475.6677,0.0,0,0.0,0.0,26.572,26.715,0.511,26.9434,82.4667,91,24.1805,102.3,97.2,102,12.3705,106.0,0.0,0
lossaware-disc,20,1M,h3,2,1048576,22.0,15,1,494.7147,492.451,8.5013,504.2396,16.9609,17.0344,0.277,17.1188,466.9011,465.707,9.0309,476.1645,0.0,0,0.0,0.0,26.6438,26.784,0.4486,27.0231,82.8667,91,24.2336,101.3,97.3333,102,12.1694,106.0,0.0,0
lossaware-disc,20,1M,h3,3,1048576,22.0,15,1,493.2579,490.798,8.6553,503.1588,17.0112,17.0918,0.2828,17.1492,466.4983,465.264,8.2091,474.9702,0.0,0,0.0,0.0,26.6219,26.787,0.5006,27.0255,83.2,91,24.7074,103.3,98.4,106,13.0537,107.3,0.0,0
lossaware-disc,20,1M,h3,4,1048576,22.0,15,1,494.3313,491.822,9.5154,504.9977,16.9752,17.0562,0.3086,17.172,466.7989,465.472,9.17,476.2021,0.0,0,0.0,0.0,26.6431,26.76,0.5409,27.1384,83.1333,91,24.4653,103.3,98.2,102,12.7178,108.0,0.0,0
lossaware-disc,20,1M,h3,5,1048576,22.0,15,1,494.2013,492.832,10.4574,505.3994,16.9807,17.0212,0.3375,17.2048,467.5281,465.591,10.1292,478.256,0.0,0,0.0,0.0,26.7637,26.727,0.127,26.9329,97.7333,104,24.4203,107.0,105.9333,107,2.9147,108.3,0.0,0
lossaware-disc,20,1M,h3,6,1048576,22.0,15,1,493.8397,492.083,8.5361,503.3419,16.991,17.0471,0.2796,17.185,466.9988,465.629,7.8387,474.7221,0.0,0,0.0,0.0,26.6627,26.803,0.4322,26.9803,84.9333,94,24.7111,103.3,100.0,102,12.5868,108.0,0.0,0
lossaware-disc,20,1M,h3,7,1048576,22.0,15,1,495.8331,492.675,10.5831,521.2164,16.9251,17.0267,0.347,17.1387,468.8766,465.368,11.4226,496.3261,0.0,0,0.0,0.0,26.6167,26.769,0.4764,26.9747,82.4667,90,24.2542,102.3,97.4,102,12.6084,106.3,0.0,0
lossaware-disc,20,1M,h3,8,1048576,22.0,15,1,493.4639,490.945,8.7771,503.7833,17.0042,17.0867,0.2881,17.23,466.1642,464.684,8.6152,475.2903,0.0,0,0.0,0.0,26.5567,26.701,0.4359,26.9539,82.1333,91,23.9042,101.0,96.3333,102,11.8241,103.9,0.0,0
lossaware-disc,20,1M,h3,9,1048576,22.0,15,1,493.7981,491.573,9.2037,509.728,16.9932,17.0648,0.3039,17.259,466.8361,464.839,8.6407,481.769,0.0,0,0.0,0.0,26.5641,26.697,0.5228,26.9783,82.1333,91,23.9072,100.6,96.8667,102,12.2467,106.6,0.0,0
lossaware-disc,20,1M,h3,10,1048576,22.0,15,1,492.8619,491.072,8.961,503.549,17.0252,17.0822,0.2935,17.2197,465.9307,465.268,8.5516,474.9597,0.0,0,0.0,0.0,26.6505,26.759,0.5207,27.1719,82.2667,91,24.0103,101.3,96.8667,102,12.1765,106.0,0.0,0
lossaware-disc,20,1M,h4,1,1048576,52.0,15,1,614.7093,608.508,24.407,643.1872,13.6644,13.7855,0.4838,13.9391,549.1181,543.632,24.8694,574.6494,0.0,0,0.0,0.0,55.2557,55.22,0.1327,55.4853,103.3333,110,25.8199,110.0,124.5333,124,1.9223,126.6,0.0,0
lossaware-disc,20,1M,h4,2,1048576,52.0,15,1,612.4847,606.983,28.475,645.766,13.7202,13.8202,0.5576,14.0481,549.5853,543.251,26.9408,576.328,0.0,0,0.0,0.0,55.2311,55.202,0.1128,55.4081,103.3333,110,25.8199,110.0,125.1333,126,1.1255,126.3,0.0,0
lossaware-disc,20,1M,h4,3,1048576,52.0,15,1,612.6121,604.233,29.8195,645.0892,13.7196,13.8831,0.5812,14.0841,549.2299,543.164,27.5969,578.4248,0.0,0,0.0,0.0,55.256,55.238,0.1184,55.419,103.3333,110,25.8199,110.0,125.2,126,1.4736,126.6,0.0,0
lossaware-disc,20,1M,h4,4,1048576,52.0,15,1,613.8527,606.555,27.0113,645.5462,13.6873,13.8299,0.531,13.9936,550.1537,544.48,24.543,574.8024,0.0,0,0.0,0.0,55.2389,55.253,0.0998,55.372,103.3333,110,25.8199,110.0,124.5333,124,2.3258,128.0,0.0,0
lossaware-disc,20,1M,h4,5,1048576,52.0,15,1,613.0258,606.673,28.0357,643.666,13.7073,13.8272,0.5468,14.0094,549.1385,542.27,26.2569,576.3524,0.0,0,0.0,0.0,55.2229,55.204,0.072,55.3418,103.3333,110,25.8199,110.0,124.7333,124,1.8696,127.3,0.0,0
lossaware-disc,20,1M,h4,6,1048576,52.0,15,1,611.7533,606.394,25.1001,641.6153,13.7315,13.8336,0.4995,13.9985,548.2721,541.17,24.9601,574.0025,0.0,0,0.0,0.0,55.2325,55.24,0.1079,55.4461,103.3333,110,25.8199,110.0,124.4667,124,1.6417,126.3,0.0,0
lossaware-disc,20,1M,h4,7,1048576,52.0,15,1,646.1871,610.101,141.4112,777.5252,13.3253,13.7495,1.6829,13.8577,580.2047,546.085,141.4735,710.9245,0.0,0,0.0,0.0,55.2116,55.255,0.4305,55.5861,95.1333,110,27.4977,110.0,119.5333,124,15.7519,126.0,0.0,0
lossaware-disc,20,1M,h4,8,1048576,52.0,15,1,614.0455,608.273,26.2966,643.1705,13.6819,13.7909,0.5174,13.9936,549.6256,544.072,26.8934,576.2195,0.0,0,0.0,0.0,55.2179,55.212,0.101,55.422,103.3333,110,25.8199,110.0,124.9333,124,1.2799,126.6,0.0,0
lossaware-disc,20,1M,h4,9,1048576,52.0,15,1,610.4938,603.967,25.8321,639.1979,13.7611,13.8892,0.5162,14.0731,548.9858,542.718,25.7931,576.9175,0.0,0,0.0,0.0,55.3685,55.211,0.3945,56.2395,103.3333,110,25.8199,110.0,133.6,126,22.3345,187.5,0.0,0
lossaware-disc,20,1M,h4,10,1048576,52.0,15,1,613.5493,606.555,29.2761,648.3876,13.6976,13.8299,0.5694,14.0525,549.3218,542.03,29.0664,579.6177,0.0,0,0.0,0.0,55.2151,55.192,0.144,55.4396,103.3333,110,25.8199,110.0,124.8667,126,1.6417,126.0,0.0,0
metrics,20,1M,h2,1,1048576,6.0,15,1,452.4985,452.328,0.5864,453.6671,18.5385,18.5454,0.024,18.5582,445.9783,445.887,0.5459,447.0369,0.0,0,0.0,0.0,9.9937,10.003,0.0675,10.0766,10.0,10,0.0,10.0,28.0,28,0.6547,29.0,0.0,0
metrics,20,1M,h2,2,1048576,6.0,15,1,451.7673,451.6,0.4969,452.4772,18.5684,18.5753,0.0204,18.596,445.2047,445.027,0.5149,445.9681,0.0,0,0.0,0.0,10.0801,10.121,0.1241,10.1959,10.0,10,0.0,10.0,28.1333,28,0.8338,29.0,0.0,0
metrics,20,1M,h2,3,1048576,6.0,15,1,452.66,452.448,0.7703,454.2573,18.5319,18.5405,0.0315,18.5628,446.0973,445.899,0.8185,447.8554,0.0,0,0.0,0.0,10.0851,10.104,0.1138,10.2347,10.0,10,0.0,10.0,28.2667,28,0.7988,29.0,0.0,0
metrics,20,1M,h2,4,1048576,6.0,15,1,452.7041,452.285,1.4098,455.1174,18.5302,18.5472,0.0573,18.5812,446.0471,445.547,1.3859,448.4545,0.0,0,0.0,0.0,9.9581,10.03,0.2315,10.1578,10.0,10,0.0,10.0,27.8667,29,2.5317,29.0,0.0,0
metrics,20,1M,h2,5,1048576,6.0,15,1,452.2435,452.33,0.4779,452.856,18.5489,18.5453,0.0196,18.5715,445.5929,445.521,0.4977,446.3626,0.0,0,0.0,0.0,10.0978,10.133,0.0889,10.1906,10.0,10,0.0,10.0,28.5333,29,0.7432,29.0,0.0,0
metrics,20,1M,h2,6,1048576,6.0,15,1,452.1025,452.072,0.4917,452.9051,18.5547,18.5559,0.0202,18.5784,445.5434,445.547,0.4095,446.2137,0.0,0,0.0,0.0,10.0717,10.051,0.0813,10.1955,10.0,10,0.0,10.0,28.3333,28,0.488,29.0,0.0,0
metrics,20,1M,h2,7,1048576,6.0,15,1,452.2815,452.261,0.5001,452.9273,18.5473,18.5482,0.0205,18.5778,445.6715,445.652,0.4131,446.2729,0.0,0,0.0,0.0,10.0675,10.071,0.0962,10.1836,10.0,10,0.0,10.0,28.4667,29,0.7432,29.0,0.0,0
metrics,20,1M,h2,8,1048576,6.0,15,1,452.2237,452.319,0.357,452.6634,18.5497,18.5458,0.0146,18.5737,445.548,445.605,0.3021,445.9074,0.0,0,0.0,0.0,9.9887,10.073,0.2573,10.1622,10.0,10,0.0,10.0,27.8667,29,2.5317,29.0,0.0,0
metrics,20,1M,h2,9,1048576,6.0,15,1,452.4207,452.071,1.2902,454.4606,18.5417,18.556,0.0525,18.5812,445.8157,445.508,1.2202,447.5703,0.0,0,0.0,0.0,9.9881,10.055,0.1694,10.1901,10.0,10,0.0,10.0,28.4,29,0.7368,29.0,0.0,0
metrics,20,1M,h2,10,1048576,6.0,15,1,452.3952,452.478,0.3703,452.8167,18.5427,18.5393,0.0152,18.5647,445.7273,445.656,0.3226,446.1355,0.0,0,0.0,0.0,10.0648,10.096,0.1285,10.2009,10.0,10,0.0,10.0,28.7333,29,0.4577,29.0,0.0,0
metrics,20,1M,h3,1,1048576,22.0,15,1,520.9749,518.563,9.9645,532.2491,16.1069,16.1766,0.2901,16.2421,495.6727,493.175,9.9387,505.9695,0.0,0,0.0,0.0,25.1471,25.016,0.4555,25.6423,10.0,10,0.0,10.0,63.7333,61,10.3127,73.7,0.0,0
metrics,20,1M,h3,2,1048576,22.0,15,1,524.861,525.066,1.7931,526.7943,15.9827,15.9763,0.0548,16.0729,497.6397,498.356,2.1894,500.0443,0.0,0,0.0,0.0,25.1259,25.115,0.1152,25.3028,10.0,10,0.0,10.0,61.1333,61,0.3519,62.0,0.0,0
metrics,20,1M,h3,3,1048576,22.0,15,1,522.83,521.908,3.6866,528.1337,16.0454,16.073,0.113,16.1967,496.4014,495.626,2.8915,499.9984,0.0,0,0.0,0.0,25.1058,25.127,0.1051,25.2468,10.0,10,0.0,10.0,61.0,61,0.0,61.0,0.0,0
metrics,20,1M,h3,4,1048576,22.0,15,1,523.9225,523.627,3.8371,528.705,16.012,16.0202,0.1173,16.1798,496.6651,497.031,3.5972,502.258,0.0,0,0.0,0.0,25.1301,25.121,0.0905,25.2786,10.0,10,0.0,10.0,61.0667,61,0.2582,61.3,0.0,0
metrics,20,1M,h3,5,1048576,22.0,15,1,525.0093,525.12,4.0755,530.7489,15.9789,15.9746,0.1242,16.1476,498.6223,497.518,3.797,503.2882,0.0,0,0.0,0.0,25.1445,25.163,0.0926,25.2692,10.0,10,0.0,10.0,61.1333,61,0.3519,62.0,0.0,0
metrics,20,1M,h3,6,1048576,22.0,15,1,524.8547,524.802,4.7386,531.2271,15.9839,15.9843,0.1444,16.1832,498.5283,499.369,3.6075,503.147,0.0,0,0.0,0.0,25.1087,25.127,0.1113,25.3142,10.0,10,0.0,10.0,61.1333,61,0.3519,62.0,0.0,0
metrics,20,1M,h3,7,1048576,22.0,15,1,525.5885,526.583,3.9741,529.8165,15.9613,15.9303,0.1213,16.1485,498.8608,499.199,2.3734,501.7966,0.0,0,0.0,0.0,25.1175,25.142,0.1079,25.2793,10.0,10,0.0,10.0,61.1333,61,0.3519,62.0,0.0,0
metrics,20,1M,h3,8,1048576,22.0,15,1,525.2381,524.247,3.1852,529.4509,15.9716,16.0013,0.097,16.091,498.4456,499.69,2.8151,501.5311,0.0,0,0.0,0.0,25.1285,25.127,0.1078,25.2587,10.0,10,0.0,10.0,61.1333,61,0.3519,62.0,0.0,0
metrics,20,1M,h3,9,1048576,22.0,15,1,523.9219,524.606,3.1257,527.5348,16.0117,15.9903,0.0957,16.1892,497.0955,497.487,3.1289,500.7787,0.0,0,0.0,0.0,25.1502,25.185,0.0871,25.2533,10.0,10,0.0,10.0,61.2667,61,0.4577,62.0,0.0,0
metrics,20,1M,h3,10,1048576,22.0,15,1,525.1985,525.431,4.5648,531.9464,15.9734,15.9652,0.1377,16.1172,498.8389,497.972,4.2897,505.4246,0.0,0,0.0,0.0,25.1751,25.173,0.0853,25.2904,10.0,10,0.0,10.0,61.1333,61,0.3519,62.0,0.0,0
metrics,20,1M,h4,1,1048576,52.0,15,1,686.8771,686.36,4.2289,693.211,12.2131,12.2219,0.0747,12.2935,627.9152,626.792,4.7402,635.4358,0.0,0,0.0,0.0,55.2257,55.161,0.4012,55.67,10.0,10,0.0,10.0,131.7333,127,18.8962,149.6,0.0,0
metrics,20,1M,h4,2,1048576,52.0,15,1,790.5785,704.687,187.7106,1152.9629,11.0439,11.904,1.9556,12.2068,725.3941,638.538,186.737,1087.9734,0.0,0,0.0,0.0,55.1803,55.307,0.7954,56.0035,10.0,10,0.0,10.0,118.7333,126,34.4352,149.6,0.0,0
metrics,20,1M,h4,3,1048576,52.0,15,1,824.402,709.499,204.1591,1156.3092,10.6629,11.8233,2.1097,12.0246,760.9519,643.694,204.4925,1093.9502,0.0,0,0.0,0.0,54.9821,55.34,0.7622,55.5827,10.0,10,0.0,10.0,110.2,127,29.4647,128.0,0.0,0
metrics,20,1M,h4,4,1048576,52.0,15,1,766.5625,706.41,158.7262,1157.1621,11.2581,11.875,1.6299,11.9826,702.6275,644.72,157.4372,1089.103,0.0,0,0.0,0.0,55.1493,55.36,0.5855,55.602,10.0,10,0.0,10.0,118.6667,127,22.6137,128.0,0.0,0
metrics,20,1M,h4,5,1048576,52.0,15,1,734.2614,705.522,117.1789,851.5895,11.605,11.8899,1.2126,12.1481,669.9025,643.018,118.7782,790.6205,0.0,0,0.0,0.0,55.2761,55.361,0.4744,55.589,10.0,10,0.0,10.0,122.9333,127,16.5894,128.0,0.0,0
metrics,20,1M,h4,6,1048576,52.0,15,1,857.0138,718.215,218.6248,1164.0841,10.3229,11.6798,2.2469,12.0236,792.1109,653.86,218.016,1094.7196,0.0,0,0.0,0.0,54.9178,55.302,0.7349,55.4435,10.0,10,0.0,10.0,105.7333,127,31.2855,128.0,0.0,0
metrics,20,1M,h4,7,1048576,52.0,15,1,761.7765,702.005,158.3391,1150.8878,11.3314,11.9495,1.6477,12.1658,698.772,640.986,157.0799,1084.7613,0.0,0,0.0,0.0,55.2745,55.357,0.3984,55.5946,10.0,10,0.0,10.0,118.6,127,22.5825,128.0,0.0,0
metrics,20,1M,h4,8,1048576,52.0,15,1,792.6887,705.511,187.9033,1158.3117,11.0126,11.8901,1.9447,12.1165,728.5298,638.095,188.5218,1094.8862,0.0,0,0.0,0.0,55.0541,55.309,0.6153,55.5603,10.0,10,0.0,10.0,114.1333,127,26.4841,128.0,0.0,0
metrics,20,1M,h4,9,1048576,52.0,15,1,736.9677,707.583,116.52,849.0069,11.5591,11.8553,1.1969,12.0085,673.8447,644.478,117.8865,785.0555,0.0,0,0.0,0.0,55.3491,55.425,0.3716,55.6753,10.0,10,0.0,10.0,122.7333,127,16.5463,128.0,0.0,0
metrics,20,1M,h4,10,1048576,52.0,15,1,765.0511,706.618,157.2208,1149.6272,11.2775,11.8715,1.632,12.1608,700.1757,644.986,156.2189,1083.9151,0.0,0,0.0,0.0,55.3149,55.351,0.7775,56.1613,10.0,10,0.0,10.0,124.0667,128,31.6261,150.8,0.0,0
static10,20,1M,h2,1,1048576,6.0,15,1,452.2271,452.217,1.2638,453.913,18.5497,18.55,0.0516,18.6023,445.6763,445.672,1.2501,447.3845,0.0,0,0.0,0.0,9.9835,9.982,0.1192,10.1441,10.0,10,0.0,10.0,28.3333,28,0.7237,29.0,0.0,0
static10,20,1M,h2,2,1048576,6.0,15,1,451.9024,451.923,3.1234,455.8815,18.5637,18.562,0.1269,18.7311,445.2913,445.312,3.0229,449.0937,0.0,0,0.0,0.0,10.0169,10.052,0.0937,10.1071,10.0,10,0.0,10.0,28.4,29,0.9103,29.0,0.0,0
static10,20,1M,h2,3,1048576,6.0,15,1,452.4037,452.332,0.3243,452.8698,18.5423,18.5452,0.0133,18.5574,445.7683,445.77,0.3429,446.2388,0.0,0,0.0,0.0,9.9425,10.005,0.2689,10.1707,10.0,10,0.0,10.0,27.9333,29,2.5486,29.0,0.0,0
static10,20,1M,h2,4,1048576,6.0,15,1,452.1703,452.12,0.3744,452.7066,18.5519,18.5539,0.0154,18.5722,445.5123,445.511,0.3236,446.0015,0.0,0,0.0,0.0,10.0765,10.06,0.0859,10.2231,10.0,10,0.0,10.0,28.4667,29,0.6399,29.0,0.0,0
static10,20,1M,h2,5,1048576,6.0,15,1,453.1114,452.076,3.931,457.0945,18.5146,18.5557,0.1561,18.5713,445.4679,445.414,0.2881,445.8638,0.0,0,0.0,0.0,10.0369,10.071,0.1047,10.1599,10.0,10,0.0,10.0,28.4667,29,0.6399,29.0,0.0,0
static10,20,1M,h2,6,1048576,6.0,15,1,453.9023,452.346,4.3298,460.692,18.4826,18.5447,0.1717,18.5655,447.2563,445.676,4.2648,454.0046,0.0,0,0.0,0.0,10.0277,10.079,0.1865,10.1906,10.0,10,0.0,10.0,28.6,29,0.7368,29.0,0.0,0
static10,20,1M,h2,7,1048576,6.0,15,1,452.6801,452.207,1.7439,454.983,18.5312,18.5504,0.0706,18.5718,446.0059,445.513,1.7606,448.2043,0.0,0,0.0,0.0,10.018,10.044,0.1555,10.1771,10.0,10,0.0,10.0,28.3333,29,0.8165,29.0,0.0,0
static10,20,1M,h2,8,1048576,6.0,15,1,453.053,452.539,1.5626,456.2486,18.5159,18.5368,0.0635,18.5665,446.3631,445.856,1.5344,449.4156,0.0,0,0.0,0.0,10.0033,9.996,0.1785,10.2339,10.0,10,0.0,10.0,28.4,29,0.7368,29.0,0.0,0
static10,20,1M,h2,9,1048576,6.0,15,1,452.1205,451.983,0.3318,452.6001,18.5539,18.5596,0.0136,18.5702,445.4633,445.448,0.2873,445.8773,0.0,0,0.0,0.0,10.032,10.038,0.0837,10.1499,10.0,10,0.0,10.0,28.2667,28,0.7988,29.0,0.0,0
static10,20,1M,h2,10,1048576,6.0,15,1,452.351,452.313,0.6159,453.2275,18.5445,18.546,0.0252,18.5687,445.6256,445.658,0.538,446.2987,0.0,0,0.0,0.0,10.0393,10.065,0.143,10.2158,10.0,10,0.0,10.0,28.3333,29,0.8165,29.0,0.0,0
static10,20,1M,h3,1,1048576,22.0,15,1,518.5039,518.193,1.708,521.1578,16.1786,16.1882,0.0532,16.237,493.1912,492.675,1.6393,495.4407,0.0,0,0.0,0.0,25.0454,25.034,0.0663,25.1609,10.0,10,0.0,10.0,61.0667,61,0.2582,61.3,0.0,0
static10,20,1M,h3,2,1048576,22.0,15,1,523.6084,523.147,4.688,530.2768,16.022,16.0349,0.1428,16.1895,497.3654,496.665,3.4607,503.5259,0.0,0,0.0,0.0,25.1087,25.077,0.1068,25.2851,10.0,10,0.0,10.0,61.0,61,0.0,61.0,0.0,0
static10,20,1M,h3,3,1048576,22.0,15,1,523.9869,524.244,3.6562,528.594,16.0099,16.0013,0.1119,16.1621,497.2529,497.031,2.6093,501.2983,0.0,0,0.0,0.0,25.1568,25.146,0.0962,25.3111,10.0,10,0.0,10.0,61.0,61,0.0,61.0,0.0,0
static10,20,1M,h3,4,1048576,22.0,15,1,525.8455,526.527,2.9278,529.9322,15.9531,15.932,0.0889,16.0928,498.9032,499.482,3.0945,502.1755,0.0,0,0.0,0.0,25.0869,25.103,0.075,25.1989,10.0,10,0.0,10.0,61.0667,61,0.2582,61.3,0.0,0
static10,20,1M,h3,5,1048576,22.0,15,1,525.0535,525.892,3.8727,530.455,15.9775,15.9512,0.1178,16.1325,498.7821,498.478,3.303,503.1066,0.0,0,0.0,0.0,25.1509,25.16,0.0847,25.2538,10.0,10,0.0,10.0,61.0667,61,0.2582,61.3,0.0,0
static10,20,1M,h3,6,1048576,22.0,15,1,525.5774,525.537,4.2117,533.4274,15.9617,15.962,0.1271,16.1138,498.5589,497.124,4.5332,505.3013,0.0,0,0.0,0.0,25.1829,25.192,0.0814,25.2867,10.0,10,0.0,10.0,61.1333,61,0.3519,62.0,0.0,0
static10,20,1M,h3,7,1048576,22.0,15,1,525.1243,525.226,1.702,527.3976,15.9747,15.9714,0.0518,16.047,498.2847,499.17,2.2107,500.6239,0.0,0,0.0,0.0,25.1481,25.143,0.0748,25.2488,10.0,10,0.0,10.0,61.1333,61,0.3519,62.0,0.0,0
static10,20,1M,h3,8,1048576,22.0,15,1,524.3509,523.862,3.9889,530.3237,15.9989,16.013,0.1217,16.1864,497.8606,497.176,3.5352,503.1918,0.0,0,0.0,0.0,25.2131,25.119,0.4195,25.6605,10.0,10,0.0,10.0,63.6667,61,10.328,73.0,0.0,0
static10,20,1M,h3,9,1048576,22.0,15,1,526.2798,528.51,4.872,531.0507,15.9407,15.8722,0.1497,16.1669,498.7729,499.734,4.0287,503.1155,0.0,0,0.0,0.0,25.1343,25.139,0.0975,25.261,10.0,10,0.0,10.0,61.3333,61,0.488,62.0,0.0,0
static10,20,1M,h3,10,1048576,22.0,15,1,522.5893,522.412,4.3752,528.3218,16.0531,16.0575,0.1347,16.263,496.7085,497.414,4.5499,502.6279,0.0,0,0.0,0.0,25.1291,25.108,0.093,25.2816,10.0,10,0.0,10.0,61.0667,61,0.2582,61.3,0.0,0
static10,20,1M,h4,1,1048576,52.0,15,1,688.0237,688.091,3.9915,693.8373,12.1927,12.1911,0.0707,12.293,628.2191,627.673,3.7657,634.1573,0.0,0,0.0,0.0,55.1671,55.099,0.2644,55.5301,10.0,10,0.0,10.0,127.0667,127,0.7988,128.0,0.0,0
static10,20,1M,h4,2,1048576,52.0,15,1,791.0632,706.072,191.9168,1166.8339,11.0543,11.8807,1.9887,12.2783,727.6745,638.592,192.5787,1102.3267,0.0,0,0.0,0.0,55.0955,55.395,0.6625,55.5315,10.0,10,0.0,10.0,114.4667,127,26.6428,128.0,0.0,0
static10,20,1M,h4,3,1048576,52.0,15,1,767.5705,710.058,161.4171,1160.7303,11.2524,11.814,1.65,12.1414,704.8827,644.611,161.1944,1099.2146,0.0,0,0.0,0.0,55.209,55.354,0.531,55.6604,10.0,10,0.0,10.0,118.7333,127,22.6352,128.0,0.0,0
static10,20,1M,h4,4,1048576,52.0,15,1,736.5139,706.984,114.3372,850.9811,11.5614,11.8653,1.1873,12.0876,671.7767,641.396,115.8386,783.8334,0.0,0,0.0,0.0,55.2549,55.359,0.479,55.5691,10.0,10,0.0,10.0,122.8667,127,16.5782,128.0,0.0,0
static10,20,1M,h4,5,1048576,52.0,15,1,735.9275,706.309,112.0284,845.1634,11.5649,11.8767,1.1705,12.0602,673.4165,643.439,112.197,783.4764,0.0,0,0.0,0.0,55.2953,55.403,0.4727,55.5953,10.0,10,0.0,10.0,123.0667,127,16.6324,128.0,0.0,0
static10,20,1M,h4,6,1048576,52.0,15,1,737.2075,708.217,117.3849,852.3658,11.5582,11.8447,1.2083,12.094,672.0072,644.024,117.8363,787.7874,0.0,0,0.0,0.0,55.4041,55.43,0.5824,56.0256,10.0,10,0.0,10.0,128.0,127,26.7475,150.8,0.0,0
static10,20,1M,h4,7,1048576,52.0,15,1,790.0633,706.921,186.1121,1151.5796,11.045,11.8664,1.9449,12.2327,726.9705,640.92,187.7219,1091.1762,0.0,0,0.0,0.0,55.1379,55.379,0.8141,55.8857,10.0,10,0.0,10.0,119.6,127,34.9465,150.2,0.0,0
static10,20,1M,h4,8,1048576,52.0,15,1,734.8839,703.308,124.1692,853.0863,11.6128,11.9274,1.2556,12.0931,671.0402,639.688,122.815,788.2946,0.0,0,0.0,0.0,55.3481,55.336,0.1346,55.5695,10.0,10,0.0,10.0,122.6667,127,16.5213,128.0,0.0,0
static10,20,1M,h4,9,1048576,52.0,15,1,704.5749,705.263,9.5218,718.9639,11.9079,11.8943,0.1609,12.1117,639.4722,640.528,9.2021,651.3572,0.0,0,0.0,0.0,55.3972,55.416,0.1048,55.5525,10.0,10,0.0,10.0,127.2,127,0.5606,128.0,0.0,0
static10,20,1M,h4,10,1048576,52.0,15,1,732.1619,701.402,113.4225,846.3493,11.6292,11.9598,1.19,12.0785,667.9683,637.722,114.7839,781.6471,0.0,0,0.0,0.0,55.3079,55.453,0.4849,55.6298,10.0,10,0.0,10.0,122.8667,127,16.5912,128.0,0.0,0
statichigh,20,1M,h2,1,1048576,6.0,15,1,451.0904,451.418,1.4842,452.4559,18.5965,18.5828,0.0615,18.7348,444.4798,444.801,1.4776,445.7363,0.0,0,0.0,0.0,10.1739,10.211,0.0835,10.2543,24.0,24,0.0,24.0,33.2667,33,0.4577,34.0,0.0,0
statichigh,20,1M,h2,2,1048576,6.0,15,1,451.7338,451.622,0.3019,452.2219,18.5698,18.5744,0.0124,18.5826,445.0139,444.867,0.3472,445.5502,0.0,0,0.0,0.0,10.1171,10.118,0.0967,10.2431,24.0,24,0.0,24.0,33.4,33,0.5071,34.0,0.0,0
statichigh,20,1M,h2,3,1048576,6.0,15,1,451.6058,451.384,0.8978,453.1388,18.5751,18.5842,0.0368,18.6035,445.1137,444.918,0.8843,446.6068,0.0,0,0.0,0.0,10.0411,10.072,0.0603,10.1125,24.0,24,0.0,24.0,33.5333,34,0.5164,34.0,0.0,0
statichigh,20,1M,h2,4,1048576,6.0,15,1,451.7432,451.351,1.4287,453.4673,18.5696,18.5856,0.0582,18.5993,445.1447,444.712,1.4175,446.9168,0.0,0,0.0,0.0,10.1843,10.176,0.1033,10.3097,24.0,24,0.0,24.0,33.5333,34,0.5164,34.0,0.0,0
statichigh,20,1M,h2,5,1048576,6.0,15,1,451.3816,451.294,0.2962,451.9572,18.5843,18.5879,0.0122,18.596,444.785,444.725,0.2959,445.3443,0.0,0,0.0,0.0,10.1429,10.171,0.0809,10.22,24.0,24,0.0,24.0,33.4,33,0.6325,34.0,0.0,0
statichigh,20,1M,h2,6,1048576,6.0,15,1,451.3809,451.324,0.2604,451.7606,18.5843,18.5867,0.0107,18.5982,444.7551,444.793,0.1812,445.0192,0.0,0,0.0,0.0,10.1951,10.205,0.1349,10.3604,24.0,24,0.0,24.0,33.2667,33,0.4577,34.0,0.0,0
statichigh,20,1M,h2,7,1048576,6.0,15,1,451.3949,451.369,0.2726,451.8703,18.5838,18.5848,0.0112,18.5996,444.7591,444.681,0.1636,445.0186,0.0,0,0.0,0.0,10.1859,10.193,0.0527,10.2348,24.0,24,0.0,24.0,33.3333,33,0.488,34.0,0.0,0
statichigh,20,1M,h2,8,1048576,6.0,15,1,451.39,451.368,0.2339,451.6792,18.584,18.5849,0.0096,18.601,444.7449,444.773,0.1586,445.0126,0.0,0,0.0,0.0,10.1925,10.2,0.0401,10.2436,24.0,24,0.0,24.0,33.4667,33,0.5164,34.0,0.0,0
statichigh,20,1M,h2,9,1048576,6.0,15,1,451.681,451.482,0.6092,452.6392,18.572,18.5802,0.025,18.5946,445.0106,444.881,0.5892,445.9577,0.0,0,0.0,0.0,10.168,10.178,0.0643,10.2512,24.0,24,0.0,24.0,33.6667,34,0.488,34.0,0.0,0
statichigh,20,1M,h2,10,1048576,6.0,15,1,451.3651,451.354,0.313,451.7599,18.585,18.5854,0.0129,18.6042,444.7341,444.668,0.2137,445.1097,0.0,0,0.0,0.0,10.1495,10.186,0.0834,10.219,24.0,24,0.0,24.0,33.4,33,0.5071,34.0,0.0,0
statichigh,20,1M,h3,1,1048576,22.0,15,1,499.247,500.121,3.1327,502.8626,16.8031,16.7732,0.1054,16.9327,472.9793,473.928,2.0645,474.9069,0.0,0,0.0,0.0,25.271,25.227,0.2551,25.5539,24.0,24,0.0,24.0,48.4667,47,5.6804,53.6,0.0,0
statichigh,20,1M,h3,2,1048576,22.0,15,1,500.1684,501.387,2.4886,502.7255,16.772,16.7308,0.0836,16.8861,472.6907,473.311,2.0672,475.0348,0.0,0,0.0,0.0,25.3241,25.242,0.4047,25.766,24.0,24,0.0,24.0,50.9333,47,15.2337,64.7,0.0,0
statichigh,20,1M,h3,3,1048576,22.0,15,1,496.0879,496.383,1.6257,498.0105,16.9097,16.8995,0.0554,16.9943,471.0054,471.371,1.2326,472.2743,0.0,0,0.0,0.0,25.2327,25.15,0.3305,25.5897,24.0,24,0.0,24.0,46.8667,47,0.5164,47.0,0.0,0
statichigh,20,1M,h3,4,1048576,22.0,15,1,500.2191,501.911,3.9331,504.8646,16.7708,16.7133,0.1328,17.0246,473.1191,473.9,2.3956,476.6407,0.0,0,0.0,0.0,25.2488,25.243,0.0809,25.3596,24.0,24,0.0,24.0,46.8667,47,0.5164,47.0,0.0,0
statichigh,20,1M,h3,5,1048576,22.0,15,1,500.8084,501.924,2.0218,502.8759,16.7504,16.7129,0.0678,16.8619,473.5709,473.937,1.2397,474.5204,0.0,0,0.0,0.0,25.2149,25.203,0.0845,25.3257,24.0,24,0.0,24.0,47.0,47,0.0,47.0,0.0,0
statichigh,20,1M,h3,6,1048576,22.0,15,1,499.9105,500.54,1.9748,502.3053,16.7805,16.7591,0.0664,16.8739,472.4235,472.6,1.647,474.2307,0.0,0,0.0,0.0,25.2308,25.233,0.0736,25.3372,24.0,24,0.0,24.0,46.8667,47,0.5164,47.0,0.0,0
statichigh,20,1M,h3,7,1048576,22.0,15,1,499.1316,498.856,2.7523,503.0074,16.8069,16.8157,0.0927,16.9491,472.8484,473.584,2.632,475.922,0.0,0,0.0,0.0,25.3133,25.25,0.2089,25.5733,24.0,24,0.0,24.0,48.3333,47,5.7404,53.6,0.0,0
statichigh,20,1M,h3,8,1048576,22.0,15,1,500.1181,500.611,2.437,502.9688,16.7736,16.7567,0.082,16.8848,473.1849,474.019,1.7473,474.7912,0.0,0,0.0,0.0,25.2405,25.247,0.0582,25.3342,24.0,24,0.0,24.0,46.8667,47,0.5164,47.0,0.0,0
statichigh,20,1M,h3,9,1048576,22.0,15,1,498.8146,498.15,4.2118,504.3451,16.8182,16.8395,0.1412,16.9894,472.8839,473.081,2.819,476.3459,0.0,0,0.0,0.0,25.2322,25.235,0.0808,25.3399,24.0,24,0.0,24.0,47.0,47,0.0,47.0,0.0,0
statichigh,20,1M,h3,10,1048576,22.0,15,1,498.5657,498.637,2.6513,502.2998,16.8259,16.8231,0.0895,16.9652,472.2581,472.642,1.9578,474.3783,0.0,0,0.0,0.0,25.2302,25.21,0.0791,25.3833,24.0,24,0.0,24.0,47.0,47,0.0,47.0,0.0,0
statichigh,20,1M,h4,1,1048576,52.0,15,1,632.1091,631.039,6.6369,643.7061,13.2722,13.2933,0.1383,13.4305,567.0065,568.515,7.0075,576.3589,0.0,0,0.0,0.0,55.4462,55.453,0.1277,55.6221,24.0,24,0.0,24.0,141.6,141,0.7368,143.0,0.0,0
statichigh,20,1M,h4,2,1048576,52.0,15,1,635.6768,635.033,6.1866,645.5748,13.1975,13.2097,0.1283,13.3819,570.6975,569.461,5.1162,578.5447,0.0,0,0.0,0.0,55.5583,55.528,0.2164,55.8829,24.0,24,0.0,24.0,135.0,141,15.5012,142.0,0.0,0
statichigh,20,1M,h4,3,1048576,52.0,15,1,620.5458,620.237,4.1401,628.0347,13.5187,13.5248,0.09,13.6376,561.1989,561.4,3.5113,566.6478,0.0,0,0.0,0.0,55.3178,55.248,0.1708,55.6358,24.0,24,0.0,24.0,138.0,141,10.843,142.0,0.0,0
statichigh,20,1M,h4,4,1048576,52.0,15,1,632.4652,635.159,8.8106,645.1954,13.2658,13.2071,0.186,13.5558,569.8304,568.365,6.5444,578.7005,0.0,0,0.0,0.0,55.5685,55.561,0.249,55.9808,24.0,24,0.0,24.0,141.2,141,1.0142,142.0,0.0,0
statichigh,20,1M,h4,5,1048576,52.0,15,1,629.954,628.223,6.8763,641.9633,13.3177,13.3529,0.1448,13.4846,567.7973,566.481,6.3211,580.3686,0.0,0,0.0,0.0,55.5827,55.554,0.1826,55.8925,24.0,24,0.0,24.0,141.6667,142,0.8997,142.3,0.0,0
statichigh,20,1M,h4,6,1048576,52.0,15,1,634.2483,635.192,4.9822,640.5876,13.2268,13.2064,0.104,13.3789,570.556,572.147,6.0921,578.0292,0.0,0,0.0,0.0,55.6438,55.584,0.4341,56.2388,24.0,24,0.0,24.0,142.6,142,20.535,160.7,0.0,0
statichigh,20,1M,h4,7,1048576,52.0,15,1,630.6646,632.396,5.7956,638.2707,13.3023,13.2648,0.1227,13.5028,567.5545,568.5,3.6758,572.8572,0.0,0,0.0,0.0,55.603,55.589,0.2333,55.9512,24.0,24,0.0,24.0,141.4,141,0.9103,142.3,0.0,0
statichigh,20,1M,h4,8,1048576,52.0,15,1,636.2446,637.311,5.7295,643.8945,13.1856,13.1625,0.1186,13.3368,571.4952,572.458,4.7893,577.3423,0.0,0,0.0,0.0,55.6217,55.612,0.3227,56.236,24.0,24,0.0,24.0,141.2,141,0.8619,142.0,0.0,0
statichigh,20,1M,h4,9,1048576,52.0,15,1,631.7783,631.574,7.743,642.1809,13.2796,13.2821,0.1631,13.543,569.7953,567.533,7.289,580.7779,0.0,0,0.0,0.0,56.0586,55.611,1.9325,57.9817,24.0,24,0.0,24.0,138.3333,141,10.9458,142.0,0.0,0
statichigh,20,1M,h4,10,1048576,52.0,15,1,631.4515,631.616,5.1779,638.9671,13.2855,13.2812,0.109,13.449,568.6327,570.031,5.9299,575.6561,0.0,0,0.0,0.0,55.6266,55.6,0.2062,55.9402,24.0,24,0.0,24.0,138.3333,141,10.9458,142.0,0.0,0
ewma,20,200K,h2,1,204800,6.0,15,1,98.1029,98.161,0.5664,99.0145,16.7014,16.6909,0.0963,16.8301,91.5794,91.643,0.5828,92.6124,1.9333,2,1.9809,5.3,9.7959,9.725,0.4184,10.4441,32.6667,36,6.7471,36.0,36.1333,36,3.0907,40.6,66.667,0
ewma,20,200K,h2,2,204800,6.0,15,1,98.4475,98.348,0.3677,99.0141,16.6426,16.6592,0.0618,16.7018,91.8863,91.76,0.29,92.3822,1.5333,2,1.5523,3.2,9.7431,9.438,0.4371,10.4363,31.8667,35,6.556,35.0,35.1333,35,2.9729,39.6,66.667,0
ewma,20,200K,h2,3,204800,6.0,15,1,98.5389,98.438,0.4047,99.1767,16.6272,16.644,0.0675,16.6742,91.9289,91.856,0.3888,92.5224,1.4,2,0.9103,2.0,9.6595,9.432,0.4499,10.468,32.4,35,6.4564,35.0,35.4,35,2.7723,40.3,73.333,0
ewma,20,200K,h2,4,204800,6.0,15,1,98.3873,98.279,0.3902,98.9263,16.6528,16.6709,0.0655,16.7086,91.8723,91.793,0.3117,92.2688,1.6667,2,1.291,2.9,9.6632,9.442,0.4412,10.4538,32.2667,35,6.4195,35.0,35.2667,35,2.9391,40.6,73.333,0
ewma,20,200K,h2,5,204800,6.0,15,1,98.5481,98.52,0.419,99.1612,16.6257,16.6301,0.0702,16.6955,91.863,91.708,0.3819,92.5421,1.4667,2,0.9155,2.0,9.6265,9.398,0.4735,10.4414,32.5333,35,6.4903,35.0,35.4,35,2.5298,39.6,73.333,0
ewma,20,200K,h2,6,204800,6.0,15,1,98.3651,98.362,0.4755,98.9226,16.6567,16.6568,0.0797,16.7462,91.7783,91.706,0.3768,92.2231,2.2,2,2.0071,6.0,9.7219,9.45,0.3889,10.2641,32.5333,35,6.4903,35.0,35.4667,35,2.5875,39.6,73.333,0
ewma,20,200K,h2,7,204800,6.0,15,1,98.6145,98.427,0.5482,99.424,16.6147,16.6458,0.0913,16.6868,91.9867,91.763,0.5623,92.836,1.8,2,1.7809,5.3,9.7624,9.449,0.4731,10.4779,31.8667,34,6.3905,36.0,35.2667,34,3.2616,40.6,66.667,0
ewma,20,200K,h2,8,204800,6.0,15,1,98.3654,98.303,0.2991,98.7825,16.6564,16.6668,0.0503,16.6959,91.8383,91.768,0.2579,92.1644,1.4667,2,0.9155,2.0,9.6619,9.428,0.4406,10.4891,31.6,34,6.2427,34.0,34.5333,34,2.6957,39.3,73.333,0
ewma,20,200K,h2,9,204800,6.0,15,1,98.4831,98.378,0.4225,99.35,16.6366,16.6541,0.071,16.7121,91.9089,91.806,0.3925,92.8393,4.2,5,2.8082,6.9,9.8962,9.851,0.2937,10.3635,34.9333,38,7.2157,38.0,37.9333,38,3.2175,42.6,73.333,0
ewma,20,200K,h2,10,204800,6.0,15,1,98.5965,98.514,0.5585,99.8527,16.6177,16.6311,0.0934,16.7102,91.9677,91.841,0.4552,92.9972,2.6,2,2.5014,6.0,9.8883,9.914,0.425,10.4923,32.9333,36,6.8397,36.0,36.4,36,3.1578,41.6,66.667,0
ewma,20,200K,h3,1,204800,22.0,15,1,139.7487,136.665,10.2231,152.022,11.7722,11.9884,0.7091,12.2268,113.5325,111.701,9.8198,123.8349,0.0,0,0.0,0.0,26.1976,26.343,0.4382,26.5541,82.8667,91,24.0264,102.0,97.4,102,11.9331,106.0,0.0,0
ewma,20,200K,h3,2,204800,22.0,15,1,139.5165,136.532,8.5686,149.6091,11.7786,12.0001,0.614,12.1443,113.6335,112.108,8.0963,121.9539,0.0,0,0.0,0.0,26.3053,26.386,0.4431,26.6506,82.4,91,24.0143,101.3,97.0,102,12.1185,106.0,0.0,0
ewma,20,200K,h3,3,204800,22.0,15,1,140.3941,137.662,9.559,151.3692,11.7117,11.9016,0.6568,12.0442,113.3439,111.743,9.5481,123.3166,0.0,0,0.0,0.0,26.2611,26.398,0.4809,26.6945,82.7333,91,24.3823,102.3,97.4667,102,12.5804,106.6,0.0,0
ewma,20,200K,h3,4,204800,22.0,15,1,140.4065,138.423,10.0086,151.7212,11.7148,11.8362,0.6899,12.1761,113.9326,112.58,9.2044,123.199,0.0,0,0.0,0.0,26.2795,26.398,0.4491,26.7322,82.5333,92,23.7362,100.3,96.7333,100,11.6218,106.0,0.0,0
ewma,20,200K,h3,5,204800,22.0,15,1,139.9269,137.138,9.6666,150.6075,11.7523,11.9471,0.6727,12.2395,112.7403,110.582,9.8739,123.4545,0.0,0,0.0,0.0,26.2853,26.403,0.5123,26.7489,82.7333,91,24.3618,102.3,97.3333,102,12.4824,106.6,0.0,0
ewma,20,200K,h3,6,204800,22.0,15,1,141.0909,138.972,9.7975,152.2234,11.6556,11.7894,0.6685,12.0694,113.8794,112.378,9.3142,123.2364,0.0,0,0.0,0.0,26.3169,26.405,0.4948,26.7666,81.9333,91,23.7651,100.6,96.1333,100,11.8011,106.0,0.0,0
ewma,20,200K,h3,7,204800,22.0,15,1,140.7205,138.637,8.347,149.6784,11.6753,11.8179,0.5856,12.0463,113.5129,112.401,8.0909,121.7053,0.0,0,0.0,0.0,26.333,26.448,0.4778,26.7233,82.4667,91,23.9639,101.6,97.2667,102,12.2735,107.3,0.0,0
ewma,20,200K,h3,8,204800,22.0,15,1,140.822,138.609,8.2169,150.886,11.6662,11.8203,0.5818,12.033,113.7021,112.366,8.6177,122.4955,0.0,0,0.0,0.0,26.2559,26.346,0.4677,26.7532,83.1333,91,24.4566,103.0,98.0,103,12.5414,106.3,0.0,0
ewma,20,200K,h3,9,204800,22.0,15,1,140.3368,139.06,8.3001,150.7214,11.7081,11.782,0.6053,12.3417,113.058,111.945,7.669,121.2425,0.0,0,0.0,0.0,26.305,26.435,0.4724,26.6597,83.0,92,24.5706,103.3,97.9333,102,12.8256,107.3,0.0,0
ewma,20,200K,h3,10,204800,22.0,15,1,141.0001,138.83,8.9996,150.9729,11.6571,11.8015,0.6259,12.074,113.9741,112.523,8.616,122.5015,0.0,0,0.0,0.0,26.269,26.401,0.5173,26.7447,82.8,91,24.208,102.3,97.4,102,12.1995,106.0,0.0,0
ewma,20,200K,h4,1,204800,52.0,15,1,261.2535,253.294,26.8319,290.159,6.318,6.4684,0.4882,6.5684,195.2353,188.758,26.0344,222.1037,0.0,0,0.0,0.0,56.63,56.841,0.5398,56.9443,103.3333,110,25.8199,110.0,128.4667,126,8.0433,145.3,0.0,0
ewma,20,200K,h4,2,204800,52.0,15,1,259.242,254.686,29.1833,290.3205,6.3762,6.433,0.5374,6.7404,195.629,189.024,27.6584,224.7564,0.0,0,0.0,0.0,56.6095,56.802,0.356,56.8839,103.3333,110,25.8199,110.0,124.8,126,1.6562,126.0,0.0,0
ewma,20,200K,h4,3,204800,52.0,15,1,268.0695,255.005,50.1433,319.8963,6.2385,6.425,0.7282,6.6327,203.0777,190.616,50.4627,257.7071,0.0,0,0.0,0.0,56.3889,56.261,0.5709,57.0218,88.2,107,32.0473,110.0,117.6,124,23.3385,126.0,0.0,0
ewma,20,200K,h4,4,204800,52.0,15,1,263.6253,258.779,24.8248,290.7244,6.2551,6.3313,0.4594,6.5918,197.8592,193.131,25.0362,222.5245,0.0,0,0.0,0.0,56.6246,56.849,0.5106,56.9461,103.3333,110,25.8199,110.0,124.8,126,1.8205,126.0,0.0,0
ewma,20,200K,h4,5,204800,52.0,15,1,261.2012,254.558,28.4087,292.4463,6.3251,6.4363,0.52,6.6929,195.9823,189.182,26.9365,223.2581,0.0,0,0.0,0.0,56.474,56.865,0.608,56.925,103.3333,110,25.8199,110.0,124.2667,126,4.0614,126.0,0.0,0
ewma,20,200K,h4,6,204800,52.0,15,1,258.6008,249.917,24.2518,286.6074,6.3765,6.5558,0.4677,6.6351,195.8684,190.258,24.3403,221.3197,0.0,0,0.0,0.0,56.607,56.774,0.3047,56.9223,103.3333,110,25.8199,110.0,124.5333,126,2.0656,126.0,0.0,0
ewma,20,200K,h4,7,204800,52.0,15,1,260.007,254.48,23.9539,285.5739,6.3402,6.4382,0.452,6.5683,195.7528,190.601,24.711,220.7319,0.0,0,0.0,0.0,56.6097,56.835,0.5233,57.0175,103.3333,110,25.8199,110.0,125.1333,126,1.1255,126.3,0.0,0
ewma,20,200K,h4,8,204800,52.0,15,1,261.2571,254.363,26.0458,289.5588,6.3157,6.4412,0.4791,6.5725,196.4307,189.709,25.7484,222.1273,0.0,0,0.0,0.0,56.6669,56.863,0.5593,56.9249,103.3333,110,25.8199,110.0,125.4,126,1.0556,126.3,0.0,0
ewma,20,200K,h4,9,204800,52.0,15,1,259.0799,252.707,25.0316,286.308,6.3665,6.4834,0.4731,6.6406,196.2003,191.067,24.0299,220.2145,0.0,0,0.0,0.0,56.5903,56.814,0.4812,56.8907,103.3333,110,25.8199,110.0,124.7333,124,1.0998,126.3,0.0,0
ewma,20,200K,h4,10,204800,52.0,15,1,259.4725,255.687,25.4957,287.2325,6.3585,6.4078,0.483,6.6991,195.9877,190.227,23.7356,219.7773,0.0,0,0.0,0.0,56.5776,56.838,0.4936,56.8643,103.3333,110,25.8199,110.0,125.2,126,1.0142,126.0,0.0,0
lossaware,20,200K,h2,1,204800,6.0,15,1,98.6169,98.465,0.4955,99.6076,16.6142,16.6394,0.0831,16.7167,91.9908,91.846,0.4738,92.8988,0.2667,0,0.7037,2.0,10.0985,10.141,0.394,10.6461,25.2667,27,7.2847,33.6,33.4667,35,5.1943,40.6,13.333,14
lossaware,20,200K,h2,2,204800,6.0,15,1,98.6699,98.566,0.468,99.6129,16.6052,16.6224,0.0783,16.6897,92.0629,91.952,0.3646,92.8504,0.2667,0,0.7037,2.0,10.0889,10.083,0.33,10.4819,24.7333,26,7.1261,33.3,33.2,34,4.4433,40.0,13.333,15
lossaware,20,200K,h2,3,204800,6.0,15,1,98.6073,98.445,0.6206,99.8076,16.616,16.6428,0.1032,16.6901,91.9561,91.801,0.4846,92.8966,0.2667,0,0.7037,2.0,10.1785,10.435,0.4774,10.6328,24.8,27,7.1933,33.3,33.8,35,5.3878,40.6,13.333,15
lossaware,20,200K,h2,4,204800,6.0,15,1,98.4047,98.313,0.4288,99.1093,16.6499,16.6651,0.0719,16.718,91.8684,91.8,0.3736,92.4237,0.2667,0,0.7037,2.0,10.079,10.096,0.4143,10.6385,24.2667,25,6.933,33.0,32.1333,33,4.897,39.0,13.333,15
lossaware,20,200K,h2,5,204800,6.0,15,1,98.5505,98.486,0.4426,99.2176,16.6253,16.6359,0.0741,16.6932,91.9481,91.87,0.3841,92.4865,0.2667,0,0.7037,2.0,10.0667,10.09,0.3797,10.7023,23.6667,24,6.873,32.3,32.1333,32,4.3403,38.3,13.333,16
lossaware,20,200K,h2,6,204800,6.0,15,1,98.4764,98.301,0.5326,99.7356,16.6379,16.6672,0.0891,16.7032,91.9145,91.711,0.506,93.1047,0.7333,0,1.9445,5.3,10.2379,10.21,0.3019,10.7396,28.2,30,7.4277,36.3,36.3333,37,4.9522,42.3,13.333,11
lossaware,20,200K,h2,7,204800,6.0,15,1,98.355,98.247,0.3443,98.9892,16.6582,16.6763,0.058,16.7097,91.7665,91.712,0.2613,92.0913,0.2667,0,0.7037,2.0,10.1027,10.127,0.3758,10.7028,25.1333,27,7.0393,33.3,33.2667,34,4.9924,40.0,13.333,13
lossaware,20,200K,h2,8,204800,6.0,15,1,98.3421,98.27,0.2538,98.7162,16.6603,16.6724,0.0429,16.7133,91.7716,91.795,0.2062,92.0377,0.2667,0,0.7037,2.0,10.073,10.078,0.369,10.5004,25.2667,27,6.9843,33.3,33.2667,34,4.6209,39.3,13.333,13
lossaware,20,200K,h2,9,204800,6.0,15,1,98.5229,98.439,0.3558,99.2341,16.6298,16.6438,0.0599,16.7078,91.8869,91.824,0.2607,92.3999,0.2667,0,0.7037,2.0,10.1437,10.195,0.4332,10.6969,26.4,29,7.3853,35.0,34.6667,35,4.8501,41.0,13.333,13
lossaware,20,200K,h2,10,204800,6.0,15,1,98.3947,98.285,0.3904,98.9176,16.6515,16.6699,0.0654,16.7045,91.8183,91.761,0.334,92.2746,0.2667,0,0.7037,2.0,10.0866,10.143,0.3963,10.625,24.6,26,7.1893,33.3,32.8667,33,5.0549,40.0,13.333,15
lossaware,20,200K,h3,1,204800,22.0,15,1,140.2766,138.776,9.4991,151.8365,11.7222,11.8061,0.6736,12.3771,113.5308,111.648,9.8208,123.7342,0.0,0,0.0,0.0,26.3088,26.409,0.4899,26.7495,82.0,90,23.8807,101.6,96.5333,100,12.0586,106.0,0.0,0
lossaware,20,200K,h3,2,204800,22.0,15,1,142.0827,140.141,9.9672,161.4165,11.5775,11.6911,0.7071,12.1123,115.0563,112.694,9.4067,133.0374,0.0,0,0.0,0.0,26.2738,26.38,0.4782,26.7576,82.3333,91,24.0555,101.3,96.9333,102,12.2151,106.0,0.0,0
lossaware,20,200K,h3,3,204800,22.0,15,1,140.6547,140.53,8.2672,149.9392,11.6817,11.6587,0.6093,12.3246,113.5175,112.413,8.2603,121.9784,0.0,0,0.0,0.0,26.2949,26.406,0.4374,26.6595,81.9333,90,23.8312,100.3,96.4,102,11.9152,106.0,0.0,0
lossaware,20,200K,h3,4,204800,22.0,15,1,139.2005,137.466,7.4103,147.5655,11.797,11.9186,0.5423,12.1644,112.4586,111.396,7.3716,120.4675,0.0,0,0.0,0.0,26.3493,26.418,0.4286,26.6707,83.0667,91,23.9567,102.0,97.0667,102,11.4671,106.0,0.0,0
lossaware,20,200K,h3,5,204800,22.0,15,1,141.1467,140.361,7.2927,149.21,11.6333,11.6728,0.5299,12.1088,113.2857,112.488,6.9975,120.5358,0.0,0,0.0,0.0,26.2605,26.379,0.5136,26.7133,82.6,91,24.0648,102.0,96.8,102,11.9355,106.0,0.0,0
lossaware,20,200K,h3,6,204800,22.0,15,1,140.4485,138.885,9.872,152.1562,11.7112,11.7968,0.699,12.3979,113.8012,112.605,9.8263,123.6712,0.0,0,0.0,0.0,26.299,26.4,0.4906,26.7,82.8,91,24.3961,102.3,97.6667,102,12.6416,106.0,0.0,0
lossaware,20,200K,h3,7,204800,22.0,15,1,140.5963,137.625,9.9934,152.2424,11.6987,11.9048,0.6875,12.1491,113.5969,112.353,9.4758,123.4046,0.0,0,0.0,0.0,26.2797,26.392,0.4658,26.7179,82.4,91,24.0945,101.0,96.6,102,12.0048,106.0,0.0,0
lossaware,20,200K,h3,8,204800,22.0,15,1,140.2761,137.554,9.5362,151.1574,11.7222,11.911,0.6696,12.1959,114.0819,112.614,9.706,123.9119,0.0,0,0.0,0.0,26.3357,26.406,0.4195,26.705,82.6667,91,24.1503,102.3,97.6,102,12.345,106.3,0.0,0
lossaware,20,200K,h3,9,204800,22.0,15,1,141.1115,139.47,8.8761,150.8745,11.6467,11.7473,0.615,12.0478,114.2085,112.553,8.4814,122.5949,0.0,0,0.0,0.0,26.2709,26.39,0.4494,26.6555,82.6667,91,24.3213,102.3,97.2667,102,12.4066,106.0,0.0,0
lossaware,20,200K,h3,10,204800,22.0,15,1,139.1754,137.673,8.2577,149.1435,11.806,11.9007,0.6127,12.3759,112.5442,110.919,6.9258,119.9999,0.0,0,0.0,0.0,26.285,26.382,0.4652,26.7443,82.1333,91,23.9101,101.3,96.4667,102,11.9515,106.0,0.0,0
lossaware,20,200K,h4,1,204800,52.0,15,1,261.9142,255.441,22.972,288.7042,6.2911,6.414,0.4355,6.5592,196.8589,192.739,21.8279,218.7514,0.0,0,0.0,0.0,56.604,56.845,0.5617,56.8968,103.3333,110,25.8199,110.0,125.0,126,1.7321,126.3,0.0,0
lossaware,20,200K,h4,2,204800,52.0,15,1,261.0812,254.216,20.996,285.5532,6.3063,6.4449,0.4127,6.6116,195.3528,189.608,23.1159,219.8973,0.0,0,0.0,0.0,56.5131,56.729,0.4773,56.91,103.3333,110,25.8199,110.0,124.4,124,1.7238,126.0,0.0,0
lossaware,20,200K,h4,3,204800,52.0,15,1,261.5742,254.764,25.9033,289.2399,6.3074,6.431,0.4743,6.5432,196.7876,191.642,27.7325,224.3998,0.0,0,0.0,0.0,56.6666,56.823,0.4293,56.9025,103.3333,110,25.8199,110.0,125.2,126,1.2649,126.6,0.0,0
lossaware,20,200K,h4,4,204800,52.0,15,1,263.3309,256.644,25.8642,291.9384,6.2652,6.3839,0.475,6.5891,197.8217,192.248,26.224,223.4306,0.0,0,0.0,0.0,56.5106,56.762,0.5246,56.9207,103.3333,110,25.8199,110.0,124.5333,124,1.5976,126.0,0.0,0
lossaware,20,200K,h4,5,204800,52.0,15,1,259.3944,253.144,28.7763,290.7854,6.3706,6.4722,0.5267,6.7154,194.9958,187.761,27.5777,223.6428,0.0,0,0.0,0.0,56.6601,56.851,0.5435,57.0085,103.3333,110,25.8199,110.0,125.6667,126,1.1751,127.3,0.0,0
lossaware,20,200K,h4,6,204800,52.0,15,1,259.2786,255.449,22.3021,285.6385,6.3541,6.4138,0.4381,6.695,196.0998,191.715,22.4191,219.2985,0.0,0,0.0,0.0,56.5592,56.795,0.4719,56.9216,103.3333,110,25.8199,110.0,124.2667,124,1.9809,126.0,0.0,0
lossaware,20,200K,h4,7,204800,52.0,15,1,261.9073,254.964,22.5195,288.6427,6.2901,6.426,0.4301,6.5439,196.2096,193.122,21.7964,218.3326,0.0,0,0.0,0.0,56.5787,56.842,0.4808,56.9222,103.3333,110,25.8199,110.0,124.4,124,1.7238,126.0,0.0,0
lossaware,20,200K,h4,8,204800,52.0,15,1,256.1067,249.879,24.3102,283.0176,6.439,6.5568,0.4709,6.7115,193.1615,186.134,24.4378,219.6544,0.0,0,0.0,0.0,56.7015,56.845,0.4416,56.9195,103.3333,110,25.8199,110.0,124.6,124,1.0556,126.3,0.0,0
lossaware,20,200K,h4,9,204800,52.0,15,1,257.2213,250.171,29.8553,287.9248,6.4284,6.5491,0.5433,6.7623,195.2531,188.368,27.1559,223.1501,0.0,0,0.0,0.0,56.5921,56.788,0.4785,56.9075,103.3333,110,25.8199,110.0,125.3333,126,0.9759,126.0,0.0,0
lossaware,20,200K,h4,10,204800,52.0,15,1,259.295,253.678,23.2661,283.5775,6.3557,6.4586,0.4429,6.5804,196.123,190.581,23.813,220.8651,0.0,0,0.0,0.0,56.5717,56.817,0.5446,56.9509,103.3333,110,25.8199,110.0,124.6667,124,1.633,126.0,0.0,0
lossaware-disc,20,200K,h2,1,204800,6.0,15,1,98.6095,98.534,0.4544,99.2842,16.6154,16.6278,0.0758,16.6833,91.9668,91.9,0.3491,92.495,0.2,0,0.5606,1.3,10.1114,10.082,0.3333,10.6097,25.0,26,7.3872,33.6,33.4667,33,4.8236,39.6,13.333,15
lossaware-disc,20,200K,h2,2,204800,6.0,15,1,98.6311,98.437,0.575,99.809,16.6119,16.6441,0.0961,16.6867,91.9826,91.77,0.4892,92.9971,0.2667,0,0.7037,2.0,10.0189,9.976,0.4234,10.6937,24.7333,27,7.2454,33.3,33.0,34,4.9425,39.3,13.333,14
lossaware-disc,20,200K,h2,3,204800,6.0,15,1,98.4934,98.408,0.4957,99.3018,16.635,16.6491,0.0832,16.7321,91.9299,91.839,0.4438,92.7768,0.2667,0,0.7037,2.0,9.9747,10.06,0.4336,10.66,24.4667,24,6.0222,33.0,32.2,33,4.8285,39.3,13.333,18
lossaware-disc,20,200K,h2,4,204800,6.0,15,1,98.4925,98.301,0.5261,99.5162,16.6352,16.6672,0.0878,16.6913,91.9345,91.835,0.3833,92.7457,0.5333,0,1.5976,3.2,10.1796,10.125,0.327,10.6915,26.0667,28,7.3724,34.6,34.4667,36,5.1667,41.3,13.333,13
lossaware-disc,20,200K,h2,5,204800,6.0,15,1,98.4747,98.402,0.4175,98.9623,16.638,16.6501,0.0699,16.7074,91.8251,91.718,0.4143,92.3252,0.2667,0,0.7037,2.0,10.0927,10.122,0.3945,10.5912,23.9333,24,7.0251,33.0,32.4,33,4.6414,39.0,13.333,16
lossaware-disc,20,200K,h2,6,204800,6.0,15,1,98.7518,98.409,1.1206,100.1992,16.593,16.6489,0.182,16.684,92.0912,91.763,1.1221,93.756,0.2667,0,0.7037,2.0,10.1573,10.137,0.4828,10.8532,25.4667,28,7.2296,34.0,33.5333,34,4.9981,40.3,13.333,13
lossaware-disc,20,200K,h2,7,204800,6.0,15,1,98.4275,98.399,0.3556,98.9097,16.646,16.6506,0.0598,16.7093,91.823,91.743,0.28,92.1456,0.2667,0,0.7037,2.0,10.0577,10.112,0.3387,10.5339,23.6,23,6.8744,32.3,31.9333,32,4.3991,38.3,13.333,16
lossaware-disc,20,200K,h2,8,204800,6.0,15,1,98.5044,98.423,0.3491,99.2721,16.633,16.6465,0.0586,16.6849,91.8363,91.769,0.3161,92.5632,0.2667,0,0.7037,2.0,9.9729,10.021,0.3478,10.3371,24.5333,25,7.18,33.3,32.6667,33,4.8206,39.3,13.333,15
lossaware-disc,20,200K,h2,9,204800,6.0,15,1,98.5447,98.438,0.3486,99.2557,16.6262,16.644,0.0586,16.6885,91.8735,91.784,0.3298,92.4941,0.5333,0,1.5976,3.2,10.183,10.103,0.3253,10.757,25.1333,27,7.4342,34.6,33.8667,35,5.5661,40.9,13.333,13
lossaware-disc,20,200K,h2,10,204800,6.0,15,1,98.5504,98.531,0.3508,99.0414,16.6252,16.6283,0.0589,16.7081,91.8879,91.8,0.3202,92.3872,0.2667,0,0.7037,2.0,10.0955,10.097,0.3601,10.5304,26.2,28,7.3212,34.6,34.2,36,5.1713,40.6,13.333,12
lossaware-disc,20,200K,h3,1,204800,22.0,15,1,140.2486,139.242,7.0833,148.3053,11.7066,11.7666,0.5202,12.1154,113.3455,111.815,7.404,121.0106,0.0,0,0.0,0.0,26.3373,26.485,0.4593,26.6806,81.8,91,23.677,100.3,95.8,101,11.5214,102.6,0.0,0
lossaware-disc,20,200K,h3,2,204800,22.0,15,1,140.3863,137.639,10.6429,152.0618,11.7218,11.9036,0.7242,12.237,114.0287,112.296,9.8001,124.029,0.0,0,0.0,0.0,26.2942,26.441,0.4819,26.695,82.4667,91,24.1834,102.3,97.1333,102,12.4434,106.0,0.0,0
lossaware-disc,20,200K,h3,3,204800,22.0,15,1,140.0721,138.813,9.1204,150.2168,11.7362,11.8029,0.6491,12.2316,113.3966,111.73,8.9622,122.7069,0.0,0,0.0,0.0,26.2761,26.383,0.5052,26.746,82.1333,91,23.8982,100.3,96.6,102,12.0285,106.0,0.0,0
lossaware-disc,20,200K,h3,4,204800,22.0,15,1,141.7652,140.522,10.5774,154.1428,11.6066,11.6594,0.7126,12.1366,113.9198,112.383,10.2596,124.172,0.0,0,0.0,0.0,26.2927,26.446,0.5027,26.6856,82.2,91,23.9589,101.0,96.4667,102,11.9515,106.0,0.0,0
lossaware-disc,20,200K,h3,5,204800,22.0,15,1,141.6081,139.295,9.3607,151.5371,11.609,11.7621,0.6332,11.9672,114.2654,112.622,9.1291,123.4114,0.0,0,0.0,0.0,26.2687,26.377,0.5257,26.752,82.4667,91,24.1805,102.3,97.4,102,12.5174,106.3,0.0,0
lossaware-disc,20,200K,h3,6,204800,22.0,15,1,141.4441,140.35,9.0248,151.8552,11.6209,11.6737,0.6319,12.1464,114.4015,112.745,9.8173,124.0226,0.0,0,0.0,0.0,26.3325,26.412,0.5081,26.7762,83.0,91,24.4073,103.3,97.8667,102,12.4892,106.3,0.0,0
lossaware-disc,20,200K,h3,7,204800,22.0,15,1,139.7993,138.258,8.2894,149.262,11.7526,11.8503,0.596,12.1916,113.7845,112.453,8.3971,122.1689,0.0,0,0.0,0.0,26.2673,26.446,0.4566,26.6647,82.4667,91,24.1598,101.3,97.3333,102,12.4938,106.6,0.0,0
lossaware-disc,20,200K,h3,8,204800,22.0,15,1,140.5274,138.446,8.6749,150.094,11.694,11.8342,0.6094,12.1153,113.5807,112.373,8.2799,122.0654,0.0,0,0.0,0.0,26.2477,26.377,0.4674,26.6873,82.4,91,24.1093,101.3,96.8667,102,12.1765,106.0,0.0,0
lossaware-disc,20,200K,h3,9,204800,22.0,15,1,140.4692,139.103,8.7553,150.1155,11.6998,11.7783,0.6212,12.1979,113.6645,112.461,9.083,122.7574,0.0,0,0.0,0.0,26.2601,26.354,0.449,26.7043,82.8667,91,24.0204,102.0,97.2667,102,11.961,106.6,0.0,0
lossaware-disc,20,200K,h3,10,204800,22.0,15,1,141.3941,139.757,8.5695,150.4476,11.621,11.7232,0.5932,11.9988,113.445,112.426,8.6627,122.2841,0.0,0,0.0,0.0,26.3191,26.476,0.4303,26.6695,82.4,91,23.9249,101.3,97.1333,102,12.0941,106.0,0.0,0
lossaware-disc,20,200K,h4,1,204800,52.0,15,1,270.9143,257.738,47.7501,328.3002,6.1625,6.3568,0.7019,6.5663,207.3201,193.707,47.234,265.7839,0.0,0,0.0,0.0,56.3472,56.26,0.4681,56.9151,88.1333,106,32.0064,110.0,117.2,124,23.2477,126.6,0.0,0
lossaware-disc,20,200K,h4,2,204800,52.0,15,1,261.277,253.647,25.8076,292.2826,6.3148,6.4594,0.479,6.5762,195.3665,189.018,24.9981,221.5221,0.0,0,0.0,0.0,56.5922,56.797,0.4862,56.9074,103.3333,110,25.8199,110.0,124.6667,124,1.633,126.0,0.0,0
lossaware-disc,20,200K,h4,3,204800,52.0,15,1,258.1239,252.161,25.9675,288.5955,6.3942,6.4974,0.5015,6.8116,195.2607,188.998,26.3402,222.3777,0.0,0,0.0,0.0,56.6321,56.864,0.5751,56.985,103.3333,110,25.8199,110.0,125.0,124,1.5584,127.3,0.0,0
lossaware-disc,20,200K,h4,4,204800,52.0,15,1,259.0289,252.72,24.5373,286.3829,6.3664,6.4831,0.467,6.6606,195.6135,189.452,24.0811,220.5712,0.0,0,0.0,0.0,56.7237,56.884,0.4052,56.9903,103.3333,110,25.8199,110.0,124.9333,126,1.6676,126.0,0.0,0
lossaware-disc,20,200K,h4,5,204800,52.0,15,1,269.2501,255.174,47.2603,331.5786,6.2011,6.4207,0.7131,6.6046,204.4326,193.075,46.9948,264.3112,0.0,0,0.0,0.0,56.4361,56.786,0.5941,56.9508,88.3333,107,32.104,110.0,117.2667,124,23.2823,126.0,0.0,0
lossaware-disc,20,200K,h4,6,204800,52.0,15,1,261.4636,255.56,23.9578,289.674,6.3049,6.411,0.4528,6.5919,195.8542,190.926,23.1212,219.7472,0.0,0,0.0,0.0,56.5693,56.818,0.5336,56.9251,103.3333,110,25.8199,110.0,124.8,126,1.6562,126.0,0.0,0
lossaware-disc,20,200K,h4,7,204800,52.0,15,1,261.0975,254.017,24.0114,286.4298,6.3137,6.45,0.4508,6.5794,195.1816,189.178,24.0526,219.9176,0.0,0,0.0,0.0,56.6178,56.836,0.5,56.9709,103.3333,110,25.8199,110.0,125.7333,126,0.7037,126.0,0.0,0
lossaware-disc,20,200K,h4,8,204800,52.0,15,1,260.5293,254.607,27.9631,292.4836,6.3401,6.435,0.5142,6.753,196.6617,190.936,27.1986,224.5621,0.0,0,0.0,0.0,56.6521,56.847,0.5026,56.9391,103.3333,110,25.8199,110.0,125.0,126,1.7321,126.3,0.0,0
lossaware-disc,20,200K,h4,9,204800,52.0,15,1,259.8027,254.655,22.6285,285.1032,6.3415,6.4338,0.4337,6.623,193.8553,187.485,22.3204,217.43,0.0,0,0.0,0.0,56.6688,56.856,0.499,56.9723,103.3333,110,25.8199,110.0,124.9333,124,1.0328,126.0,0.0,0
lossaware-disc,20,200K,h4,10,204800,52.0,15,1,259.8367,251.294,30.2463,296.6914,6.3643,6.5199,0.5427,6.6586,195.4387,187.941,29.3289,226.4826,0.0,0,0.0,0.0,56.6427,56.825,0.3982,56.935,103.3333,110,25.8199,110.0,125.0667,126,1.6676,126.0,0.0,0
metrics,20,200K,h2,1,204800,6.0,15,1,99.1739,99.017,0.8398,100.2078,16.5216,16.5467,0.137,16.6375,92.708,92.629,0.7818,93.6881,0.0,0,0.0,0.0,9.8817,9.89,0.069,9.9754,10.0,10,0.0,10.0,27.7333,28,0.7037,29.0,0.0,0
metrics,20,200K,h2,2,204800,6.0,15,1,99.0423,99.062,0.433,99.6351,16.5427,16.5391,0.0724,16.6748,92.4043,92.392,0.4561,92.9895,0.0,0,0.0,0.0,9.9613,9.97,0.1094,10.1315,10.0,10,0.0,10.0,28.2,28,0.7746,29.0,0.0,0
metrics,20,200K,h2,3,204800,6.0,15,1,99.4393,99.475,0.4323,99.9842,16.4767,16.4705,0.0717,16.597,92.8049,92.769,0.3171,93.2822,0.0,0,0.0,0.0,9.8905,9.972,0.2434,10.072,10.0,10,0.0,10.0,27.4667,28,2.4456,29.0,0.0,0
metrics,20,200K,h2,4,204800,6.0,15,1,99.2367,99.138,0.4448,99.957,16.5103,16.5265,0.0735,16.5834,92.6404,92.454,0.4067,93.2317,0.0,0,0.0,0.0,9.9883,9.998,0.0596,10.067,10.0,10,0.0,10.0,28.6,29,0.6325,29.0,0.0,0
metrics,20,200K,h2,5,204800,6.0,15,1,99.2388,99.32,0.3454,99.7366,16.5099,16.4962,0.0575,16.595,92.6603,92.731,0.3054,93.0458,0.0,0,0.0,0.0,9.9841,10.001,0.0832,10.0808,10.0,10,0.0,10.0,28.2,28,0.8619,29.0,0.0,0
metrics,20,200K,h2,6,204800,6.0,15,1,99.2303,99.323,0.3949,99.6626,16.5113,16.4957,0.0659,16.6015,92.6015,92.69,0.3511,92.9971,0.0,0,0.0,0.0,9.9203,9.99,0.213,10.1056,10.0,10,0.0,10.0,27.7333,28,2.4919,29.0,0.0,0
metrics,20,200K,h2,7,204800,6.0,15,1,99.2844,99.228,0.3213,99.657,16.5023,16.5115,0.0534,16.5758,92.5644,92.547,0.3196,92.9588,0.0,0,0.0,0.0,9.9992,9.987,0.089,10.1073,10.0,10,0.0,10.0,28.6667,29,0.6172,29.0,0.0,0
metrics,20,200K,h2,8,204800,6.0,15,1,99.3253,99.342,0.3772,99.876,16.4955,16.4925,0.0626,16.5794,92.6619,92.647,0.3145,93.062,0.0,0,0.0,0.0,10.0459,10.058,0.0801,10.1341,10.0,10,0.0,10.0,28.4,29,0.8281,29.0,0.0,0
metrics,20,200K,h2,9,204800,6.0,15,1,99.1227,99.203,0.3206,99.5259,16.5292,16.5156,0.0535,16.6006,92.5329,92.607,0.2424,92.8634,0.0,0,0.0,0.0,9.9349,9.931,0.0518,10.0196,10.0,10,0.0,10.0,28.2667,29,0.8837,29.0,0.0,0
metrics,20,200K,h2,10,204800,6.0,15,1,99.3765,99.241,0.4048,100.0177,16.487,16.5093,0.0669,16.5604,92.7909,92.696,0.4052,93.5156,0.0,0,0.0,0.0,9.9442,10.014,0.2721,10.1518,10.0,10,0.0,10.0,28.1333,29,2.5598,29.0,0.0,0
metrics,20,200K,h3,1,204800,22.0,15,1,164.5826,164.396,1.6483,166.7425,9.9558,9.9662,0.0997,10.0852,139.347,139.349,1.5373,141.5905,0.0,0,0.0,0.0,24.9089,24.87,0.0979,25.0868,10.0,10,0.0,10.0,61.4,61,0.6325,62.3,0.0,0
metrics,20,200K,h3,2,204800,22.0,15,1,170.1143,170.868,4.095,175.2594,9.6364,9.5887,0.2338,10.0147,143.5707,143.156,3.4032,147.925,0.0,0,0.0,0.0,25.0568,25.022,0.1247,25.2543,10.0,10,0.0,10.0,61.2,61,0.414,62.0,0.0,0
metrics,20,200K,h3,3,204800,22.0,15,1,170.3702,169.823,4.6848,176.9957,9.6235,9.6477,0.2658,10.0568,143.9611,144.237,3.7555,148.9035,0.0,0,0.0,0.0,25.0309,24.992,0.1281,25.2235,10.0,10,0.0,10.0,61.1333,61,0.3519,62.0,0.0,0
metrics,20,200K,h3,4,204800,22.0,15,1,170.6021,171.194,4.1458,175.4724,9.609,9.5704,0.2384,10.0066,144.3056,144.874,3.3658,148.5087,0.0,0,0.0,0.0,24.9763,24.968,0.1034,25.1502,10.0,10,0.0,10.0,61.0667,61,0.2582,61.3,0.0,0
metrics,20,200K,h3,5,204800,22.0,15,1,172.2411,171.175,4.0148,178.0993,9.5171,9.5715,0.2209,9.7973,145.7607,145.328,3.3402,150.1148,0.0,0,0.0,0.0,25.0507,25.016,0.1294,25.2511,10.0,10,0.0,10.0,61.2,61,0.414,62.0,0.0,0
metrics,20,200K,h3,6,204800,22.0,15,1,171.0534,171.898,3.3392,176.1125,9.5817,9.5312,0.1872,9.8862,144.6703,144.447,2.1868,148.1757,0.0,0,0.0,0.0,25.0302,25.025,0.1011,25.1492,10.0,10,0.0,10.0,61.1333,61,0.3519,62.0,0.0,0
metrics,20,200K,h3,7,204800,22.0,15,1,172.3945,171.462,3.9974,177.2378,9.5086,9.5555,0.2209,9.8289,145.2928,145.44,3.044,149.2947,0.0,0,0.0,0.0,25.012,25.014,0.1117,25.1819,10.0,10,0.0,10.0,61.1333,61,0.3519,62.0,0.0,0
metrics,20,200K,h3,8,204800,22.0,15,1,172.6463,173.553,3.0793,176.0168,9.4928,9.4403,0.1707,9.7597,145.1352,146.032,2.6317,147.9206,0.0,0,0.0,0.0,24.9826,24.979,0.1056,25.1533,10.0,10,0.0,10.0,61.1333,61,0.3519,62.0,0.0,0
metrics,20,200K,h3,9,204800,22.0,15,1,170.897,171.07,5.0527,178.25,9.595,9.5774,0.2874,10.0904,143.4699,142.118,4.566,149.9578,0.0,0,0.0,0.0,25.0001,24.992,0.0847,25.1481,10.0,10,0.0,10.0,61.0,61,0.0,61.0,0.0,0
metrics,20,200K,h3,10,204800,22.0,15,1,172.0779,172.23,3.7746,176.8454,9.5256,9.5129,0.2117,9.8112,144.9789,144.612,3.3846,149.4578,0.0,0,0.0,0.0,24.9889,24.973,0.106,25.1805,10.0,10,0.0,10.0,61.2,61,0.414,62.0,0.0,0
metrics,20,200K,h4,1,204800,52.0,15,1,329.614,328.811,5.2862,337.1284,4.9719,4.9828,0.0797,5.0662,271.2374,269.923,5.1296,279.1863,0.0,0,0.0,0.0,54.7001,54.695,0.3178,55.1346,10.0,10,0.0,10.0,126.5333,127,0.5164,127.0,0.0,0
metrics,20,200K,h4,2,204800,52.0,15,1,362.2996,352.169,35.9212,445.4578,4.5582,4.6523,0.3905,4.8943,295.9856,286.184,33.4624,373.7189,0.0,0,0.0,0.0,55.2362,55.116,0.3556,55.7592,10.0,10,0.0,10.0,114.1333,126,32.5398,127.0,0.0,0
metrics,20,200K,h4,3,204800,52.0,15,1,369.0715,346.389,43.9526,441.8183,4.4927,4.7299,0.4814,4.8927,305.5195,280.357,44.2505,377.0624,0.0,0,0.0,0.0,55.1499,55.055,0.368,55.858,10.0,10,0.0,10.0,101.7333,126,42.2805,127.0,0.0,0
metrics,20,200K,h4,4,204800,52.0,15,1,357.3327,347.025,32.4029,431.1616,4.6159,4.7213,0.3651,4.9653,293.8084,283.286,30.0419,362.0642,0.0,0,0.0,0.0,55.0678,55.094,0.3867,55.5157,10.0,10,0.0,10.0,114.2,126,32.5647,127.0,0.0,0
metrics,20,200K,h4,5,204800,52.0,15,1,359.397,352.188,34.2697,437.6208,4.5925,4.6521,0.3802,4.9661,294.9161,287.489,33.4843,372.6455,0.0,0,0.0,0.0,55.1006,55.07,0.3297,55.5592,10.0,10,0.0,10.0,114.1333,126,32.5398,127.0,0.0,0
metrics,20,200K,h4,6,204800,52.0,15,1,364.8569,350.606,38.8816,439.6114,4.5326,4.6731,0.4231,4.8589,300.2499,283.05,39.7247,376.0193,0.0,0,0.0,0.0,55.1695,55.041,0.2718,55.7133,10.0,10,0.0,10.0,107.9333,126,38.2669,127.0,0.0,0
metrics,20,200K,h4,7,204800,52.0,15,1,347.0941,347.628,6.2223,355.4231,4.7217,4.7131,0.0846,4.8291,282.9776,285.948,6.3466,290.5464,0.0,0,0.0,0.0,55.246,55.083,0.6832,55.9862,10.0,10,0.0,10.0,128.0667,126,6.9124,134.8,0.0,0
metrics,20,200K,h4,8,204800,52.0,15,1,348.5862,350.936,8.3198,358.2285,4.7027,4.6687,0.1138,4.9119,285.2703,286.453,7.9543,295.4798,0.0,0,0.0,0.0,54.9171,54.908,0.2957,55.2459,10.0,10,0.0,10.0,126.4,126,0.5071,127.0,0.0,0
metrics,20,200K,h4,9,204800,52.0,15,1,359.511,352.708,34.7946,438.3385,4.592,4.6452,0.3852,4.9624,295.496,285.773,32.5026,370.7888,0.0,0,0.0,0.0,55.2843,55.155,0.5263,55.9065,10.0,10,0.0,10.0,114.0,126,32.4852,127.0,0.0,0
metrics,20,200K,h4,10,204800,52.0,15,1,347.8696,348.383,8.1105,359.1283,4.7122,4.7029,0.1104,4.8726,284.0485,282.955,8.0306,296.8,0.0,0,0.0,0.0,54.9518,55.04,0.4204,55.4273,10.0,10,0.0,10.0,126.6,127,0.5071,127.0,0.0,0
static10,20,200K,h2,1,204800,6.0,15,1,98.5143,98.452,0.4738,99.2202,16.6315,16.6416,0.0797,16.7368,91.9758,91.917,0.3794,92.4382,0.0,0,0.0,0.0,9.8875,9.891,0.0659,9.9888,10.0,10,0.0,10.0,27.8,28,0.6761,29.0,0.0,0
static10,20,200K,h2,2,204800,6.0,15,1,99.227,99.241,0.348,99.7621,16.5118,16.5093,0.0579,16.5966,92.6149,92.644,0.3077,93.1156,0.0,0,0.0,0.0,10.0121,10.013,0.1062,10.1753,10.0,10,0.0,10.0,28.5333,29,0.7432,29.0,0.0,0
static10,20,200K,h2,3,204800,6.0,15,1,99.2187,99.12,0.5481,100.0942,16.5135,16.5295,0.0905,16.6057,92.6291,92.585,0.4803,93.3304,0.0,0,0.0,0.0,9.9756,9.978,0.0486,10.0385,10.0,10,0.0,10.0,28.3333,29,0.8997,29.0,0.0,0
static10,20,200K,h2,4,204800,6.0,15,1,99.3783,99.367,0.3623,99.8684,16.4867,16.4884,0.0601,16.575,92.6855,92.642,0.3188,93.1805,0.0,0,0.0,0.0,9.9859,9.96,0.1031,10.1486,10.0,10,0.0,10.0,28.7333,29,0.4577,29.0,0.0,0
static10,20,200K,h2,5,204800,6.0,15,1,99.4703,99.351,0.5682,100.5525,16.4718,16.491,0.0937,16.5811,92.8083,92.678,0.4807,93.6496,0.0,0,0.0,0.0,9.9738,9.998,0.3241,10.318,10.0,10,0.0,10.0,27.8667,29,2.5317,29.0,0.0,0
static10,20,200K,h2,6,204800,6.0,15,1,99.0924,98.92,0.3609,99.6334,16.5343,16.5629,0.0601,16.5975,92.4491,92.325,0.3243,92.9486,0.0,0,0.0,0.0,9.9667,9.985,0.0962,10.0976,10.0,10,0.0,10.0,28.2667,28,0.7988,29.0,0.0,0
static10,20,200K,h2,7,204800,6.0,15,1,99.1893,99.228,0.3007,99.6249,16.518,16.5115,0.0501,16.5926,92.617,92.607,0.2202,92.9166,0.0,0,0.0,0.0,9.9811,9.971,0.0608,10.086,10.0,10,0.0,10.0,28.2667,29,0.9612,29.0,0.0,0
static10,20,200K,h2,8,204800,6.0,15,1,99.3607,99.422,0.3379,99.8708,16.4896,16.4793,0.0561,16.5619,92.6941,92.637,0.2708,93.0692,0.0,0,0.0,0.0,10.0171,9.974,0.195,10.2898,10.0,10,0.0,10.0,28.2667,28,0.7037,29.0,0.0,0
static10,20,200K,h2,9,204800,6.0,15,1,99.3501,99.331,0.3854,99.9089,16.4914,16.4943,0.0641,16.599,92.7197,92.756,0.2908,93.036,0.0,0,0.0,0.0,10.0131,10.016,0.0828,10.1407,10.0,10,0.0,10.0,28.5333,29,0.5164,29.0,0.0,0
static10,20,200K,h2,10,204800,6.0,15,1,99.2629,99.317,0.3677,99.6424,16.5059,16.4967,0.0613,16.6041,92.6215,92.699,0.2849,92.9999,0.0,0,0.0,0.0,9.9384,10.006,0.2781,10.135,10.0,10,0.0,10.0,27.9333,29,2.5486,29.0,0.0,0
static10,20,200K,h3,1,204800,22.0,15,1,163.7957,164.207,1.8329,165.952,10.0039,9.9777,0.113,10.1801,138.9307,139.617,1.5414,140.7086,0.0,0,0.0,0.0,24.9813,24.898,0.1428,25.1824,10.0,10,0.0,10.0,61.2667,61,0.4577,62.0,0.0,0
static10,20,200K,h3,2,204800,22.0,15,1,171.8402,171.942,4.9269,178.2759,9.5418,9.5288,0.2769,10.048,144.7086,144.994,4.0293,149.5256,0.0,0,0.0,0.0,25.0322,24.963,0.2116,25.3332,10.0,10,0.0,10.0,61.0667,61,0.2582,61.3,0.0,0
static10,20,200K,h3,3,204800,22.0,15,1,170.9108,170.933,4.2433,176.6332,9.5919,9.585,0.241,10.0153,143.7944,143.393,3.6592,148.1653,0.0,0,0.0,0.0,25.024,25.007,0.1056,25.1944,10.0,10,0.0,10.0,61.0667,61,0.2582,61.3,0.0,0
static10,20,200K,h3,4,204800,22.0,15,1,172.7741,173.04,4.063,178.1842,9.4879,9.4683,0.2274,9.8747,146.9655,148.424,3.3727,150.1945,0.0,0,0.0,0.0,25.0303,25.023,0.117,25.2147,10.0,10,0.0,10.0,61.0667,61,0.2582,61.3,0.0,0
static10,20,200K,h3,5,204800,22.0,15,1,172.1321,171.983,3.6064,176.4778,9.5222,9.5265,0.2017,9.8246,145.0587,144.493,3.7456,149.8031,0.0,0,0.0,0.0,24.9816,24.967,0.113,25.188,10.0,10,0.0,10.0,61.0,61,0.0,61.0,0.0,0
static10,20,200K,h3,6,204800,22.0,15,1,171.2788,170.436,3.7229,176.5758,9.5699,9.613,0.2063,9.8442,144.4772,143.83,3.1576,149.0288,0.0,0,0.0,0.0,24.9835,24.976,0.1099,25.1569,10.0,10,0.0,10.0,61.2667,61,0.4577,62.0,0.0,0
static10,20,200K,h3,7,204800,22.0,15,1,172.3141,171.883,3.884,176.9723,9.5128,9.5321,0.2185,9.8437,145.8821,146.621,2.7185,149.0375,0.0,0,0.0,0.0,25.0198,24.997,0.1161,25.18,10.0,10,0.0,10.0,61.0,61,0.0,61.0,0.0,0
static10,20,200K,h3,8,204800,22.0,15,1,171.1697,172.996,4.9261,176.159,9.5794,9.4707,0.2823,10.0431,145.1844,146.479,3.5569,149.5019,0.0,0,0.0,0.0,25.0437,25.041,0.0947,25.1806,10.0,10,0.0,10.0,61.1333,61,0.3519,62.0,0.0,0
static10,20,200K,h3,9,204800,22.0,15,1,171.9179,171.91,1.7621,174.2659,9.5311,9.5306,0.0976,9.6902,144.8759,145.202,1.785,147.3034,0.0,0,0.0,0.0,25.1797,24.996,0.6912,25.9351,10.0,10,0.0,10.0,61.2667,61,0.4577,62.0,0.0,0
static10,20,200K,h3,10,204800,22.0,15,1,171.5207,171.891,4.2647,177.1126,9.5578,9.5316,0.2406,9.9719,144.1959,145.456,2.9443,147.1366,0.0,0,0.0,0.0,25.0383,25.014,0.0854,25.1744,10.0,10,0.0,10.0,61.2,61,0.414,62.0,0.0,0
static10,20,200K,h4,1,204800,52.0,15,1,326.5079,327.091,3.4766,330.5851,5.0185,5.009,0.0539,5.1009,268.0036,267.724,3.0773,272.6025,0.0,0,0.0,0.0,54.8047,54.707,0.1747,55.0478,10.0,10,0.0,10.0,126.7333,127,0.5936,127.0,0.0,0
static10,20,200K,h4,2,204800,52.0,15,1,364.4152,353.913,31.5947,439.863,4.5233,4.6294,0.3382,4.7842,298.9083,288.138,31.411,373.3811,0.0,0,0.0,0.0,55.0437,55.075,0.3276,55.425,10.0,10,0.0,10.0,115.9333,126,33.9568,134.8,0.0,0
static10,20,200K,h4,3,204800,52.0,15,1,354.2669,352.202,24.3113,384.9622,4.642,4.6519,0.2702,4.8622,288.7266,282.796,25.6348,320.7177,0.0,0,0.0,0.0,55.2791,55.145,0.6669,56.1613,10.0,10,0.0,10.0,122.2667,127,25.3447,134.8,0.0,0
static10,20,200K,h4,4,204800,52.0,15,1,357.1897,345.527,32.1362,433.8701,4.6168,4.7417,0.3566,4.8628,292.2891,280.879,34.6739,374.5776,0.0,0,0.0,0.0,55.19,55.081,0.5243,55.9005,10.0,10,0.0,10.0,114.0,126,32.4852,127.0,0.0,0
static10,20,200K,h4,5,204800,52.0,15,1,356.6281,348.072,29.4526,426.8133,4.6197,4.7071,0.3321,4.9144,291.9737,283.63,30.3237,364.1338,0.0,0,0.0,0.0,55.1901,55.079,0.3532,55.6757,10.0,10,0.0,10.0,115.6667,126,33.8688,134.8,0.0,0
static10,20,200K,h4,6,204800,52.0,15,1,361.6061,350.47,35.1456,446.5789,4.5649,4.6749,0.375,4.8424,298.0518,285.89,36.1441,385.7899,0.0,0,0.0,0.0,55.1696,55.042,0.3749,55.8897,10.0,10,0.0,10.0,114.2667,127,32.5916,127.0,0.0,0
static10,20,200K,h4,7,204800,52.0,15,1,367.9541,350.515,41.8712,435.8389,4.5023,4.6743,0.4675,4.9841,306.5183,288.727,41.8113,375.7835,0.0,0,0.0,0.0,55.1268,55.022,0.5512,56.1209,10.0,10,0.0,10.0,101.8667,126,42.3638,127.0,0.0,0
static10,20,200K,h4,8,204800,52.0,15,1,359.1703,353.932,29.7159,428.6835,4.5873,4.6291,0.3336,4.8921,296.2049,290.044,30.9846,369.9632,0.0,0,0.0,0.0,55.0584,55.062,0.4423,55.6483,10.0,10,0.0,10.0,113.9333,126,32.4554,127.0,0.0,0
static10,20,200K,h4,9,204800,52.0,15,1,349.5235,347.785,7.584,359.7381,4.6896,4.711,0.1014,4.8254,283.0383,282.181,7.6885,295.8172,0.0,0,0.0,0.0,54.9812,54.989,0.3356,55.47,10.0,10,0.0,10.0,126.5333,127,0.5164,127.0,0.0,0
static10,20,200K,h4,10,204800,52.0,15,1,351.9785,347.805,25.6828,382.9431,4.674,4.7107,0.2826,4.892,286.7633,281.09,23.8797,314.1083,0.0,0,0.0,0.0,55.1251,54.944,0.4072,56.013,10.0,10,0.0,10.0,120.4,127,23.907,127.0,0.0,0
statichigh,20,200K,h2,1,204800,6.0,15,1,98.4597,98.362,0.49,99.4186,16.6407,16.6568,0.0821,16.7218,91.8567,91.777,0.4407,92.7114,0.0,0,0.0,0.0,9.9804,10.007,0.0886,10.0915,24.0,24,0.0,24.0,33.3333,33,0.488,34.0,0.0,0
statichigh,20,200K,h2,2,204800,6.0,15,1,98.3989,98.331,0.3864,99.1816,16.6508,16.6621,0.065,16.7206,91.8219,91.7,0.4268,92.7525,0.0,0,0.0,0.0,9.9604,9.956,0.1109,10.0903,24.0,24,0.0,24.0,33.4667,34,0.6399,34.0,0.0,0
statichigh,20,200K,h2,3,204800,6.0,15,1,98.1763,98.184,0.2239,98.5022,16.6884,16.687,0.0381,16.7485,91.7069,91.673,0.1619,91.9753,0.0,0,0.0,0.0,9.9211,9.96,0.1278,10.0219,24.0,24,0.0,24.0,33.4667,33,0.5164,34.0,0.0,0
statichigh,20,200K,h2,4,204800,6.0,15,1,98.4259,98.358,0.3614,99.027,16.6462,16.6575,0.0608,16.7088,91.7915,91.695,0.3597,92.2809,0.0,0,0.0,0.0,10.0074,10.051,0.0948,10.1049,24.0,24,0.0,24.0,33.4667,33,0.5164,34.0,0.0,0
statichigh,20,200K,h2,5,204800,6.0,15,1,98.3079,98.255,0.2587,98.6986,16.6661,16.675,0.0437,16.7055,91.7597,91.766,0.2099,92.0214,0.0,0,0.0,0.0,9.9896,10.007,0.1097,10.1208,24.0,24,0.0,24.0,33.4,33,0.5071,34.0,0.0,0
statichigh,20,200K,h2,6,204800,6.0,15,1,98.3309,98.309,0.265,98.6965,16.6622,16.6658,0.0448,16.721,91.6998,91.672,0.1831,92.007,0.0,0,0.0,0.0,9.9842,10.031,0.1247,10.102,24.0,24,0.0,24.0,33.3333,33,0.488,34.0,0.0,0
statichigh,20,200K,h2,7,204800,6.0,15,1,98.34,98.247,0.3056,98.7515,16.6607,16.6763,0.0515,16.7136,91.7439,91.663,0.3601,92.2549,0.0,0,0.0,0.0,9.955,10.001,0.1414,10.1001,24.0,24,0.0,24.0,33.3333,33,0.6172,34.0,0.0,0
statichigh,20,200K,h2,8,204800,6.0,15,1,98.3899,98.399,0.3477,98.8177,16.6523,16.6506,0.0586,16.7185,91.8075,91.77,0.256,92.1469,0.0,0,0.0,0.0,10.0028,10.04,0.1319,10.1381,24.0,24,0.0,24.0,33.2,33,0.414,34.0,0.0,0
statichigh,20,200K,h2,9,204800,6.0,15,1,98.6746,98.471,0.9849,99.943,16.6056,16.6384,0.1609,16.7065,92.0329,91.733,1.0253,93.3982,0.0,0,0.0,0.0,9.9537,9.949,0.0975,10.0909,24.0,24,0.0,24.0,33.2667,33,0.4577,34.0,0.0,0
statichigh,20,200K,h2,10,204800,6.0,15,1,98.3528,98.329,0.3603,98.9249,16.6586,16.6624,0.061,16.7323,91.743,91.653,0.2674,92.2309,0.0,0,0.0,0.0,10.015,10.023,0.1307,10.1922,24.0,24,0.0,24.0,33.4667,33,0.5164,34.0,0.0,0
statichigh,20,200K,h3,1,204800,22.0,15,1,148.1677,148.849,2.1073,150.4786,11.0599,11.0071,0.159,11.3544,120.7127,121.08,1.3821,122.1362,0.0,0,0.0,0.0,25.2253,25.2,0.0896,25.366,24.0,24,0.0,24.0,49.6667,47,7.4706,67.6,0.0,0
statichigh,20,200K,h3,2,204800,22.0,15,1,146.4472,145.666,2.1468,149.8787,11.1899,11.2476,0.1634,11.4179,119.1879,119.673,2.1999,121.574,0.0,0,0.0,0.0,25.1989,25.228,0.0831,25.3083,24.0,24,0.0,24.0,47.0,47,0.0,47.0,0.0,0
statichigh,20,200K,h3,3,204800,22.0,15,1,143.3131,143.866,0.9596,144.2514,11.4328,11.3884,0.0768,11.5524,118.1033,118.457,0.7005,118.6136,0.0,0,0.0,0.0,25.0745,25.072,0.0537,25.1393,24.0,24,0.0,24.0,47.0,47,0.0,47.0,0.0,0
statichigh,20,200K,h3,4,204800,22.0,15,1,146.7706,146.123,2.263,149.9791,11.1655,11.2125,0.1718,11.4036,119.4044,120.313,1.7407,121.2685,0.0,0,0.0,0.0,25.1643,25.172,0.0812,25.2766,24.0,24,0.0,24.0,46.8667,47,0.5164,47.0,0.0,0
statichigh,20,200K,h3,5,204800,22.0,15,1,146.7839,146.861,1.9639,149.3919,11.1639,11.1561,0.1506,11.3939,119.9397,119.993,1.3613,121.3776,0.0,0,0.0,0.0,25.1935,25.184,0.0473,25.2688,24.0,24,0.0,24.0,47.0,47,0.0,47.0,0.0,0
statichigh,20,200K,h3,6,204800,22.0,15,1,147.0956,147.044,2.392,149.9883,11.1411,11.1422,0.1831,11.4263,120.3845,120.945,1.6539,122.1289,0.0,0,0.0,0.0,25.1805,25.188,0.0925,25.2946,24.0,24,0.0,24.0,46.8667,47,0.5164,47.0,0.0,0
statichigh,20,200K,h3,7,204800,22.0,15,1,146.4885,147.086,2.3726,149.2311,11.1873,11.1391,0.1826,11.4459,119.8872,120.832,1.8169,121.2417,0.0,0,0.0,0.0,25.2184,25.233,0.0602,25.3025,24.0,24,0.0,24.0,46.8667,47,0.5164,47.0,0.0,0
statichigh,20,200K,h3,8,204800,22.0,15,1,146.0596,146.069,2.0496,148.9898,11.2194,11.2166,0.1579,11.4421,119.2699,119.53,1.9935,121.3658,0.0,0,0.0,0.0,25.1915,25.186,0.0915,25.304,24.0,24,0.0,24.0,47.0,47,0.0,47.0,0.0,0
statichigh,20,200K,h3,9,204800,22.0,15,1,146.7527,146.492,2.9689,150.2975,11.1687,11.1842,0.2283,11.552,119.5847,120.947,2.1857,121.896,0.0,0,0.0,0.0,25.2089,25.173,0.2149,25.4811,24.0,24,0.0,24.0,48.4,47,5.9976,53.9,0.0,0
statichigh,20,200K,h3,10,204800,22.0,15,1,147.7157,147.602,2.1103,150.0858,11.0937,11.1001,0.1606,11.3588,119.8655,120.533,1.6366,121.3394,0.0,0,0.0,0.0,25.3123,25.26,0.2178,25.7793,24.0,24,0.0,24.0,50.0,47,7.9192,69.3,0.0,0
statichigh,20,200K,h4,1,204800,52.0,15,1,279.6407,280.875,8.5609,292.6567,5.8641,5.8332,0.1804,6.1428,215.5474,216.641,6.5365,223.1806,0.0,0,0.0,0.0,55.8353,55.864,0.2211,55.9894,24.0,24,0.0,24.0,139.0,142,11.6803,143.0,0.0,0
statichigh,20,200K,h4,2,204800,52.0,15,1,278.7571,281.545,7.3314,287.8851,5.8813,5.8193,0.1559,6.1111,214.7925,214.81,5.9311,224.2992,0.0,0,0.0,0.0,55.8965,55.885,0.1055,56.1097,24.0,24,0.0,24.0,141.9333,142,1.4864,143.0,0.0,0
statichigh,20,200K,h4,3,204800,52.0,15,1,269.8413,269.895,3.2026,274.2934,6.0725,6.0705,0.0722,6.188,209.8025,210.125,2.88,213.2123,0.0,0,0.0,0.0,55.7337,55.728,0.0374,55.7746,24.0,24,0.0,24.0,142.2,142,0.5606,143.0,0.0,0
statichigh,20,200K,h4,4,204800,52.0,15,1,280.0324,280.495,6.4053,289.515,5.8536,5.8411,0.1344,6.063,215.3042,214.549,6.3546,224.3502,0.0,0,0.0,0.0,55.8689,55.855,0.0518,55.9484,24.0,24,0.0,24.0,142.4,142,0.5071,143.0,0.0,0
statichigh,20,200K,h4,5,204800,52.0,15,1,279.6463,279.054,7.161,290.9588,5.8624,5.8713,0.149,6.0556,215.5305,215.603,4.294,220.7706,0.0,0,0.0,0.0,55.9061,55.906,0.0616,55.9845,24.0,24,0.0,24.0,141.7333,142,1.5796,143.0,0.0,0
statichigh,20,200K,h4,6,204800,52.0,15,1,282.7801,283.049,8.3294,292.5178,5.7986,5.7884,0.1728,6.1136,216.5713,218.51,6.3328,224.9029,0.0,0,0.0,0.0,55.8955,55.905,0.0466,55.9531,24.0,24,0.0,24.0,142.3333,142,0.6172,143.0,0.0,0
statichigh,20,200K,h4,7,204800,52.0,15,1,281.1675,281.131,7.5278,290.9098,5.831,5.8279,0.1568,6.0519,215.0003,217.215,6.0837,223.1034,0.0,0,0.0,0.0,55.9217,55.901,0.0927,56.1329,24.0,24,0.0,24.0,141.5333,142,1.7265,143.0,0.0,0
statichigh,20,200K,h4,8,204800,52.0,15,1,278.7613,280.566,8.1181,289.6444,5.8821,5.8396,0.1723,6.1399,215.8469,216.3,6.0931,223.9307,0.0,0,0.0,0.0,55.928,55.903,0.0959,56.1394,24.0,24,0.0,24.0,141.4667,142,1.302,142.3,0.0,0
statichigh,20,200K,h4,9,204800,52.0,15,1,279.7999,279.195,6.0789,290.5187,5.8582,5.8683,0.1266,6.0522,216.4801,217.513,4.9739,222.6594,0.0,0,0.0,0.0,55.9113,55.916,0.0914,56.0305,24.0,24,0.0,24.0,141.8,142,1.3202,143.0,0.0,0
statichigh,20,200K,h4,10,204800,52.0,15,1,277.272,277.651,5.8803,287.0017,5.9115,5.9009,0.1256,6.108,213.7281,213.232,4.8537,221.3639,0.0,0,0.0,0.0,55.891,55.9,0.0324,55.9278,24.0,24,0.0,24.0,142.0667,142,0.4577,143.0,0.0,0
ewma,20,30K,h2,1,30720,6.0,15,1,25.7563,25.812,0.3024,26.1242,9.543,9.5212,0.1116,9.6953,19.1593,19.132,0.2111,19.4373,0.0,0,0.0,0.0,10.9125,11.094,0.6344,11.1873,21.2,22,3.0984,22.0,30.2,30,1.0142,31.0,0.0,0
ewma,20,30K,h2,2,30720,6.0,15,1,25.8063,25.764,0.3026,26.3298,9.5245,9.5389,0.1105,9.6393,19.248,19.197,0.3098,19.7299,0.0,0,0.0,0.0,10.9703,11.134,0.6083,11.192,21.2,22,3.0984,22.0,30.1333,30,0.9904,31.0,0.0,0
ewma,20,30K,h2,3,30720,6.0,15,1,25.9102,25.769,0.4279,26.7055,9.4874,9.537,0.1535,9.6197,19.3084,19.199,0.4401,20.1267,0.0,0,0.0,0.0,10.8889,11.049,0.6405,11.2041,21.2,22,3.0984,22.0,30.2667,30,0.7988,31.0,0.0,0
ewma,20,30K,h2,4,30720,6.0,15,1,25.8904,25.759,0.4247,26.7917,9.4947,9.5407,0.153,9.6403,19.3412,19.211,0.3356,20.0419,0.0,0,0.0,0.0,10.9083,11.117,0.6997,11.1968,21.2,22,3.0984,22.0,30.0667,30,0.9612,31.0,0.0,0
ewma,20,30K,h2,5,30720,6.0,15,1,25.8029,25.759,0.3367,26.477,9.526,9.5407,0.1229,9.6694,19.1867,19.185,0.2093,19.5502,0.0,0,0.0,0.0,10.8951,11.093,0.6918,11.1513,21.2,22,3.0984,22.0,30.0667,30,0.9612,31.0,0.0,0
ewma,20,30K,h2,6,30720,6.0,15,1,25.7847,25.774,0.3316,26.2861,9.5327,9.5352,0.1208,9.6963,19.1662,19.213,0.2815,19.5334,0.0,0,0.0,0.0,10.9215,11.112,0.6962,11.239,21.2,22,3.0984,22.0,30.2667,30,1.0328,31.0,0.0,0
ewma,20,30K,h2,7,30720,6.0,15,1,25.7457,25.757,0.1974,26.0484,9.5462,9.5415,0.0731,9.6454,19.0953,19.05,0.1786,19.3304,0.0,0,0.0,0.0,11.0872,11.124,0.7804,12.18,21.2,22,3.0984,22.0,30.2,30,1.0142,31.0,0.0,0
ewma,20,30K,h2,8,30720,6.0,15,1,25.8236,25.755,0.2884,26.2274,9.518,9.5422,0.1039,9.6316,19.1696,19.13,0.263,19.4976,0.0,0,0.0,0.0,10.8796,11.075,0.6891,11.1587,21.2,22,3.0984,22.0,30.4667,31,1.0601,31.0,0.0,0
ewma,20,30K,h2,9,30720,6.0,15,1,26.0532,25.949,0.4403,26.8239,9.4354,9.4709,0.1546,9.5876,19.4238,19.28,0.3317,19.9695,0.0,0,0.0,0.0,10.8995,11.08,0.6443,11.1973,21.2,22,3.0984,22.0,30.2,30,1.0142,31.0,0.0,0
ewma,20,30K,h2,10,30720,6.0,15,1,25.861,25.797,0.4104,26.4093,9.5053,9.5267,0.1467,9.6683,19.2275,19.132,0.3284,19.7873,0.0,0,0.0,0.0,10.9427,11.101,0.6328,11.1681,21.2,22,3.0984,22.0,30.2667,30,1.0328,31.0,0.0,0
ewma,20,30K,h3,1,30720,22.0,15,1,67.6766,66.791,6.0691,74.936,3.6537,3.6795,0.268,3.9011,40.6339,39.908,7.1786,48.1674,0.0,0,0.0,0.0,25.2325,25.2,0.1566,25.4883,21.2,22,3.0984,22.0,42.3333,43,2.582,43.0,0.0,0
ewma,20,30K,h3,2,30720,22.0,15,1,68.7573,68.363,7.2607,77.2238,3.6041,3.5949,0.3055,3.9054,40.9349,40.015,6.9558,48.0074,0.0,0,0.0,0.0,25.3258,25.272,0.2758,25.8769,21.2,22,3.0984,22.0,42.2667,43,2.5765,43.0,0.0,0
ewma,20,30K,h3,3,30720,22.0,15,1,67.1441,65.507,6.5357,75.7952,3.6883,3.7517,0.3131,4.0301,39.9107,39.595,5.8219,46.3891,0.0,0,0.0,0.0,25.245,25.228,0.2522,25.5814,21.2,22,3.0984,22.0,42.4667,43,2.669,43.6,0.0,0
ewma,20,30K,h3,4,30720,22.0,15,1,67.439,67.442,6.5432,75.3131,3.6712,3.644,0.3018,4.0112,41.0913,39.958,5.6561,46.7606,0.0,0,0.0,0.0,25.2044,25.221,0.1782,25.4088,21.2,22,3.0984,22.0,42.4667,43,2.669,43.6,0.0,0
ewma,20,30K,h3,5,30720,22.0,15,1,65.9579,65.831,4.7007,71.8562,3.7427,3.7332,0.2523,4.089,40.0599,39.966,4.5129,44.9835,0.0,0,0.0,0.0,25.1129,25.212,0.2603,25.441,21.2,22,3.0984,22.0,42.3333,43,2.582,43.0,0.0,0
ewma,20,30K,h3,6,30720,22.0,15,1,67.9485,67.532,6.9669,76.2754,3.6452,3.6392,0.2986,3.8995,40.589,39.784,6.9881,47.8333,0.0,0,0.0,0.0,25.244,25.243,0.2288,25.5234,21.2,22,3.0984,22.0,42.3333,43,2.582,43.0,0.0,0
ewma,20,30K,h3,7,30720,22.0,15,1,67.3998,65.904,7.558,76.6181,3.6795,3.7291,0.3196,3.9548,40.1736,39.83,7.2434,47.9527,0.0,0,0.0,0.0,25.1828,25.19,0.2536,25.551,21.2,22,3.0984,22.0,42.4667,43,2.669,43.6,0.0,0
ewma,20,30K,h3,8,30720,22.0,15,1,67.2022,66.23,5.5544,73.5686,3.6766,3.7107,0.2556,3.9082,40.2267,39.917,5.0849,45.5861,0.0,0,0.0,0.0,25.2312,25.244,0.1448,25.408,21.2,22,3.0984,22.0,42.3333,43,2.582,43.0,0.0,0
ewma,20,30K,h3,9,30720,22.0,15,1,68.6627,67.637,6.3443,75.8184,3.6018,3.6335,0.2628,3.8251,40.5468,39.707,6.0293,46.9178,0.0,0,0.0,0.0,25.2937,25.339,0.0945,25.3966,21.2,22,3.0984,22.0,42.3333,43,2.582,43.0,0.0,0
ewma,20,30K,h3,10,30720,22.0,15,1,66.5439,65.3,6.1885,74.294,3.7175,3.7636,0.2818,3.9712,40.1993,40.005,5.6734,46.3004,0.0,0,0.0,0.0,25.1475,25.147,0.1281,25.3215,21.2,22,3.0984,22.0,42.3333,43,2.582,43.0,0.0,0
ewma,20,30K,h4,1,30720,52.0,15,1,139.2343,133.855,16.2071,161.5628,1.7826,1.836,0.1627,1.9259,76.3491,72.963,16.1105,92.9206,0.0,0,0.0,0.0,58.0323,57.646,2.4648,61.6635,21.2,22,3.0984,22.0,44.2,45,3.0984,45.0,0.0,0
ewma,20,30K,h4,2,30720,52.0,15,1,139.8169,136.452,12.8224,155.885,1.769,1.8011,0.1326,1.9071,75.411,71.563,13.3036,89.5221,0.0,0,0.0,0.0,57.5704,56.272,2.6856,62.5155,21.2,22,3.0984,22.0,44.2,45,3.0984,45.0,0.0,0
ewma,20,30K,h4,3,30720,52.0,15,1,139.2382,136.551,14.27,154.8957,1.7787,1.7998,0.1438,1.9099,74.9707,71.301,15.0407,91.4023,0.0,0,0.0,0.0,57.4529,56.096,2.5746,62.1878,21.2,22,3.0984,22.0,43.8667,45,4.3894,45.0,0.0,0
ewma,20,30K,h4,4,30720,52.0,15,1,139.2763,137.249,12.9105,156.5323,1.7763,1.7906,0.1362,1.8955,75.6028,74.355,14.8117,91.1535,0.0,0,0.0,0.0,57.5324,57.172,2.122,61.0318,21.2,22,3.0984,22.0,44.2,45,3.0984,45.0,0.0,0
ewma,20,30K,h4,5,30720,52.0,15,1,139.0481,135.562,15.1534,157.2378,1.7831,1.8129,0.1553,1.9314,74.1277,71.652,13.9502,89.6441,0.0,0,0.0,0.0,57.0044,55.939,2.1463,60.1412,21.2,22,3.0984,22.0,43.8667,45,4.3894,45.0,0.0,0
ewma,20,30K,h4,6,30720,52.0,15,1,138.2117,135.051,15.9975,159.9076,1.7949,1.8198,0.1559,1.8947,75.9331,73.372,15.1835,91.6843,0.0,0,0.0,0.0,58.3205,57.584,2.8045,62.953,21.2,22,3.0984,22.0,44.2,45,3.0984,45.0,0.0,0
ewma,20,30K,h4,7,30720,52.0,15,1,137.6163,131.603,19.5939,163.3844,1.81,1.8674,0.1831,1.9275,74.8756,71.132,18.7623,95.2522,0.0,0,0.0,0.0,57.7339,56.441,3.2736,62.8638,21.2,22,3.0984,22.0,44.2,45,3.0984,45.0,0.0,0
ewma,20,30K,h4,8,30720,52.0,15,1,137.9776,134.564,16.7213,159.6726,1.8005,1.8263,0.1732,2.0083,74.8619,71.274,14.7922,90.9075,0.0,0,0.0,0.0,58.6639,58.161,3.2626,64.2125,21.2,22,3.0984,22.0,44.2,45,3.0984,45.0,0.0,0
ewma,20,30K,h4,9,30720,52.0,15,1,139.8747,136.967,14.7002,158.4354,1.7713,1.7943,0.1473,1.9154,75.0514,71.671,16.3265,92.6264,0.0,0,0.0,0.0,56.6093,56.162,1.2396,59.032,21.2,22,3.0984,22.0,44.2,45,3.0984,45.0,0.0,0
ewma,20,30K,h4,10,30720,52.0,15,1,140.1587,137.998,15.2357,158.8848,1.7695,1.7809,0.1604,1.9433,74.8733,73.106,14.2428,90.1802,0.0,0,0.0,0.0,57.4347,56.923,1.9418,60.7639,21.2,22,3.0984,22.0,44.2,45,3.0984,45.0,0.0,0
lossaware,20,30K,h2,1,30720,6.0,15,1,25.9564,25.828,0.4019,26.8081,9.4703,9.5153,0.1434,9.5938,19.3154,19.175,0.3917,20.1626,0.0,0,0.0,0.0,10.8391,11.044,0.6937,11.1449,21.2,22,3.0984,22.0,30.1333,30,0.9904,31.0,0.0,0
lossaware,20,30K,h2,2,30720,6.0,15,1,25.901,25.892,0.2901,26.3362,9.4895,9.4917,0.1054,9.6402,19.239,19.207,0.2563,19.6309,0.0,0,0.0,0.0,10.9468,11.105,0.5914,11.2044,21.2,22,3.0984,22.0,29.9333,30,0.8837,31.0,0.0,0
lossaware,20,30K,h2,3,30720,6.0,15,1,25.7844,25.74,0.3377,26.2917,9.5328,9.5478,0.1224,9.655,19.1531,19.15,0.2441,19.4578,0.0,0,0.0,0.0,10.9045,11.125,0.701,11.1856,21.2,22,3.0984,22.0,30.2667,30,1.0328,31.0,0.0,0
lossaware,20,30K,h2,4,30720,6.0,15,1,25.7815,25.758,0.2997,26.1621,9.5336,9.5411,0.1082,9.6384,19.2197,19.193,0.2516,19.5584,0.0,0,0.0,0.0,10.9247,11.137,0.6693,11.1896,21.2,22,3.0984,22.0,30.2,30,1.0142,31.0,0.0,0
lossaware,20,30K,h2,5,30720,6.0,15,1,25.9759,25.811,0.4464,26.8849,9.4636,9.5215,0.1593,9.5992,19.3919,19.168,0.4609,20.2751,0.0,0,0.0,0.0,10.9235,11.139,0.6109,11.1752,21.2,22,3.0984,22.0,30.3333,31,1.0465,31.0,0.0,0
lossaware,20,30K,h2,6,30720,6.0,15,1,25.8827,25.778,0.3973,26.5737,9.4972,9.5337,0.1424,9.6473,19.2456,19.161,0.3851,19.9517,0.0,0,0.0,0.0,10.9258,11.064,0.6113,11.2166,21.2,22,3.0984,22.0,30.1333,30,0.9904,31.0,0.0,0
lossaware,20,30K,h2,7,30720,6.0,15,1,25.8709,25.832,0.349,26.3061,9.5011,9.5138,0.1289,9.7029,19.2957,19.222,0.2904,19.7653,0.0,0,0.0,0.0,10.9056,11.068,0.6402,11.264,21.2,22,3.0984,22.0,30.2,30,1.0823,31.3,0.0,0
lossaware,20,30K,h2,8,30720,6.0,15,1,25.6325,25.455,0.3829,26.2002,9.5898,9.6547,0.1416,9.7855,19.0922,19.04,0.3202,19.532,0.0,0,0.0,0.0,10.9237,11.085,0.6817,11.1643,21.2,22,3.0984,22.0,30.0667,30,0.9612,31.0,0.0,0
lossaware,20,30K,h2,9,30720,6.0,15,1,25.7097,25.721,0.2146,25.9934,9.5596,9.5548,0.0796,9.6679,19.1073,19.105,0.2025,19.3643,0.0,0,0.0,0.0,10.8965,11.116,0.7335,11.1917,21.2,22,3.0984,22.0,30.0667,30,0.9612,31.0,0.0,0
lossaware,20,30K,h2,10,30720,6.0,15,1,25.8557,25.8,0.3628,26.3897,9.5068,9.5256,0.1314,9.6652,19.2248,19.198,0.2658,19.6292,0.0,0,0.0,0.0,10.9373,11.14,0.7169,11.1971,21.2,22,3.0984,22.0,30.4,31,1.0556,31.0,0.0,0
lossaware,20,30K,h3,1,30720,22.0,15,1,67.0243,66.755,5.6926,73.582,3.6882,3.6815,0.2736,4.0526,40.2241,39.881,5.7519,46.4191,0.0,0,0.0,0.0,25.2189,25.244,0.1768,25.4531,21.2,22,3.0984,22.0,42.4667,43,2.669,43.6,0.0,0
lossaware,20,30K,h3,2,30720,22.0,15,1,67.2729,66.416,6.4422,74.7782,3.6781,3.7003,0.2807,3.9076,40.7139,39.883,7.0016,47.8752,0.0,0,0.0,0.0,25.2175,25.235,0.1931,25.4952,21.2,22,3.0984,22.0,42.3333,43,2.582,43.0,0.0,0
lossaware,20,30K,h3,3,30720,22.0,15,1,66.8813,65.156,6.28,75.3006,3.6997,3.7719,0.2888,3.9651,39.9685,39.627,6.1855,46.848,0.0,0,0.0,0.0,25.2086,25.183,0.1541,25.4277,21.2,22,3.0984,22.0,42.3333,43,2.582,43.0,0.0,0
lossaware,20,30K,h3,4,30720,22.0,15,1,67.9633,66.623,6.3628,75.0401,3.6395,3.6888,0.2699,3.8701,41.1053,40.097,7.1846,48.4584,0.0,0,0.0,0.0,25.2647,25.274,0.1366,25.4252,21.2,22,3.0984,22.0,42.3333,43,2.582,43.0,0.0,0
lossaware,20,30K,h3,5,30720,22.0,15,1,67.9493,66.975,5.7661,75.0434,3.6365,3.6694,0.2498,3.8239,41.2084,39.958,6.2831,47.4641,0.0,0,0.0,0.0,25.2539,25.255,0.1697,25.4204,21.2,22,3.0984,22.0,42.4667,43,2.669,43.6,0.0,0
lossaware,20,30K,h3,6,30720,22.0,15,1,68.0817,67.755,5.6063,74.5701,3.6292,3.6272,0.2539,3.9452,40.6216,39.825,4.8409,45.3805,0.0,0,0.0,0.0,25.2733,25.304,0.1404,25.4618,21.2,22,3.0984,22.0,42.3333,43,2.582,43.0,0.0,0
lossaware,20,30K,h3,7,30720,22.0,15,1,68.7171,67.091,7.7479,77.0152,3.6089,3.6631,0.3106,3.8619,40.7589,39.645,7.2675,48.3183,0.0,0,0.0,0.0,25.285,25.298,0.2064,25.5732,21.2,22,3.0984,22.0,42.4667,43,2.669,43.6,0.0,0
lossaware,20,30K,h3,8,30720,22.0,15,1,67.1761,66.223,6.8074,75.0814,3.6873,3.7111,0.3086,4.0295,39.7689,39.08,6.3696,46.7485,0.0,0,0.0,0.0,25.1773,25.106,0.1932,25.4552,21.2,22,3.0984,22.0,42.3333,43,2.582,43.0,0.0,0
lossaware,20,30K,h3,9,30720,22.0,15,1,67.3018,67.324,5.6475,74.365,3.6726,3.6504,0.2701,3.9808,39.8577,39.811,5.0966,45.289,0.0,0,0.0,0.0,25.1896,25.251,0.195,25.3828,21.2,22,3.0984,22.0,42.3333,43,2.582,43.0,0.0,0
lossaware,20,30K,h3,10,30720,22.0,15,1,67.6636,66.856,7.0587,76.306,3.6619,3.676,0.3085,3.9418,40.9905,40.082,6.859,47.9728,0.0,0,0.0,0.0,25.2467,25.268,0.1793,25.4597,21.2,22,3.0984,22.0,42.3333,43,2.582,43.0,0.0,0
lossaware,20,30K,h4,1,30720,52.0,15,1,140.4489,137.458,14.8894,158.9929,1.7642,1.7879,0.1457,1.8826,76.1405,72.822,14.3374,91.0142,0.0,0,0.0,0.0,58.1406,57.391,2.4468,61.4682,21.2,22,3.0984,22.0,44.2,45,3.0984,45.0,0.0,0
lossaware,20,30K,h4,2,30720,52.0,15,1,138.9005,135.949,16.2961,158.1,1.7869,1.8077,0.1626,1.9262,74.2811,70.747,15.3939,91.4458,0.0,0,0.0,0.0,57.0286,56.56,1.7862,59.9654,21.2,22,3.0984,22.0,44.2,45,3.0984,45.0,0.0,0
lossaware,20,30K,h4,3,30720,52.0,15,1,139.7441,135.422,15.5806,159.3365,1.7744,1.8148,0.1524,1.8902,74.8297,71.259,16.2247,92.32,0.0,0,0.0,0.0,57.6515,56.044,3.3246,64.368,21.2,22,3.0984,22.0,44.2,45,3.0984,45.0,0.0,0
lossaware,20,30K,h4,4,30720,52.0,15,1,138.1975,134.685,14.9899,155.1257,1.7936,1.8247,0.1524,1.9329,73.6617,70.083,15.1895,91.0372,0.0,0,0.0,0.0,58.1252,57.209,3.033,63.6657,21.2,22,3.0984,22.0,44.2,45,3.0984,45.0,0.0,0
lossaware,20,30K,h4,5,30720,52.0,15,1,138.2986,134.363,13.9163,157.4285,1.7904,1.8291,0.1428,1.9041,74.1334,71.16,15.0423,90.9795,0.0,0,0.0,0.0,57.8513,57.77,2.3173,61.4644,21.2,22,3.0984,22.0,44.2,45,3.0984,45.0,0.0,0
lossaware,20,30K,h4,6,30720,52.0,15,1,140.4195,138.406,15.8336,159.6193,1.7667,1.7756,0.1584,1.9418,75.5251,71.748,15.8511,92.2454,0.0,0,0.0,0.0,57.4239,56.621,2.0177,60.4387,21.2,22,3.0984,22.0,44.2,45,3.0984,45.0,0.0,0
lossaware,20,30K,h4,7,30720,52.0,15,1,137.3107,131.689,16.6927,159.838,1.8085,1.8662,0.1658,1.9242,75.0693,71.07,15.1895,91.4697,0.0,0,0.0,0.0,56.6867,56.511,1.2821,58.5891,21.2,22,3.0984,22.0,44.2,45,3.0984,45.0,0.0,0
lossaware,20,30K,h4,8,30720,52.0,15,1,138.1981,135.118,13.8807,155.919,1.7917,1.8189,0.1434,1.9237,75.3939,72.291,13.7834,90.0258,0.0,0,0.0,0.0,58.4209,58.441,2.3373,62.4322,21.2,22,3.0984,22.0,44.2,45,3.0984,45.0,0.0,0
lossaware,20,30K,h4,9,30720,52.0,15,1,135.7333,134.448,15.8052,156.6178,1.8291,1.8279,0.1723,2.0162,73.3672,70.661,13.4745,88.8502,0.0,0,0.0,0.0,56.9503,56.117,1.6229,59.9293,21.2,22,3.0984,22.0,44.2,45,3.0984,45.0,0.0,0
lossaware,20,30K,h4,10,30720,52.0,15,1,140.1021,137.035,19.2185,162.0168,1.7765,1.7934,0.1762,1.9172,75.0247,71.231,18.7082,95.2831,0.0,0,0.0,0.0,58.026,57.628,3.3287,62.6727,21.2,22,3.0984,22.0,44.2,45,3.0984,45.0,0.0,0
lossaware-disc,20,30K,h2,1,30720,6.0,15,1,25.7111,25.638,0.4409,26.5183,9.5611,9.5858,0.1606,9.7282,19.1723,19.131,0.3591,19.9634,0.0,0,0.0,0.0,10.821,11.016,0.6623,11.1345,21.2,22,3.0984,22.0,30.0667,30,0.9612,31.0,0.0,0
lossaware-disc,20,30K,h2,2,30720,6.0,15,1,25.9344,25.901,0.4551,26.8248,9.4789,9.4884,0.164,9.6869,19.3187,19.177,0.3441,20.0093,0.0,0,0.0,0.0,10.9337,11.105,0.6185,11.2683,21.2,22,3.0984,22.0,30.1333,30,1.0601,31.0,0.0,0
lossaware-disc,20,30K,h2,3,30720,6.0,15,1,25.8949,25.839,0.3722,26.5372,9.4925,9.5112,0.1354,9.6867,19.2835,19.192,0.3206,19.7642,0.0,0,0.0,0.0,10.9208,11.102,0.7117,11.1945,21.2,22,3.0984,22.0,30.3333,31,1.0465,31.0,0.0,0
lossaware-disc,20,30K,h2,4,30720,6.0,15,1,25.8979,25.73,0.5795,26.97,9.4939,9.5515,0.2065,9.6985,19.3525,19.203,0.5183,20.4377,0.0,0,0.0,0.0,10.8813,11.072,0.684,11.168,21.2,22,3.0984,22.0,30.2,30,1.0142,31.0,0.0,0
lossaware-disc,20,30K,h2,5,30720,6.0,15,1,25.9447,25.86,0.4184,26.6392,9.4747,9.5035,0.1518,9.661,19.3025,19.146,0.3878,20.0155,0.0,0,0.0,0.0,10.8435,11.018,0.6316,11.182,21.2,22,3.0984,22.0,30.0,30,0.9258,31.0,0.0,0
lossaware-disc,20,30K,h2,6,30720,6.0,15,1,25.8851,25.907,0.379,26.4437,9.4962,9.4862,0.1391,9.73,19.3508,19.223,0.4112,20.1084,0.0,0,0.0,0.0,10.876,11.071,0.6318,11.1756,21.2,22,3.0984,22.0,30.1333,30,0.9904,31.0,0.0,0
lossaware-disc,20,30K,h2,7,30720,6.0,15,1,25.9114,25.83,0.3383,26.6091,9.4861,9.5145,0.1218,9.6062,19.249,19.197,0.3298,19.9221,0.0,0,0.0,0.0,10.8933,11.056,0.6366,11.2045,21.2,22,3.0984,22.0,30.2667,30,1.0328,31.0,0.0,0
lossaware-disc,20,30K,h2,8,30720,6.0,15,1,25.8825,25.829,0.4169,26.7694,9.4975,9.5149,0.1496,9.6264,19.324,19.208,0.364,20.1684,0.0,0,0.0,0.0,10.8435,10.985,0.6381,11.1952,21.2,22,3.0984,22.0,30.1333,30,0.9904,31.0,0.0,0
lossaware-disc,20,30K,h2,9,30720,6.0,15,1,25.7706,25.605,0.5008,26.6244,9.5397,9.5981,0.181,9.7222,19.1327,19.068,0.4088,19.8442,0.0,0,0.0,0.0,10.8723,11.082,0.7474,11.1259,21.2,22,3.0984,22.0,29.9333,30,0.8837,31.0,0.0,0
lossaware-disc,20,30K,h2,10,30720,6.0,15,1,25.8843,25.783,0.4477,26.6278,9.4971,9.5319,0.1593,9.6636,19.2342,19.125,0.43,20.0693,0.0,0,0.0,0.0,10.8907,11.053,0.5861,11.1712,21.2,22,3.0984,22.0,30.0,30,0.9258,31.0,0.0,0
lossaware-disc,20,30K,h3,1,30720,22.0,15,1,66.8208,65.726,5.8401,73.889,3.7009,3.7392,0.2845,4.0544,40.2432,39.876,5.6614,46.1149,0.0,0,0.0,0.0,25.1575,25.203,0.2097,25.4168,21.2,22,3.0984,22.0,42.3333,43,2.582,43.0,0.0,0
lossaware-disc,20,30K,h3,2,30720,22.0,15,1,67.7173,67.368,5.4428,73.8156,3.6475,3.648,0.245,3.912,41.0682,40.062,5.5729,46.5903,0.0,0,0.0,0.0,25.2389,25.25,0.1548,25.4124,21.2,22,3.0984,22.0,42.3333,43,2.582,43.0,0.0,0
lossaware-disc,20,30K,h3,3,30720,22.0,15,1,68.3931,67.648,6.6223,76.3022,3.6188,3.6329,0.2838,3.9137,40.8405,40.014,5.8658,46.8438,0.0,0,0.0,0.0,25.3082,25.358,0.1211,25.4277,21.2,22,3.0984,22.0,42.8667,43,2.8752,45.0,0.0,0
lossaware-disc,20,30K,h3,4,30720,22.0,15,1,68.5529,67.877,7.4922,76.1609,3.6159,3.6207,0.3054,3.9322,41.1505,40.046,7.244,48.3893,0.0,0,0.0,0.0,25.3053,25.241,0.2291,25.6273,21.2,22,3.0984,22.0,42.3333,43,2.582,43.0,0.0,0
lossaware-disc,20,30K,h3,5,30720,22.0,15,1,67.7266,65.674,7.5758,76.4214,3.6615,3.7421,0.3163,3.8857,40.7109,39.873,7.1017,47.9437,0.0,0,0.0,0.0,25.2881,25.227,0.2378,25.6041,21.2,22,3.0984,22.0,42.3333,43,2.582,43.0,0.0,0
lossaware-disc,20,30K,h3,6,30720,22.0,15,1,67.7963,65.875,8.4488,77.2241,3.665,3.7307,0.3474,3.9799,40.5802,40.012,7.4306,48.2989,0.0,0,0.0,0.0,25.2777,25.254,0.2628,25.6352,21.2,22,3.0984,22.0,42.4667,43,2.669,43.6,0.0,0
lossaware-disc,20,30K,h3,7,30720,22.0,15,1,67.6559,66.871,6.9291,75.9033,3.6615,3.6751,0.3063,3.9799,40.2707,39.933,6.4284,46.9324,0.0,0,0.0,0.0,25.2475,25.188,0.3129,25.7105,21.2,22,3.0984,22.0,42.4667,43,2.669,43.6,0.0,0
lossaware-disc,20,30K,h3,8,30720,22.0,15,1,67.9111,67.668,7.6023,76.8168,3.6535,3.6318,0.3359,4.0113,41.0311,40.132,6.3033,47.5147,0.0,0,0.0,0.0,25.2519,25.374,0.2155,25.497,21.2,22,3.0984,22.0,42.3333,43,2.582,43.0,0.0,0
lossaware-disc,20,30K,h3,9,30720,22.0,15,1,67.6384,66.112,6.7988,75.3103,3.66,3.7173,0.2837,3.8511,40.632,39.662,7.2723,47.9841,0.0,0,0.0,0.0,25.2718,25.241,0.1744,25.5619,21.2,22,3.0984,22.0,42.3333,43,2.582,43.0,0.0,0
lossaware-disc,20,30K,h3,10,30720,22.0,15,1,67.5714,66.588,6.7084,77.048,3.6639,3.6908,0.2913,3.9153,41.0029,39.91,5.5316,48.3197,0.0,0,0.0,0.0,25.3347,25.25,0.5088,25.8762,21.2,22,3.0984,22.0,42.4667,43,2.669,43.6,0.0,0
lossaware-disc,20,30K,h4,1,30720,52.0,15,1,140.9684,137.73,16.1716,161.2764,1.76,1.7844,0.1564,1.8946,75.5447,73.064,16.7738,93.202,0.0,0,0.0,0.0,57.9079,56.753,3.3084,64.5104,21.2,22,3.0984,22.0,44.2,45,3.0984,45.0,0.0,0
lossaware-disc,20,30K,h4,2,30720,52.0,15,1,139.2526,136.051,17.4095,160.7206,1.7841,1.8064,0.1667,1.929,75.7861,71.2,19.1128,96.0102,0.0,0,0.0,0.0,57.8532,57.014,2.9363,62.6681,21.2,22,3.0984,22.0,44.2,45,3.0984,45.0,0.0,0
lossaware-disc,20,30K,h4,3,30720,52.0,15,1,138.9639,135.296,18.2852,161.331,1.7899,1.8165,0.1764,1.9315,74.5516,68.952,18.1356,94.4263,0.0,0,0.0,0.0,57.1937,56.675,2.061,60.3952,21.2,22,3.0984,22.0,44.2,45,3.0984,45.0,0.0,0
lossaware-disc,20,30K,h4,4,30720,52.0,15,1,142.0663,139.497,15.752,160.164,1.7454,1.7618,0.1517,1.912,76.3344,72.947,16.4587,93.2398,0.0,0,0.0,0.0,57.5913,56.322,2.6547,62.712,21.2,22,3.0984,22.0,44.2,45,3.0984,45.0,0.0,0
lossaware-disc,20,30K,h4,5,30720,52.0,15,1,139.0904,134.616,19.4021,163.1805,1.7898,1.8256,0.1769,1.9007,75.981,70.625,17.6556,94.4989,0.0,0,0.0,0.0,56.7225,55.995,1.6643,60.0269,21.2,22,3.0984,22.0,44.2,45,3.0984,45.0,0.0,0
lossaware-disc,20,30K,h4,6,30720,52.0,15,1,138.8251,135.546,14.9873,155.958,1.7852,1.8131,0.1484,1.9025,74.4545,71.046,15.0407,90.7704,0.0,0,0.0,0.0,57.7194,57.119,2.3,61.8494,21.2,22,3.0984,22.0,44.2,45,3.0984,45.0,0.0,0
lossaware-disc,20,30K,h4,7,30720,52.0,15,1,139.5359,138.053,17.6618,160.442,1.7819,1.7802,0.1772,1.9722,75.1304,74.238,16.7152,92.7226,0.0,0,0.0,0.0,58.1437,57.109,2.8723,62.6758,21.2,22,3.0984,22.0,44.2,45,3.0984,45.0,0.0,0
lossaware-disc,20,30K,h4,8,30720,52.0,15,1,139.2751,137.889,16.4269,158.5667,1.7822,1.7823,0.1618,1.9442,75.7985,72.44,15.023,91.4903,0.0,0,0.0,0.0,56.9844,56.909,1.2849,58.7746,21.2,22,3.0984,22.0,44.2,45,3.0984,45.0,0.0,0
lossaware-disc,20,30K,h4,9,30720,52.0,15,1,140.0727,137.88,16.3752,160.0757,1.7722,1.7824,0.1639,1.9289,76.4535,74.136,16.1825,92.872,0.0,0,0.0,0.0,57.8812,57.447,2.2658,62.1109,21.2,22,3.0984,22.0,44.2,45,3.0984,45.0,0.0,0
lossaware-disc,20,30K,h4,10,30720,52.0,15,1,138.3078,134.407,16.5706,157.1147,1.7944,1.8285,0.157,1.8864,74.7048,70.788,17.1619,93.3245,0.0,0,0.0,0.0,57.8174,57.392,2.1663,61.5775,21.2,22,3.0984,22.0,44.2,45,3.0984,45.0,0.0,0
metrics,20,30K,h2,1,30720,6.0,15,1,26.3211,26.404,0.3078,26.653,9.3382,9.3077,0.1098,9.4988,19.8165,19.861,0.2322,20.0589,0.0,0,0.0,0.0,8.5213,8.528,0.122,8.6962,10.0,10,0.0,10.0,27.0,27,0.0,27.0,0.0,0
metrics,20,30K,h2,2,30720,6.0,15,1,26.5333,26.408,0.4518,27.5055,9.2648,9.3063,0.154,9.3959,19.9313,19.753,0.4238,20.8576,0.0,0,0.0,0.0,8.5544,8.668,0.2278,8.7855,10.0,10,0.0,10.0,25.0,27,3.7607,28.0,0.0,0
metrics,20,30K,h2,3,30720,6.0,15,1,26.4993,26.444,0.2992,27.0353,9.2753,9.2936,0.1041,9.3884,19.8732,19.763,0.3046,20.4617,0.0,0,0.0,0.0,8.4626,8.46,0.1257,8.6217,10.0,10,0.0,10.0,27.2,27,0.414,28.0,0.0,0
metrics,20,30K,h2,4,30720,6.0,15,1,26.4999,26.396,0.4134,27.1279,9.2761,9.3105,0.1418,9.4221,19.9088,19.876,0.2881,20.3674,0.0,0,0.0,0.0,8.5418,8.566,0.1931,8.7807,10.0,10,0.0,10.0,27.2667,27,0.4577,28.0,0.0,0
metrics,20,30K,h2,5,30720,6.0,15,1,26.4014,26.501,0.2331,26.6473,9.3093,9.2736,0.0825,9.4337,19.829,19.908,0.2116,20.0886,0.0,0,0.0,0.0,8.5295,8.428,0.1958,8.8134,10.0,10,0.0,10.0,27.2667,27,0.4577,28.0,0.0,0
metrics,20,30K,h2,6,30720,6.0,15,1,26.6555,26.617,0.2317,27.0386,9.2205,9.2332,0.0797,9.3072,19.9354,19.83,0.2387,20.3137,0.0,0,0.0,0.0,8.6156,8.627,0.1774,8.809,10.0,10,0.0,10.0,27.0667,27,0.2582,27.3,0.0,0
metrics,20,30K,h2,7,30720,6.0,15,1,26.6241,26.529,0.3916,27.1936,9.2326,9.2638,0.1352,9.3996,19.9525,19.962,0.3076,20.3615,0.0,0,0.0,0.0,8.6235,8.636,0.1465,8.8213,10.0,10,0.0,10.0,26.6667,27,2.1602,28.0,0.0,0
metrics,20,30K,h2,8,30720,6.0,15,1,26.3697,26.323,0.3041,26.9162,9.3209,9.3363,0.1068,9.4553,19.8018,19.728,0.2485,20.2237,0.0,0,0.0,0.0,8.5019,8.463,0.1625,8.8146,10.0,10,0.0,10.0,26.8,27,2.2104,28.0,0.0,0
metrics,20,30K,h2,9,30720,6.0,15,1,26.6089,26.661,0.3211,27.0106,9.2373,9.218,0.1112,9.3928,20.0454,20.017,0.2421,20.356,0.0,0,0.0,0.0,8.5714,8.609,0.1689,8.7636,10.0,10,0.0,10.0,26.6,27,2.1314,28.0,0.0,0
metrics,20,30K,h2,10,30720,6.0,15,1,26.379,26.285,0.3023,26.8149,9.3176,9.3498,0.1067,9.4731,19.8415,19.794,0.2528,20.2911,0.0,0,0.0,0.0,8.4571,8.465,0.1931,8.7512,10.0,10,0.0,10.0,26.4667,27,2.0656,27.0,0.0,0
metrics,20,30K,h3,1,30720,22.0,15,1,81.4171,81.706,2.1787,84.4639,3.0206,3.0079,0.0816,3.1647,56.6344,56.878,1.9195,59.134,0.0,0,0.0,0.0,24.6203,24.612,0.1391,24.833,10.0,10,0.0,10.0,33.0,33,0.0,33.0,0.0,0
metrics,20,30K,h3,2,30720,22.0,15,1,90.4155,91.482,3.6019,94.3098,2.7222,2.6864,0.111,2.9248,63.3007,63.876,2.9779,67.2772,0.0,0,0.0,0.0,25.5196,25.68,0.4072,25.9583,10.0,10,0.0,10.0,33.0,33,0.0,33.0,0.0,0
metrics,20,30K,h3,3,30720,22.0,15,1,90.9087,91.25,3.5037,96.0606,2.7072,2.6933,0.1057,2.8888,63.1287,62.346,2.9108,67.3341,0.0,0,0.0,0.0,25.4573,25.442,0.3208,25.9765,10.0,10,0.0,10.0,33.0,33,0.0,33.0,0.0,0
metrics,20,30K,h3,4,30720,22.0,15,1,88.4893,88.596,3.3985,93.2108,2.7811,2.7739,0.1075,2.9293,61.553,61.36,2.7006,65.8768,0.0,0,0.0,0.0,25.298,25.173,0.3348,25.923,10.0,10,0.0,10.0,33.0,33,0.0,33.0,0.0,0
metrics,20,30K,h3,5,30720,22.0,15,1,89.6431,88.937,2.7351,93.6423,2.7439,2.7633,0.0832,2.8391,62.2685,61.155,2.6223,66.4189,0.0,0,0.0,0.0,25.3915,25.362,0.3279,25.8877,10.0,10,0.0,10.0,33.0,33,0.0,33.0,0.0,0
metrics,20,30K,h3,6,30720,22.0,15,1,88.8238,87.475,4.5689,96.8801,2.7735,2.8095,0.1387,2.9444,62.3723,60.979,3.8624,67.6879,0.0,0,0.0,0.0,25.4143,25.225,0.3932,26.0033,10.0,10,0.0,10.0,33.0,33,0.0,33.0,0.0,0
metrics,20,30K,h3,7,30720,22.0,15,1,88.934,88.336,3.3739,94.4534,2.7671,2.7821,0.1056,2.9088,62.5164,62.561,2.5575,66.671,0.0,0,0.0,0.0,25.3857,25.354,0.3198,25.8578,10.0,10,0.0,10.0,33.0,33,0.0,33.0,0.0,0
metrics,20,30K,h3,8,30720,22.0,15,1,88.7417,87.971,2.94,93.7619,2.7722,2.7936,0.0904,2.8777,60.9841,61.789,3.0167,65.2394,0.0,0,0.0,0.0,25.2526,25.33,0.2836,25.6681,10.0,10,0.0,10.0,33.0,33,0.0,33.0,0.0,0
metrics,20,30K,h3,9,30720,22.0,15,1,89.1753,89.124,4.3514,94.9127,2.7622,2.7575,0.1375,2.956,61.6468,62.199,2.9847,66.0802,0.0,0,0.0,0.0,25.3637,25.354,0.3845,25.9927,10.0,10,0.0,10.0,33.0,33,0.0,33.0,0.0,0
metrics,20,30K,h3,10,30720,22.0,15,1,88.6369,88.92,3.1559,92.8106,2.776,2.7638,0.1008,2.9419,61.2665,61.527,2.7222,64.3869,0.0,0,0.0,0.0,25.1959,25.201,0.3215,25.6806,10.0,10,0.0,10.0,33.0,33,0.0,33.0,0.0,0
metrics,20,30K,h4,1,30720,52.0,15,1,180.4293,181.133,4.4449,185.8558,1.3629,1.3568,0.0342,1.4269,120.5231,120.552,3.9436,126.4277,0.0,0,0.0,0.0,56.4253,56.261,1.0503,58.0352,10.0,10,0.0,10.0,33.0,33,0.0,33.0,0.0,0
metrics,20,30K,h4,2,30720,52.0,15,1,193.5423,195.711,10.0622,206.6465,1.2731,1.2557,0.0675,1.3852,129.5455,129.071,8.2005,140.8133,0.0,0,0.0,0.0,60.3511,60.374,3.92,65.6656,10.0,10,0.0,10.0,33.0,33,0.0,33.0,0.0,0
metrics,20,30K,h4,3,30720,52.0,15,1,194.411,194.082,6.2736,204.1657,1.2654,1.2663,0.0408,1.3326,130.3495,130.375,5.5791,136.622,0.0,0,0.0,0.0,60.8782,60.553,3.6677,66.1376,10.0,10,0.0,10.0,32.6667,33,1.291,33.0,0.0,0
metrics,20,30K,h4,4,30720,52.0,15,1,192.0202,190.891,8.286,207.4269,1.282,1.2874,0.0539,1.3498,129.4239,128.024,5.7112,137.8919,0.0,0,0.0,0.0,60.6293,59.924,4.8068,68.1213,10.0,10,0.0,10.0,32.6667,33,1.291,33.0,0.0,0
metrics,20,30K,h4,5,30720,52.0,15,1,190.6679,190.598,8.5382,205.435,1.2913,1.2894,0.0568,1.3639,126.7935,125.42,6.3341,138.5038,0.0,0,0.0,0.0,59.7655,58.931,3.4757,66.2047,10.0,10,0.0,10.0,32.0,33,2.0702,33.0,0.0,0
metrics,20,30K,h4,6,30720,52.0,15,1,193.3652,193.907,4.6765,199.4422,1.2717,1.2674,0.0311,1.3193,129.9335,131.419,5.966,138.2987,0.0,0,0.0,0.0,61.4968,62.932,3.1277,64.6099,10.0,10,0.0,10.0,32.3333,33,1.7593,33.0,0.0,0
metrics,20,30K,h4,7,30720,52.0,15,1,195.4464,193.372,6.4411,204.8552,1.2587,1.2709,0.0411,1.3103,131.507,130.452,5.1922,138.7473,0.0,0,0.0,0.0,61.5654,60.949,3.2275,66.6641,10.0,10,0.0,10.0,32.3333,33,1.7593,33.0,0.0,0
metrics,20,30K,h4,8,30720,52.0,15,1,193.6557,194.728,6.6827,202.2948,1.2705,1.2621,0.045,1.3355,129.3574,130.8,5.4561,135.7416,0.0,0,0.0,0.0,60.4495,59.471,3.6943,66.2152,10.0,10,0.0,10.0,32.6667,33,1.291,33.0,0.0,0
metrics,20,30K,h4,9,30720,52.0,15,1,193.1275,192.911,7.4047,204.0644,1.2743,1.274,0.0488,1.3419,130.413,129.407,6.6518,140.9999,0.0,0,0.0,0.0,61.1918,60.36,4.1877,69.0561,10.0,10,0.0,10.0,33.0,33,0.0,33.0,0.0,0
metrics,20,30K,h4,10,30720,52.0,15,1,195.3611,197.154,7.8985,205.1516,1.2599,1.2465,0.0516,1.3343,131.0584,132.78,5.975,138.0048,0.0,0,0.0,0.0,61.1907,59.886,4.2626,68.4505,10.0,10,0.0,10.0,33.0,33,0.0,33.0,0.0,0
static10,20,30K,h2,1,30720,6.0,15,1,26.0667,25.958,0.361,26.6233,9.4298,9.4676,0.1298,9.5928,19.6443,19.593,0.299,20.0747,0.0,0,0.0,0.0,8.4984,8.516,0.1032,8.6179,10.0,10,0.0,10.0,27.1333,27,0.3519,28.0,0.0,0
static10,20,30K,h2,2,30720,6.0,15,1,26.5201,26.477,0.4646,27.3049,9.2696,9.282,0.1616,9.4843,19.9044,19.765,0.3873,20.4985,0.0,0,0.0,0.0,8.57,8.569,0.1939,8.8364,10.0,10,0.0,10.0,26.0,27,2.8536,27.3,0.0,0
static10,20,30K,h2,3,30720,6.0,15,1,26.3861,26.33,0.308,26.8546,9.3152,9.3338,0.1078,9.4338,19.7918,19.702,0.2265,20.1792,0.0,0,0.0,0.0,8.5107,8.584,0.1835,8.7142,10.0,10,0.0,10.0,27.0,27,0.0,27.0,0.0,0
static10,20,30K,h2,4,30720,6.0,15,1,26.6414,26.558,0.3854,27.2172,9.2265,9.2537,0.1333,9.4271,20.0103,19.989,0.3194,20.5046,0.0,0,0.0,0.0,8.5972,8.627,0.1628,8.8176,10.0,10,0.0,10.0,26.8667,27,2.2318,28.0,0.0,0
static10,20,30K,h2,5,30720,6.0,15,1,26.3811,26.358,0.2451,26.7134,9.3165,9.3239,0.0868,9.4632,19.7877,19.758,0.2224,20.18,0.0,0,0.0,0.0,8.4748,8.428,0.1479,8.6865,10.0,10,0.0,10.0,27.3333,27,0.488,28.0,0.0,0
static10,20,30K,h2,6,30720,6.0,15,1,26.4144,26.375,0.413,27.1888,9.3061,9.3179,0.1439,9.4664,19.8441,19.682,0.3195,20.434,0.0,0,0.0,0.0,8.5503,8.55,0.1044,8.6876,10.0,10,0.0,10.0,27.2667,27,0.4577,28.0,0.0,0
static10,20,30K,h2,7,30720,6.0,15,1,26.5109,26.462,0.3018,27.0112,9.2713,9.2873,0.1052,9.4178,19.9207,19.945,0.2239,20.2713,0.0,0,0.0,0.0,8.4897,8.505,0.1621,8.7011,10.0,10,0.0,10.0,27.1333,27,0.3519,28.0,0.0,0
static10,20,30K,h2,8,30720,6.0,15,1,26.3537,26.304,0.2605,26.7745,9.3263,9.3431,0.0914,9.4305,19.7809,19.758,0.1971,20.0775,0.0,0,0.0,0.0,8.532,8.56,0.2104,8.8489,10.0,10,0.0,10.0,27.4,27,0.5071,28.0,0.0,0
static10,20,30K,h2,9,30720,6.0,15,1,26.6327,26.545,0.4299,27.2491,9.23,9.2582,0.1483,9.437,20.0434,20.001,0.3492,20.6412,0.0,0,0.0,0.0,8.5693,8.6,0.1797,8.7989,10.0,10,0.0,10.0,25.9333,27,2.8402,27.3,0.0,0
static10,20,30K,h2,10,30720,6.0,15,1,26.4228,26.415,0.3231,26.8794,9.3023,9.3038,0.1118,9.4255,19.8723,19.786,0.2928,20.3658,0.0,0,0.0,0.0,8.5507,8.584,0.1912,8.7952,10.0,10,0.0,10.0,26.6667,27,2.1602,28.0,0.0,0
static10,20,30K,h3,1,30720,22.0,15,1,81.5593,81.302,1.8716,83.6847,3.0148,3.0228,0.0709,3.1081,56.6776,56.764,1.5359,58.5245,0.0,0,0.0,0.0,24.6725,24.658,0.1226,24.8419,10.0,10,0.0,10.0,33.0,33,0.0,33.0,0.0,0
static10,20,30K,h3,2,30720,22.0,15,1,88.6153,88.355,3.3164,95.0243,2.7769,2.7815,0.1012,2.9087,62.4796,62.125,2.9948,66.2492,0.0,0,0.0,0.0,25.4068,25.38,0.3154,25.8475,10.0,10,0.0,10.0,33.0,33,0.0,33.0,0.0,0
static10,20,30K,h3,3,30720,22.0,15,1,88.9491,88.232,3.449,94.0306,2.7668,2.7854,0.1079,2.9498,62.5984,62.025,3.0435,66.9783,0.0,0,0.0,0.0,25.371,25.292,0.3839,25.9045,10.0,10,0.0,10.0,33.0,33,0.0,33.0,0.0,0
static10,20,30K,h3,4,30720,22.0,15,1,89.5252,89.222,3.9195,94.1516,2.7503,2.7545,0.1273,2.9709,61.9784,61.517,3.3662,66.9632,0.0,0,0.0,0.0,25.3788,25.366,0.3613,25.8922,10.0,10,0.0,10.0,33.0,33,0.0,33.0,0.0,0
static10,20,30K,h3,5,30720,22.0,15,1,88.0499,87.459,4.1255,92.9821,2.7971,2.81,0.1355,3.0031,62.3882,61.991,3.2374,66.8202,0.0,0,0.0,0.0,25.3376,25.242,0.3713,25.8753,10.0,10,0.0,10.0,33.0,33,0.0,33.0,0.0,0
static10,20,30K,h3,6,30720,22.0,15,1,89.5033,89.09,3.3037,95.6587,2.7493,2.7586,0.0997,2.8776,61.347,60.538,3.304,66.8272,0.0,0,0.0,0.0,25.3819,25.38,0.3931,25.9278,10.0,10,0.0,10.0,33.0,33,0.0,33.0,0.0,0
static10,20,30K,h3,7,30720,22.0,15,1,88.1549,87.356,3.2173,93.1273,2.7913,2.8133,0.1008,2.9235,60.9573,61.224,2.6263,64.5668,0.0,0,0.0,0.0,25.3395,25.216,0.4397,26.1006,10.0,10,0.0,10.0,33.0,33,0.0,33.0,0.0,0
static10,20,30K,h3,8,30720,22.0,15,1,89.5341,88.994,3.1607,93.272,2.7481,2.7615,0.0991,2.9005,62.0604,61.246,3.0964,66.3575,0.0,0,0.0,0.0,25.3994,25.245,0.3236,25.8676,10.0,10,0.0,10.0,33.0,33,0.0,33.0,0.0,0
static10,20,30K,h3,9,30720,22.0,15,1,88.4355,88.089,4.5964,95.7608,2.7859,2.7899,0.144,2.9687,61.0261,60.82,3.9764,66.7805,0.0,0,0.0,0.0,25.3071,25.217,0.4388,26.0152,10.0,10,0.0,10.0,33.0,33,0.0,33.0,0.0,0
static10,20,30K,h3,10,30720,22.0,15,1,89.152,88.345,4.6636,95.2633,2.7638,2.7818,0.1469,2.9953,61.8599,61.104,4.0138,66.9819,0.0,0,0.0,0.0,25.4885,25.678,0.4123,25.9359,10.0,10,0.0,10.0,33.0,33,0.0,33.0,0.0,0
static10,20,30K,h4,1,30720,52.0,15,1,180.9811,182.064,4.3094,186.1776,1.3587,1.3499,0.0328,1.4069,120.5381,121.451,3.6046,124.9293,0.0,0,0.0,0.0,56.5569,56.404,1.2512,58.4905,10.0,10,0.0,10.0,33.0,33,0.0,33.0,0.0,0
static10,20,30K,h4,2,30720,52.0,15,1,194.6242,197.894,8.7387,205.6689,1.2652,1.2419,0.0578,1.3495,128.4838,127.853,6.2313,136.8023,0.0,0,0.0,0.0,59.8926,58.231,4.4769,67.3271,10.0,10,0.0,10.0,32.6667,33,1.291,33.0,0.0,0
static10,20,30K,h4,3,30720,52.0,15,1,194.335,196.033,8.1923,205.7796,1.2668,1.2537,0.0548,1.3518,129.9163,131.544,6.5045,137.2903,0.0,0,0.0,0.0,60.256,57.519,4.0847,66.6749,10.0,10,0.0,10.0,32.3333,33,1.7593,33.0,0.0,0
static10,20,30K,h4,4,30720,52.0,15,1,194.7693,195.722,10.1257,209.5805,1.265,1.2557,0.0667,1.3769,129.6963,131.099,8.8293,141.0439,0.0,0,0.0,0.0,59.3993,58.28,2.7519,64.1807,10.0,10,0.0,10.0,32.6667,33,1.291,33.0,0.0,0
static10,20,30K,h4,5,30720,52.0,15,1,190.0725,191.471,7.4787,201.5226,1.2949,1.2835,0.0512,1.3669,126.9124,127.034,6.5085,135.7205,0.0,0,0.0,0.0,58.96,56.741,3.511,64.017,10.0,10,0.0,10.0,32.6667,33,1.291,33.0,0.0,0
static10,20,30K,h4,6,30720,52.0,15,1,190.744,191.955,9.121,201.688,1.2912,1.2803,0.0628,1.3999,126.3926,128.101,7.3527,137.4956,0.0,0,0.0,0.0,60.1525,59.233,3.1987,65.6479,10.0,10,0.0,10.0,31.3333,33,2.4398,33.0,0.0,0
static10,20,30K,h4,7,30720,52.0,15,1,193.678,195.768,10.175,204.5758,1.2723,1.2554,0.0693,1.3919,130.2859,131.939,7.9677,140.1493,0.0,0,0.0,0.0,61.0566,60.337,4.3457,68.8704,10.0,10,0.0,10.0,32.6667,33,1.291,33.0,0.0,0
static10,20,30K,h4,8,30720,52.0,15,1,191.07,189.757,6.6697,200.8552,1.2877,1.2951,0.0443,1.3462,129.7643,130.12,5.8588,138.9738,0.0,0,0.0,0.0,59.8751,59.527,2.8594,64.0234,10.0,10,0.0,10.0,32.6667,33,1.291,33.0,0.0,0
static10,20,30K,h4,9,30720,52.0,15,1,193.8282,190.709,8.207,204.123,1.2701,1.2887,0.0538,1.3512,129.9997,127.194,7.2484,140.0696,0.0,0,0.0,0.0,59.8135,60.075,2.3745,63.283,10.0,10,0.0,10.0,32.6667,33,1.291,33.0,0.0,0
static10,20,30K,h4,10,30720,52.0,15,1,195.6517,197.402,6.992,204.1398,1.2576,1.245,0.0459,1.3322,129.6639,130.473,5.671,137.0307,0.0,0,0.0,0.0,59.6523,57.928,4.1429,65.9751,10.0,10,0.0,10.0,33.0,33,0.0,33.0,0.0,0
statichigh,20,30K,h2,1,30720,6.0,15,1,25.8295,25.851,0.2874,26.2227,9.5158,9.5068,0.1057,9.6653,19.2212,19.199,0.1956,19.5033,0.0,0,0.0,0.0,12.1069,12.277,0.3769,12.3258,24.0,24,0.0,24.0,32.2667,32,0.4577,33.0,0.0,0
statichigh,20,30K,h2,2,30720,6.0,15,1,25.7212,25.599,0.3413,26.3216,9.5563,9.6004,0.1248,9.6683,19.1577,19.149,0.2775,19.5631,0.0,0,0.0,0.0,12.1517,12.234,0.3072,12.368,24.0,24,0.0,24.0,32.4667,32,0.5164,33.0,0.0,0
statichigh,20,30K,h2,3,30720,6.0,15,1,25.4755,25.447,0.1663,25.7409,9.6473,9.6577,0.0627,9.7293,19.0031,19.018,0.1232,19.2228,0.0,0,0.0,0.0,12.1612,12.181,0.0857,12.2331,24.0,24,0.0,24.0,32.3333,32,0.488,33.0,0.0,0
statichigh,20,30K,h2,4,30720,6.0,15,1,25.6677,25.719,0.2518,25.9711,9.5755,9.5556,0.0941,9.7109,19.1158,19.145,0.0972,19.2225,0.0,0,0.0,0.0,12.2576,12.261,0.0716,12.3602,24.0,24,0.0,24.0,32.2,32,0.414,33.0,0.0,0
statichigh,20,30K,h2,5,30720,6.0,15,1,25.8906,25.755,0.3751,26.6863,9.4941,9.5422,0.1352,9.6324,19.3143,19.18,0.3558,20.0349,0.0,0,0.0,0.0,11.9753,12.263,0.5036,12.3213,24.0,24,0.0,24.0,32.2,32,0.414,33.0,0.0,0
statichigh,20,30K,h2,6,30720,6.0,15,1,25.7105,25.724,0.2166,26.005,9.5594,9.5537,0.0808,9.6894,19.0958,19.068,0.2072,19.399,0.0,0,0.0,0.0,12.2125,12.235,0.1059,12.3333,24.0,24,0.0,24.0,32.2667,32,0.4577,33.0,0.0,0
statichigh,20,30K,h2,7,30720,6.0,15,1,25.8177,25.817,0.3762,26.2975,9.5209,9.5193,0.1355,9.674,19.1749,19.188,0.2888,19.5028,0.0,0,0.0,0.0,12.1403,12.237,0.2979,12.2977,24.0,24,0.0,24.0,32.2667,32,0.4577,33.0,0.0,0
statichigh,20,30K,h2,8,30720,6.0,15,1,25.6993,25.673,0.239,26.0095,9.5637,9.5727,0.0886,9.6859,19.1001,19.079,0.1905,19.4089,0.0,0,0.0,0.0,12.2719,12.281,0.0715,12.3682,24.0,24,0.0,24.0,32.4,32,0.5071,33.0,0.0,0
statichigh,20,30K,h2,9,30720,6.0,15,1,25.6487,25.68,0.2708,25.9259,9.5828,9.5701,0.1021,9.7857,19.0541,19.095,0.2028,19.2897,0.0,0,0.0,0.0,12.2545,12.253,0.0845,12.3624,24.0,24,0.0,24.0,32.2,32,0.414,33.0,0.0,0
statichigh,20,30K,h2,10,30720,6.0,15,1,25.6949,25.734,0.214,26.0432,9.5652,9.55,0.0796,9.6914,19.1273,19.173,0.1335,19.2633,0.0,0,0.0,0.0,12.2997,12.299,0.0921,12.4097,24.0,24,0.0,24.0,32.3333,32,0.488,33.0,0.0,0
statichigh,20,30K,h3,1,30720,22.0,15,1,66.1033,66.675,1.524,67.7992,3.7197,3.6859,0.0865,3.8583,38.9695,39.737,1.4131,40.4448,0.0,0,0.0,0.0,25.2236,25.233,0.1031,25.3813,24.0,24,0.0,24.0,45.0,45,0.0,45.0,0.0,0
statichigh,20,30K,h3,2,30720,22.0,15,1,65.9977,66.972,2.6888,68.4843,3.7298,3.6696,0.1598,4.071,38.5487,39.69,1.8868,40.5126,0.0,0,0.0,0.0,25.1833,25.257,0.2095,25.4278,24.0,24,0.0,24.0,45.1333,45,0.5164,45.6,0.0,0
statichigh,20,30K,h3,3,30720,22.0,15,1,62.4846,62.672,0.7926,63.2924,3.9337,3.9214,0.0506,4.0266,37.1225,37.479,0.7522,37.7102,0.0,0,0.0,0.0,24.9023,24.914,0.0702,24.9856,24.0,24,0.0,24.0,45.0,45,0.0,45.0,0.0,0
statichigh,20,30K,h3,4,30720,22.0,15,1,66.0115,67.013,2.8667,68.8457,3.7297,3.6673,0.1659,4.0121,39.3927,40.095,1.393,40.5487,0.0,0,0.0,0.0,25.2207,25.257,0.1916,25.4593,24.0,24,0.0,24.0,45.0,45,0.0,45.0,0.0,0
statichigh,20,30K,h3,5,30720,22.0,15,1,66.0559,65.919,2.3974,69.3861,3.7251,3.7282,0.1354,3.9141,38.7109,39.763,2.0096,40.6071,0.0,0,0.0,0.0,25.2189,25.19,0.1756,25.4624,24.0,24,0.0,24.0,45.2667,45,0.7037,47.0,0.0,0
statichigh,20,30K,h3,6,30720,22.0,15,1,65.6144,65.505,2.825,68.4509,3.7523,3.7518,0.17,4.0743,38.6595,40.047,2.0074,40.3609,0.0,0,0.0,0.0,25.1789,25.184,0.1466,25.3792,24.0,24,0.0,24.0,45.0,45,0.0,45.0,0.0,0
statichigh,20,30K,h3,7,30720,22.0,15,1,66.6507,66.861,2.5167,69.498,3.6923,3.6757,0.1436,3.9437,39.3684,39.88,1.6779,40.6796,0.0,0,0.0,0.0,25.2404,25.252,0.1315,25.4235,24.0,24,0.0,24.0,45.0,45,0.0,45.0,0.0,0
statichigh,20,30K,h3,8,30720,22.0,15,1,66.3214,66.558,1.5073,67.8702,3.7074,3.6924,0.0857,3.8401,38.9176,39.549,1.2938,40.3133,0.0,0,0.0,0.0,25.2275,25.245,0.1298,25.4016,24.0,24,0.0,24.0,44.9333,45,0.2582,45.0,0.0,0
statichigh,20,30K,h3,9,30720,22.0,15,1,65.9591,64.981,2.7252,70.0139,3.7318,3.782,0.1516,3.8933,39.9095,39.966,1.4222,41.7365,0.0,0,0.0,0.0,25.3592,25.217,0.5472,26.0349,24.0,24,0.0,24.0,45.2667,45,0.7037,47.0,0.0,0
statichigh,20,30K,h3,10,30720,22.0,15,1,64.8031,64.931,2.3113,67.8292,3.7969,3.7849,0.136,3.995,38.7706,39.746,1.5864,40.4921,0.0,0,0.0,0.0,25.2024,25.201,0.2213,25.5312,24.0,24,0.0,24.0,45.0667,45,0.5936,45.6,0.0,0
statichigh,20,30K,h4,1,30720,52.0,15,1,137.0815,136.691,2.8605,140.8671,1.7935,1.7979,0.0373,1.8484,72.5009,74.044,3.1802,75.4671,0.0,0,0.0,0.0,57.0192,56.327,1.7314,60.0688,24.0,24,0.0,24.0,46.9333,47,0.2582,47.0,0.0,0
statichigh,20,30K,h4,2,30720,52.0,15,1,133.1993,131.644,5.8152,142.9936,1.8483,1.8669,0.0803,1.9542,69.4288,69.029,3.3052,75.2086,0.0,0,0.0,0.0,56.5911,55.99,1.713,60.1376,24.0,24,0.0,24.0,46.9333,47,0.2582,47.0,0.0,0
statichigh,20,30K,h4,3,30720,52.0,15,1,128.2599,127.748,2.1883,131.6072,1.9166,1.9238,0.0325,1.9537,68.5446,69.781,1.8876,70.2961,0.0,0,0.0,0.0,55.4888,55.632,0.3197,55.8086,24.0,24,0.0,24.0,47.0,47,0.0,47.0,0.0,0
statichigh,20,30K,h4,4,30720,52.0,15,1,136.5308,135.882,6.2575,144.2629,1.8037,1.8086,0.0854,1.9684,72.6053,74.81,4.0439,75.4084,0.0,0,0.0,0.0,57.5573,56.187,2.1265,61.4701,24.0,24,0.0,24.0,47.0,47,0.0,47.0,0.0,0
statichigh,20,30K,h4,5,30720,52.0,15,1,133.6673,133.726,4.4485,140.241,1.8405,1.8378,0.0609,1.9097,70.3929,70.079,3.5157,75.3526,0.0,0,0.0,0.0,56.5094,55.932,1.1562,58.4796,24.0,24,0.0,24.0,47.0,47,0.0,47.0,0.0,0
statichigh,20,30K,h4,6,30720,52.0,15,1,134.811,134.591,4.441,141.2957,1.8248,1.826,0.0597,1.9061,72.0068,74.736,4.2466,75.3954,0.0,0,0.0,0.0,56.6589,56.078,1.7444,60.5998,24.0,24,0.0,24.0,47.0,47,0.0,47.0,0.0,0
statichigh,20,30K,h4,7,30720,52.0,15,1,135.9505,135.344,5.0314,143.0401,1.81,1.8158,0.0673,1.9142,72.2684,71.674,2.7043,75.3661,0.0,0,0.0,0.0,58.0278,56.979,3.107,62.4665,24.0,24,0.0,24.0,47.0,47,0.0,47.0,0.0,0
statichigh,20,30K,h4,8,30720,52.0,15,1,133.3022,132.375,6.7423,142.5885,1.8481,1.8565,0.0938,1.9794,70.1074,69.231,3.7739,75.3974,0.0,0,0.0,0.0,57.2152,56.925,1.7835,60.2161,24.0,24,0.0,24.0,47.0,47,0.0,47.0,0.0,0
statichigh,20,30K,h4,9,30720,52.0,15,1,135.9908,137.591,5.7257,143.4006,1.8103,1.7862,0.0788,1.9614,71.6153,70.907,2.9512,75.3756,0.0,0,0.0,0.0,57.4338,57.152,1.948,61.3411,24.0,24,0.0,24.0,47.0,47,0.0,47.0,0.0,0
statichigh,20,30K,h4,10,30720,52.0,15,1,136.2505,138.052,6.158,142.6366,1.8073,1.7802,0.0836,1.9545,72.2269,72.286,2.8417,75.3147,0.0,0,0.0,0.0,57.9814,56.249,2.5332,62.0842,24.0,24,0.0,24.0,47.0,47,0.0,47.0,0.0,0
ewma,50,10K,h2,1,10240,6.0,15,1,14.6468,14.723,0.2142,14.9017,5.5942,5.5641,0.0822,5.7126,8.055,8.049,0.0952,8.2021,0.0,0,0.0,0.0,6.6688,6.66,0.1066,6.8184,10.0,10,0.0,10.0,18.0,18,0.0,18.0,0.0,0
ewma,50,10K,h2,2,10240,6.0,15,1,14.6965,14.763,0.2075,14.9577,5.5751,5.549,0.0793,5.6998,8.1037,8.129,0.135,8.2556,0.0,0,0.0,0.0,6.7027,6.683,0.1046,6.8552,10.0,10,0.0,10.0,18.0,18,0.0,18.0,0.0,0
ewma,50,10K,h2,3,10240,6.0,15,1,14.8037,14.824,0.2317,15.0886,5.535,5.5262,0.0868,5.6949,8.1309,8.148,0.1503,8.3341,0.0,0,0.0,0.0,6.7141,6.665,0.1703,7.0628,10.0,10,0.0,10.0,18.0,18,0.0,18.0,0.0,0
ewma,50,10K,h2,4,10240,6.0,15,1,14.7662,14.776,0.3693,15.3518,5.5509,5.5441,0.1341,5.6992,8.2044,8.097,0.3654,8.8194,0.0,0,0.0,0.0,6.7418,6.628,0.2318,7.2238,10.0,10,0.0,10.0,18.0,18,0.0,18.0,0.0,0
ewma,50,10K,h2,5,10240,6.0,15,1,14.7689,14.759,0.213,15.0508,5.5479,5.5505,0.0802,5.6803,8.1387,8.146,0.0875,8.2867,0.0,0,0.0,0.0,6.6957,6.647,0.1267,6.9355,10.0,10,0.0,10.0,18.0,18,0.0,18.0,0.0,0
ewma,50,10K,h2,6,10240,6.0,15,1,14.8166,14.801,0.2231,15.1937,5.5301,5.5348,0.0831,5.6518,8.1701,8.124,0.1821,8.5631,0.0,0,0.0,0.0,6.6768,6.657,0.1012,6.8811,10.0,10,0.0,10.0,18.0,18,0.0,18.0,0.0,0
ewma,50,10K,h2,7,10240,6.0,15,1,14.7601,14.677,0.2567,15.1523,5.5516,5.5815,0.0934,5.6338,8.1465,8.121,0.1496,8.4151,0.0,0,0.0,0.0,6.6989,6.683,0.2033,7.1372,10.0,10,0.0,10.0,18.0,18,0.0,18.0,0.0,0
ewma,50,10K,h2,8,10240,6.0,15,1,14.7361,14.734,0.2202,15.0528,5.5603,5.5599,0.0829,5.6763,8.1603,8.108,0.1428,8.3975,0.0,0,0.0,0.0,6.6691,6.661,0.1201,6.8123,10.0,10,0.0,10.0,18.0,18,0.0,18.0,0.0,0
ewma,50,10K,h2,9,10240,6.0,15,1,14.638,14.614,0.1913,14.9085,5.5973,5.6056,0.0729,5.7053,8.0739,8.089,0.1458,8.28,0.0,0,0.0,0.0,6.6281,6.635,0.0649,6.7088,10.0,10,0.0,10.0,18.0,18,0.0,18.0,0.0,0
ewma,50,10K,h2,10,10240,6.0,15,1,14.6989,14.723,0.2576,15.053,5.5748,5.5641,0.0971,5.7142,8.1201,8.104,0.1847,8.3597,0.0,0,0.0,0.0,6.6907,6.669,0.0938,6.8316,10.0,10,0.0,10.0,18.0,18,0.0,18.0,0.0,0
ewma,50,10K,h3,1,10240,22.0,15,1,56.3255,57.274,3.7732,59.9553,1.4611,1.4303,0.1074,1.6576,29.9229,30.4,2.1437,32.8784,0.0,0,0.0,0.0,26.4474,26.565,1.6157,28.279,10.0,10,0.0,10.0,18.0,18,0.0,18.0,0.0,0
ewma,50,10K,h3,2,10240,22.0,15,1,56.3303,56.319,2.4651,59.9475,1.4568,1.4546,0.0622,1.5417,30.1008,29.878,2.0353,33.0973,0.0,0,0.0,0.0,26.3711,26.157,1.2382,28.4103,10.0,10,0.0,10.0,18.0,18,0.0,18.0,0.0,0
ewma,50,10K,h3,3,10240,22.0,15,1,56.9827,57.071,2.3062,60.0508,1.4398,1.4354,0.0585,1.5301,30.9277,30.383,1.5908,33.4294,0.0,0,0.0,0.0,26.7755,26.575,1.2981,28.4579,10.0,10,0.0,10.0,18.0,18,0.0,18.0,0.0,0
ewma,50,10K,h3,4,10240,22.0,15,1,56.739,55.871,2.8628,61.9092,1.4472,1.4662,0.0712,1.5368,30.2352,29.876,2.1104,33.3555,0.0,0,0.0,0.0,26.4709,25.89,1.4287,28.9707,10.0,10,0.0,10.0,18.0,18,0.0,18.0,0.0,0
ewma,50,10K,h3,5,10240,22.0,15,1,56.2407,56.114,3.5082,61.1667,1.4619,1.4599,0.0914,1.5969,29.5491,29.508,3.0942,33.1037,0.0,0,0.0,0.0,26.6932,26.937,1.602,28.7739,10.0,10,0.0,10.0,18.0,18,0.0,18.0,0.0,0
ewma,50,10K,h3,6,10240,22.0,15,1,58.5973,58.304,2.1869,61.421,1.3999,1.405,0.0528,1.4981,31.6096,32.267,1.6533,33.1655,0.0,0,0.0,0.0,27.5347,27.971,1.1724,28.635,10.0,10,0.0,10.0,18.0,18,0.0,18.0,0.0,0
ewma,50,10K,h3,7,10240,22.0,15,1,57.884,58.024,2.1715,61.0769,1.4171,1.4118,0.0535,1.5012,30.7676,29.853,1.6198,33.2586,0.0,0,0.0,0.0,26.9449,26.454,1.1733,28.7256,10.0,10,0.0,10.0,18.0,18,0.0,18.0,0.0,0
ewma,50,10K,h3,8,10240,22.0,15,1,57.6569,57.658,1.928,60.7867,1.4223,1.4208,0.0475,1.4866,30.8781,30.921,1.7153,33.4496,0.0,0,0.0,0.0,26.9697,26.981,1.0405,28.4912,10.0,10,0.0,10.0,18.0,18,0.0,18.0,0.0,0
ewma,50,10K,h3,9,10240,22.0,15,1,56.5341,56.549,3.4645,61.6332,1.4541,1.4487,0.0887,1.5739,30.1404,29.446,2.5738,33.3543,0.0,0,0.0,0.0,26.2466,25.736,1.7292,28.7345,10.0,10,0.0,10.0,18.0,18,0.0,18.0,0.0,0
ewma,50,10K,h3,10,10240,22.0,15,1,57.6756,58.104,2.7145,62.1566,1.4233,1.4099,0.068,1.5451,30.4319,29.516,2.2589,33.3407,0.0,0,0.0,0.0,26.844,26.671,1.4336,28.8365,10.0,10,0.0,10.0,18.0,18,0.0,18.0,0.0,0
ewma,50,10K,h4,1,10240,52.0,15,1,127.8436,126.254,7.1833,139.6774,0.6427,0.6489,0.0357,0.6938,64.5107,64.483,4.7031,71.1105,0.0,0,0.0,0.0,62.5765,62.128,3.2892,68.1311,10.0,10,0.0,10.0,18.0,18,0.0,18.0,0.0,0
ewma,50,10K,h4,2,10240,52.0,15,1,127.1579,126.15,4.8616,133.7247,0.6451,0.6494,0.0247,0.6808,63.3819,62.541,5.5353,71.9312,0.0,0,0.0,0.0,61.7589,61.664,3.5582,67.0419,10.0,10,0.0,10.0,18.0,18,0.0,18.0,0.0,0
ewma,50,10K,h4,3,10240,52.0,15,1,130.3491,129.757,5.7269,136.8717,0.6296,0.6313,0.0289,0.6726,67.0745,67.624,4.5967,72.6276,0.0,0,0.0,0.0,63.4301,63.592,3.1752,67.965,10.0,10,0.0,10.0,18.0,18,0.0,18.0,0.0,0
ewma,50,10K,h4,4,10240,52.0,15,1,128.9235,128.17,5.6851,138.1385,0.6366,0.6392,0.0276,0.6724,64.5745,64.378,4.0884,70.7215,0.0,0,0.0,0.0,61.2439,60.23,3.2083,66.5637,10.0,10,0.0,10.0,18.0,18,0.0,18.0,0.0,0
ewma,50,10K,h4,5,10240,52.0,15,1,128.6658,127.469,6.1016,136.7164,0.6381,0.6427,0.0311,0.6832,65.4007,64.041,5.6948,72.7571,0.0,0,0.0,0.0,63.2553,63.794,3.1729,66.5299,10.0,10,0.0,10.0,18.0,18,0.0,18.0,0.0,0
ewma,50,10K,h4,6,10240,52.0,15,1,129.1635,128.676,6.0904,136.9944,0.6356,0.6366,0.0301,0.678,65.4731,64.466,4.1151,71.9221,0.0,0,0.0,0.0,62.8987,63.925,2.969,66.0209,10.0,10,0.0,10.0,18.0,18,0.0,18.0,0.0,0
ewma,50,10K,h4,7,10240,52.0,15,1,126.6831,126.073,5.5182,134.2174,0.6478,0.6498,0.028,0.6838,62.6777,62.162,4.8201,69.7411,0.0,0,0.0,0.0,61.2463,61.297,2.8939,64.9491,10.0,10,0.0,10.0,18.0,18,0.0,18.0,0.0,0
ewma,50,10K,h4,8,10240,52.0,15,1,127.3382,125.213,6.8802,136.2479,0.6451,0.6542,0.0346,0.6908,65.5823,65.088,4.4645,72.1758,0.0,0,0.0,0.0,61.7394,61.867,3.4104,67.5034,10.0,10,0.0,10.0,18.0,18,0.0,18.0,0.0,0
ewma,50,10K,h4,9,10240,52.0,15,1,128.6915,128.868,3.045,132.9171,0.6369,0.6357,0.0152,0.6621,65.4187,64.569,2.7137,70.0278,0.0,0,0.0,0.0,63.1699,63.593,2.4255,66.9705,10.0,10,0.0,10.0,18.0,18,0.0,18.0,0.0,0
ewma,50,10K,h4,10,10240,52.0,15,1,127.3683,127.292,4.6258,133.8359,0.644,0.6436,0.0234,0.6792,64.7578,63.938,4.5441,72.8644,0.0,0,0.0,0.0,60.9889,60.944,3.4611,66.4558,10.0,10,0.0,10.0,18.0,18,0.0,18.0,0.0,0
lossaware,50,10K,h2,1,10240,6.0,15,1,14.8955,14.842,0.3005,15.4915,5.5017,5.5195,0.1086,5.6151,8.2391,8.154,0.3328,8.9435,0.0,0,0.0,0.0,6.7722,6.702,0.1671,7.058,10.0,10,0.0,10.0,18.0,18,0.0,18.0,0.0,0
lossaware,50,10K,h2,2,10240,6.0,15,1,14.7076,14.642,0.181,14.9479,5.5707,5.5949,0.0684,5.6605,8.1377,8.103,0.1174,8.3339,0.0,0,0.0,0.0,6.6716,6.656,0.0988,6.852,10.0,10,0.0,10.0,18.0,18,0.0,18.0,0.0,0
lossaware,50,10K,h2,3,10240,6.0,15,1,14.6909,14.701,0.144,14.8636,5.5767,5.5724,0.0547,5.6536,8.1155,8.115,0.0982,8.249,0.0,0,0.0,0.0,6.6868,6.684,0.1097,6.8423,10.0,10,0.0,10.0,18.0,18,0.0,18.0,0.0,0
lossaware,50,10K,h2,4,10240,6.0,15,1,14.7603,14.704,0.2043,15.1146,5.551,5.5713,0.0764,5.6472,8.1044,8.075,0.1374,8.3381,0.0,0,0.0,0.0,6.6737,6.676,0.0765,6.7984,10.0,10,0.0,10.0,18.0,18,0.0,18.0,0.0,0
lossaware,50,10K,h2,5,10240,6.0,15,1,14.8005,14.848,0.2443,15.1432,5.5364,5.5172,0.0917,5.6973,8.1624,8.131,0.1314,8.3811,0.0,0,0.0,0.0,6.7313,6.685,0.1302,6.9455,10.0,10,0.0,10.0,18.0,18,0.0,18.0,0.0,0
lossaware,50,10K,h2,6,10240,6.0,15,1,14.7849,14.737,0.2568,15.2134,5.5423,5.5588,0.0956,5.6878,8.1694,8.142,0.1479,8.3775,0.0,0,0.0,0.0,6.7243,6.683,0.1578,7.005,10.0,10,0.0,10.0,18.0,18,0.0,18.0,0.0,0
lossaware,50,10K,h2,7,10240,6.0,15,1,14.7438,14.753,0.1405,14.944,5.5567,5.5528,0.0529,5.6373,8.1273,8.14,0.0732,8.2368,0.0,0,0.0,0.0,6.6689,6.655,0.0846,6.8385,10.0,10,0.0,10.0,18.0,18,0.0,18.0,0.0,0
lossaware,50,10K,h2,8,10240,6.0,15,1,14.6837,14.664,0.1725,14.949,5.5797,5.5865,0.0653,5.6631,8.1096,8.128,0.1211,8.2697,0.0,0,0.0,0.0,6.6785,6.656,0.1333,6.9798,10.0,10,0.0,10.0,18.0,18,0.0,18.0,0.0,0
lossaware,50,10K,h2,9,10240,6.0,15,1,14.7657,14.703,0.276,15.1919,5.5498,5.5717,0.1015,5.6555,8.1465,8.093,0.1882,8.4471,0.0,0,0.0,0.0,6.6496,6.634,0.1268,6.8387,10.0,10,0.0,10.0,18.0,18,0.0,18.0,0.0,0
lossaware,50,10K,h2,10,10240,6.0,15,1,14.7848,14.759,0.1179,14.9614,5.5412,5.5505,0.044,5.595,8.1604,8.164,0.0998,8.2909,0.0,0,0.0,0.0,6.7036,6.691,0.1157,6.8795,10.0,10,0.0,10.0,18.0,18,0.0,18.0,0.0,0
lossaware,50,10K,h3,1,10240,22.0,15,1,57.9291,58.162,3.067,62.0992,1.4179,1.4085,0.0765,1.5364,30.5901,31.324,2.6274,33.3081,0.0,0,0.0,0.0,27.1824,27.21,1.3458,28.7924,10.0,10,0.0,10.0,18.0,18,0.0,18.0,0.0,0
lossaware,50,10K,h3,2,10240,22.0,15,1,57.3539,57.028,1.548,59.7323,1.4293,1.4365,0.0383,1.481,30.2729,29.579,1.9996,32.8552,0.0,0,0.0,0.0,26.8139,26.397,1.0021,28.1572,10.0,10,0.0,10.0,18.0,18,0.0,18.0,0.0,0
lossaware,50,10K,h3,3,10240,22.0,15,1,57.3991,57.859,2.6016,60.8185,1.43,1.4159,0.0657,1.524,29.6643,29.407,2.0642,33.0625,0.0,0,0.0,0.0,26.8498,26.851,1.1153,28.423,10.0,10,0.0,10.0,18.0,18,0.0,18.0,0.0,0
lossaware,50,10K,h3,4,10240,22.0,15,1,57.3938,58.076,3.6432,62.5484,1.4328,1.4106,0.0925,1.5884,30.5338,30.196,2.5473,33.0707,0.0,0,0.0,0.0,26.7383,26.615,1.5688,28.6966,10.0,10,0.0,10.0,18.0,18,0.0,18.0,0.0,0
lossaware,50,10K,h3,5,10240,22.0,15,1,57.5039,56.672,2.5269,61.1277,1.4272,1.4455,0.0622,1.5079,30.8449,31.184,1.791,33.4096,0.0,0,0.0,0.0,26.8067,26.699,1.1846,28.4546,10.0,10,0.0,10.0,18.0,18,0.0,18.0,0.0,0
lossaware,50,10K,h3,6,10240,22.0,15,1,56.6971,57.408,2.475,59.8359,1.4475,1.427,0.0637,1.5491,30.2919,30.047,1.5624,32.7716,0.0,0,0.0,0.0,26.9529,27.177,1.2687,28.5328,10.0,10,0.0,10.0,18.0,18,0.0,18.0,0.0,0
lossaware,50,10K,h3,7,10240,22.0,15,1,56.5834,57.488,3.1565,60.186,1.4522,1.425,0.0848,1.606,29.8271,29.535,2.3142,33.3182,0.0,0,0.0,0.0,26.1925,25.895,1.4087,28.1274,10.0,10,0.0,10.0,18.0,18,0.0,18.0,0.0,0
lossaware,50,10K,h3,8,10240,22.0,15,1,55.9914,56.977,2.2603,58.3348,1.4654,1.4378,0.0613,1.5727,29.6214,29.244,1.3866,31.7908,0.0,0,0.0,0.0,26.1639,26.03,1.1326,27.6422,10.0,10,0.0,10.0,18.0,18,0.0,18.0,0.0,0
lossaware,50,10K,h3,9,10240,22.0,15,1,56.3331,56.924,3.5979,60.6146,1.4598,1.4391,0.0946,1.5979,29.8576,29.36,2.5889,33.4295,0.0,0,0.0,0.0,26.4745,25.82,1.6557,28.6243,10.0,10,0.0,10.0,18.0,18,0.0,18.0,0.0,0
lossaware,50,10K,h3,10,10240,22.0,15,1,57.5381,58.286,2.6238,60.5688,1.4266,1.4055,0.0673,1.5432,30.3435,29.868,2.5339,33.3698,0.0,0,0.0,0.0,26.9903,26.595,1.2548,28.8088,10.0,10,0.0,10.0,18.0,18,0.0,18.0,0.0,0
lossaware,50,10K,h4,1,10240,52.0,15,1,128.8027,130.081,6.8365,138.6708,0.6377,0.6298,0.0346,0.6872,63.8574,63.609,4.3802,70.5859,0.0,0,0.0,0.0,61.2815,61.826,3.806,66.9667,10.0,10,0.0,10.0,18.0,18,0.0,18.0,0.0,0
lossaware,50,10K,h4,2,10240,52.0,15,1,129.2578,129.053,5.8156,136.5872,0.635,0.6348,0.0289,0.6787,64.0037,64.19,3.96,69.5861,0.0,0,0.0,0.0,61.5754,61.324,3.2796,65.8462,10.0,10,0.0,10.0,18.0,18,0.0,18.0,0.0,0
lossaware,50,10K,h4,3,10240,52.0,15,1,127.405,128.571,4.9626,133.8182,0.6439,0.6372,0.0253,0.6812,64.2973,64.223,5.1021,71.2494,0.0,0,0.0,0.0,62.3653,62.505,2.8986,66.4423,10.0,10,0.0,10.0,18.0,18,0.0,18.0,0.0,0
lossaware,50,10K,h4,4,10240,52.0,15,1,128.5871,129.559,6.8724,138.5132,0.6388,0.6323,0.0343,0.6907,63.4833,63.378,5.9076,71.5838,0.0,0,0.0,0.0,61.8547,61.327,3.7582,68.9296,10.0,10,0.0,10.0,18.0667,18,0.2582,18.3,0.0,0
lossaware,50,10K,h4,5,10240,52.0,15,1,125.1488,122.326,5.8939,133.5862,0.6559,0.6697,0.0305,0.6928,63.1965,63.377,5.1224,71.574,0.0,0,0.0,0.0,61.6943,61.407,3.5954,66.4492,10.0,10,0.0,10.0,18.0,18,0.0,18.0,0.0,0
lossaware,50,10K,h4,6,10240,52.0,15,1,127.9225,126.638,3.6876,132.6517,0.6409,0.6469,0.0184,0.6653,64.7627,63.903,3.9159,70.4385,0.0,0,0.0,0.0,62.2449,62.863,2.4282,65.2619,10.0,10,0.0,10.0,18.0,18,0.0,18.0,0.0,0
lossaware,50,10K,h4,7,10240,52.0,15,1,130.2682,131.347,4.4523,137.122,0.6295,0.6237,0.0214,0.6589,65.1562,64.289,4.7281,71.1072,0.0,0,0.0,0.0,62.1617,61.48,3.498,68.1811,10.0,10,0.0,10.0,18.0,18,0.0,18.0,0.0,0
lossaware,50,10K,h4,8,10240,52.0,15,1,129.6305,127.452,5.6517,137.0167,0.6331,0.6428,0.0276,0.6716,65.9451,64.385,4.3471,72.6077,0.0,0,0.0,0.0,62.8961,62.939,2.8988,67.4177,10.0,10,0.0,10.0,18.0,18,0.0,18.0,0.0,0
lossaware,50,10K,h4,9,10240,52.0,15,1,128.6691,128.307,5.2286,137.4689,0.6376,0.6385,0.0254,0.675,64.6286,64.42,4.5321,70.9389,0.0,0,0.0,0.0,61.277,60.919,2.2741,64.4047,10.0,10,0.0,10.0,18.0,18,0.0,18.0,0.0,0
lossaware,50,10K,h4,10,10240,52.0,15,1,124.8135,126.766,5.0924,130.0214,0.6574,0.6462,0.0285,0.7092,62.3847,62.275,3.775,67.9484,0.0,0,0.0,0.0,61.0897,61.509,2.2072,63.8101,10.0,10,0.0,10.0,18.0667,18,0.2582,18.3,0.0,0
lossaware-disc,50,10K,h2,1,10240,6.0,15,1,14.6923,14.687,0.1662,14.9534,5.5764,5.5777,0.0629,5.6564,8.0457,8.04,0.1022,8.1674,0.0,0,0.0,0.0,6.6717,6.643,0.1288,6.9275,10.0,10,0.0,10.0,18.0,18,0.0,18.0,0.0,0
lossaware-disc,50,10K,h2,2,10240,6.0,15,1,14.8097,14.761,0.3731,15.4493,5.5346,5.5498,0.1331,5.645,8.1947,8.12,0.3292,8.744,0.0,0,0.0,0.0,6.7142,6.638,0.2116,7.1336,10.0,10,0.0,10.0,18.0,18,0.0,18.0,0.0,0
lossaware-disc,50,10K,h2,3,10240,6.0,15,1,14.6933,14.723,0.1418,14.8968,5.5758,5.5641,0.0538,5.6595,8.1661,8.115,0.1737,8.5308,0.0,0,0.0,0.0,6.6911,6.668,0.1226,6.8556,10.0,10,0.0,10.0,18.0,18,0.0,18.0,0.0,0
lossaware-disc,50,10K,h2,4,10240,6.0,15,1,14.8836,14.821,0.362,15.6094,5.507,5.5273,0.1305,5.6585,8.2503,8.152,0.3066,8.967,0.0,0,0.0,0.0,6.7349,6.671,0.2155,7.0715,10.0,10,0.0,10.0,18.0,18,0.0,18.0,0.0,0
lossaware-disc,50,10K,h2,5,10240,6.0,15,1,14.8548,14.78,0.3816,15.6632,5.518,5.5426,0.1368,5.6472,8.3027,8.185,0.4066,9.2475,0.0,0,0.0,0.0,6.7812,6.681,0.227,7.1751,10.0,10,0.0,10.0,18.0,18,0.0,18.0,0.0,0
lossaware-disc,50,10K,h2,6,10240,6.0,15,1,14.6419,14.627,0.2415,14.9835,5.5963,5.6006,0.0909,5.7233,8.1479,8.106,0.1717,8.4342,0.0,0,0.0,0.0,6.6934,6.656,0.1541,6.9703,10.0,10,0.0,10.0,18.0,18,0.0,18.0,0.0,0
lossaware-disc,50,10K,h2,7,10240,6.0,15,1,14.8178,14.813,0.242,15.1018,5.5299,5.5303,0.0905,5.6698,8.2047,8.221,0.1298,8.4267,0.0,0,0.0,0.0,6.724,6.685,0.1065,6.9172,10.0,10,0.0,10.0,18.0,18,0.0,18.0,0.0,0
lossaware-disc,50,10K,h2,8,10240,6.0,15,1,14.7509,14.782,0.26,15.0428,5.5552,5.5419,0.0969,5.7118,8.1352,8.058,0.1958,8.4356,0.0,0,0.0,0.0,6.6741,6.653,0.1062,6.9065,10.0,10,0.0,10.0,18.0,18,0.0,18.0,0.0,0
lossaware-disc,50,10K,h2,9,10240,6.0,15,1,14.8163,14.709,0.3679,15.358,5.5321,5.5694,0.1305,5.6407,8.2003,8.162,0.2901,8.5723,0.0,0,0.0,0.0,6.7222,6.699,0.0947,6.8914,10.0,10,0.0,10.0,18.0,18,0.0,18.0,0.0,0
lossaware-disc,50,10K,h2,10,10240,6.0,15,1,14.7947,14.75,0.3207,15.3131,5.5395,5.5539,0.1182,5.6825,8.2104,8.169,0.2414,8.5818,0.0,0,0.0,0.0,6.7163,6.665,0.2243,7.1305,10.0,10,0.0,10.0,18.0,18,0.0,18.0,0.0,0
lossaware-disc,50,10K,h3,1,10240,22.0,15,1,56.6502,56.247,3.2121,61.0365,1.4504,1.4564,0.0823,1.5847,29.891,29.891,2.3406,32.6743,0.0,0,0.0,0.0,26.3943,26.511,1.4782,28.4575,10.0,10,0.0,10.0,18.0,18,0.0,18.0,0.0,0
lossaware-disc,50,10K,h3,2,10240,22.0,15,1,56.0518,56.09,2.8748,59.5131,1.4652,1.4605,0.0764,1.5837,30.3238,31.149,2.7033,33.116,0.0,0,0.0,0.0,26.4986,26.586,1.6031,28.4282,10.0,10,0.0,10.0,18.0,18,0.0,18.0,0.0,0
lossaware-disc,50,10K,h3,3,10240,22.0,15,1,57.7011,57.424,1.6532,59.6324,1.4208,1.4266,0.041,1.4741,30.5163,29.759,1.4868,33.0683,0.0,0,0.0,0.0,26.86,26.884,1.022,28.21,10.0,10,0.0,10.0,18.0,18,0.0,18.0,0.0,0
lossaware-disc,50,10K,h3,4,10240,22.0,15,1,57.4935,58.288,3.9256,62.795,1.4313,1.4054,0.1014,1.5773,30.0902,30.973,2.9896,33.414,0.0,0,0.0,0.0,26.8643,27.247,1.5865,28.82,10.0,10,0.0,10.0,18.0,18,0.0,18.0,0.0,0
lossaware-disc,50,10K,h3,5,10240,22.0,15,1,58.3311,58.113,2.5209,61.7216,1.4069,1.4097,0.0618,1.5127,31.0875,31.524,1.7456,33.3703,0.0,0,0.0,0.0,27.3209,27.548,1.5419,29.2932,10.0,10,0.0,10.0,18.0,18,0.0,18.0,0.0,0
lossaware-disc,50,10K,h3,6,10240,22.0,15,1,56.7696,56.944,2.4767,60.3874,1.4457,1.4386,0.0648,1.5539,30.0431,29.736,1.6981,32.8951,0.0,0,0.0,0.0,26.4729,26.223,0.9478,28.074,10.0,10,0.0,10.0,18.0,18,0.0,18.0,0.0,0
lossaware-disc,50,10K,h3,7,10240,22.0,15,1,57.4277,57.53,3.3344,62.0434,1.4311,1.424,0.0857,1.569,30.1752,29.488,2.4518,33.4874,0.0,0,0.0,0.0,26.8167,26.49,1.4676,28.8931,10.0,10,0.0,10.0,18.0,18,0.0,18.0,0.0,0
lossaware-disc,50,10K,h3,8,10240,22.0,15,1,56.1158,56.449,2.0874,59.0478,1.4618,1.4512,0.0553,1.5531,29.938,29.705,1.9006,32.5984,0.0,0,0.0,0.0,26.2212,26.135,1.0952,27.6843,10.0,10,0.0,10.0,18.0,18,0.0,18.0,0.0,0
lossaware-disc,50,10K,h3,9,10240,22.0,15,1,56.4978,56.43,2.6965,59.2271,1.4533,1.4517,0.0741,1.5768,29.4431,29.543,2.1529,31.9163,0.0,0,0.0,0.0,26.1444,25.811,1.3887,28.2368,10.0,10,0.0,10.0,18.0,18,0.0,18.0,0.0,0
lossaware-disc,50,10K,h3,10,10240,22.0,15,1,57.1786,57.084,2.2869,60.9356,1.4348,1.4351,0.0565,1.5273,29.6991,29.407,1.8052,33.0569,0.0,0,0.0,0.0,26.3571,25.988,1.1545,28.2516,10.0,10,0.0,10.0,18.0,18,0.0,18.0,0.0,0
lossaware-disc,50,10K,h4,1,10240,52.0,15,1,126.8681,127.085,6.3766,134.7656,0.6473,0.6446,0.0334,0.7099,63.6856,63.748,3.9871,68.7887,0.0,0,0.0,0.0,62.5321,61.291,3.2292,67.5367,10.0,10,0.0,10.0,18.0,18,0.0,18.0,0.0,0
lossaware-disc,50,10K,h4,2,10240,52.0,15,1,130.9754,131.738,6.7965,140.118,0.627,0.6218,0.0327,0.6705,66.8266,66.1,4.7169,72.7368,0.0,0,0.0,0.0,63.6021,62.393,3.1499,68.7319,10.0,10,0.0,10.0,18.0,18,0.0,18.0,0.0,0
lossaware-disc,50,10K,h4,3,10240,52.0,15,1,130.5863,129.102,5.9909,138.9654,0.6286,0.6345,0.0287,0.6673,65.953,63.626,4.5353,72.519,0.0,0,0.0,0.0,63.459,62.339,2.9911,68.6145,10.0,10,0.0,10.0,18.0,18,0.0,18.0,0.0,0
lossaware-disc,50,10K,h4,4,10240,52.0,15,1,127.0381,127.19,4.0859,133.9391,0.6455,0.6441,0.0207,0.6767,63.2675,62.962,3.2616,68.1042,0.0,0,0.0,0.0,61.5394,61.657,2.1497,64.6662,10.0,10,0.0,10.0,18.0,18,0.0,18.0,0.0,0
lossaware-disc,50,10K,h4,5,10240,52.0,15,1,126.082,124.736,6.2023,135.3356,0.6512,0.6567,0.0318,0.6919,63.3937,64.554,6.8145,72.6759,0.0,0,0.0,0.0,61.3951,61.665,3.4859,66.4956,10.0,10,0.0,10.0,18.0,18,0.0,18.0,0.0,0
lossaware-disc,50,10K,h4,6,10240,52.0,15,1,130.2071,129.652,5.8453,137.6839,0.6304,0.6318,0.0289,0.6782,64.1857,64.371,3.3503,70.1144,0.0,0,0.0,0.0,61.7003,61.648,2.5435,65.8701,10.0,10,0.0,10.0,18.0,18,0.0,18.0,0.0,0
lossaware-disc,50,10K,h4,7,10240,52.0,15,1,126.4849,126.551,5.9457,136.4661,0.649,0.6473,0.0299,0.6869,62.6851,62.878,4.0107,68.3457,0.0,0,0.0,0.0,59.979,60.378,3.1323,64.7151,10.0,10,0.0,10.0,18.0,18,0.0,18.0,0.0,0
lossaware-disc,50,10K,h4,8,10240,52.0,15,1,129.0987,130.217,6.8509,140.6288,0.6362,0.6291,0.0337,0.688,65.9377,65.048,3.7257,72.0439,0.0,0,0.0,0.0,62.8281,62.941,3.702,69.0682,10.0,10,0.0,10.0,18.0,18,0.0,18.0,0.0,0
lossaware-disc,50,10K,h4,9,10240,52.0,15,1,124.8847,126.686,6.8065,134.3896,0.6578,0.6466,0.0359,0.7009,62.9517,63.583,5.6591,72.5718,0.0,0,0.0,0.0,60.8593,60.144,3.2814,66.6051,10.0,10,0.0,10.0,18.0,18,0.0,18.0,0.0,0
lossaware-disc,50,10K,h4,10,10240,52.0,15,1,127.6224,127.1,5.5687,137.0929,0.643,0.6445,0.0274,0.6784,63.537,64.485,5.4112,71.8133,0.0,0,0.0,0.0,62.2935,62.443,3.5398,68.1446,10.0,10,0.0,10.0,18.0,18,0.0,18.0,0.0,0
metrics,50,10K,h2,1,10240,6.0,15,1,14.7573,14.714,0.2539,15.1079,5.5527,5.5675,0.0942,5.6918,8.0993,8.079,0.1527,8.3335,0.0,0,0.0,0.0,6.6622,6.645,0.0627,6.7774,10.0,10,0.0,10.0,18.0,18,0.0,18.0,0.0,0
metrics,50,10K,h2,2,10240,6.0,15,1,14.5387,14.512,0.1492,14.7767,5.6352,5.645,0.0577,5.7054,8.0921,8.046,0.1518,8.2914,0.0,0,0.0,0.0,6.6233,6.597,0.0718,6.7462,10.0,10,0.0,10.0,18.0,18,0.0,18.0,0.0,0
metrics,50,10K,h2,3,10240,6.0,15,1,14.7657,14.634,0.3389,15.3534,5.5506,5.5979,0.1217,5.6516,8.1859,8.141,0.3323,8.586,0.0,0,0.0,0.0,6.7167,6.673,0.2219,7.0992,10.0,10,0.0,10.0,18.0,18,0.0,18.0,0.0,0
metrics,50,10K,h2,4,10240,6.0,15,1,14.66,14.65,0.1691,14.9231,5.5887,5.5918,0.0643,5.6817,8.074,8.087,0.1012,8.1844,0.0,0,0.0,0.0,6.7365,6.705,0.192,7.0537,10.0,10,0.0,10.0,18.0,18,0.0,18.0,0.0,0
metrics,50,10K,h2,5,10240,6.0,15,1,14.7285,14.818,0.2118,14.9334,5.5631,5.5284,0.0813,5.6891,8.1238,8.115,0.1487,8.33,0.0,0,0.0,0.0,6.6976,6.624,0.1829,7.025,10.0,10,0.0,10.0,18.0,18,0.0,18.0,0.0,0
metrics,50,10K,h2,6,10240,6.0,15,1,14.7515,14.759,0.157,14.9557,5.5539,5.5505,0.0592,5.6404,8.0937,8.081,0.1322,8.3005,0.0,0,0.0,0.0,6.7044,6.657,0.1436,6.993,10.0,10,0.0,10.0,18.0,18,0.0,18.0,0.0,0
metrics,50,10K,h2,7,10240,6.0,15,1,14.7873,14.838,0.3514,15.383,5.5427,5.521,0.1296,5.705,8.1307,8.136,0.1723,8.3582,0.0,0,0.0,0.0,6.6595,6.647,0.1288,6.8409,10.0,10,0.0,10.0,18.0,18,0.0,18.0,0.0,0
metrics,50,10K,h2,8,10240,6.0,15,1,14.7073,14.704,0.1832,15.011,5.5708,5.5713,0.0691,5.6518,8.1121,8.122,0.1762,8.3349,0.0,0,0.0,0.0,6.6971,6.657,0.1437,6.9542,10.0,10,0.0,10.0,18.0,18,0.0,18.0,0.0,0
metrics,50,10K,h2,9,10240,6.0,15,1,14.7931,14.771,0.1759,15.0586,5.5385,5.546,0.0657,5.6201,8.0794,8.046,0.1612,8.3371,0.0,0,0.0,0.0,6.7347,6.686,0.1724,7.003,10.0,10,0.0,10.0,18.0,18,0.0,18.0,0.0,0
metrics,50,10K,h2,10,10240,6.0,15,1,14.7435,14.735,0.2417,15.1286,5.5577,5.5596,0.0908,5.6818,8.1401,8.091,0.1714,8.4073,0.0,0,0.0,0.0,6.6783,6.678,0.0751,6.786,10.0,10,0.0,10.0,18.0,18,0.0,18.0,0.0,0
metrics,50,10K,h3,1,10240,22.0,15,1,56.4658,57.101,2.6066,60.9393,1.4537,1.4347,0.0669,1.5454,29.5663,29.388,2.7408,33.0412,0.0,0,0.0,0.0,26.2279,25.814,1.5131,28.3186,10.0,10,0.0,10.0,18.0,18,0.0,18.0,0.0,0
metrics,50,10K,h3,2,10240,22.0,15,1,52.8396,52.872,0.4281,53.3543,1.5504,1.5494,0.0126,1.5698,27.4724,27.784,0.5595,28.0764,0.0,0,0.0,0.0,24.9001,25.2,0.5136,25.3549,10.0,10,0.0,10.0,18.0,18,0.0,18.0,0.0,0
metrics,50,10K,h3,3,10240,22.0,15,1,56.4231,56.617,3.6988,61.3334,1.4578,1.4469,0.0972,1.6086,29.6939,29.668,2.8048,33.146,0.0,0,0.0,0.0,26.4033,26.473,1.619,28.8223,10.0,10,0.0,10.0,18.0,18,0.0,18.0,0.0,0
metrics,50,10K,h3,4,10240,22.0,15,1,56.8634,56.997,3.1326,60.5978,1.4449,1.4373,0.0824,1.5832,29.7151,29.98,2.7311,32.6167,0.0,0,0.0,0.0,26.8947,26.628,1.6196,29.1615,10.0,10,0.0,10.0,18.0667,18,0.2582,18.3,0.0,0
metrics,50,10K,h3,5,10240,22.0,15,1,56.3301,56.684,2.4432,60.1456,1.4568,1.4452,0.0628,1.5408,29.3107,29.128,2.0082,32.8338,0.0,0,0.0,0.0,26.2933,25.82,1.2806,28.1883,10.0,10,0.0,10.0,18.0,18,0.0,18.0,0.0,0
metrics,50,10K,h3,6,10240,22.0,15,1,57.4719,56.93,2.6185,61.2296,1.4282,1.439,0.065,1.523,29.9235,29.899,2.5515,33.1918,0.0,0,0.0,0.0,26.8123,26.245,1.3492,28.8177,10.0,10,0.0,10.0,18.0,18,0.0,18.0,0.0,0
metrics,50,10K,h3,7,10240,22.0,15,1,57.3542,58.042,2.6951,60.2649,1.4314,1.4114,0.0706,1.5656,30.7269,31.363,2.4011,33.2623,0.0,0,0.0,0.0,27.0385,27.621,1.485,28.4649,10.0,10,0.0,10.0,18.0,18,0.0,18.0,0.0,0
metrics,50,10K,h3,8,10240,22.0,15,1,56.5265,56.934,2.5446,60.5533,1.452,1.4389,0.0652,1.5531,29.8243,29.39,1.7187,32.3349,0.0,0,0.0,0.0,26.1152,25.74,1.3352,27.9895,10.0,10,0.0,10.0,18.0,18,0.0,18.0,0.0,0
metrics,50,10K,h3,9,10240,22.0,15,1,57.1685,56.861,3.6056,61.6702,1.4385,1.4407,0.0943,1.6046,30.1643,29.864,2.6854,33.2231,0.0,0,0.0,0.0,26.5865,26.286,1.7666,28.8604,10.0,10,0.0,10.0,18.0,18,0.0,18.0,0.0,0
metrics,50,10K,h3,10,10240,22.0,15,1,55.4685,55.141,3.118,61.5991,1.4811,1.4856,0.0798,1.5688,29.1989,29.42,2.8392,33.376,0.0,0,0.0,0.0,25.9885,25.68,1.4904,28.9365,10.0,10,0.0,10.0,18.0,18,0.0,18.0,0.0,0
metrics,50,10K,h4,1,10240,52.0,15,1,128.1451,130.375,6.4122,136.2845,0.6408,0.6283,0.0327,0.7013,65.1029,64.604,4.0115,70.08,0.0,0,0.0,0.0,62.2135,63.989,4.1517,67.5078,10.0,10,0.0,10.0,18.0,18,0.0,18.0,0.0,0
metrics,50,10K,h4,2,10240,52.0,15,1,117.4484,116.933,3.7585,123.1851,0.6982,0.7006,0.0225,0.7297,59.5033,59.502,2.6029,62.5721,0.0,0,0.0,0.0,57.7327,58.142,1.8924,59.8785,10.0,10,0.0,10.0,18.0,18,0.0,18.0,0.0,0
metrics,50,10K,h4,3,10240,52.0,15,1,128.6379,127.909,6.2455,135.497,0.6383,0.6405,0.033,0.697,64.563,62.997,4.6079,71.8813,0.0,0,0.0,0.0,62.1831,61.623,3.346,66.874,10.0,10,0.0,10.0,18.0,18,0.0,18.0,0.0,0
metrics,50,10K,h4,4,10240,52.0,15,1,128.5177,127.823,4.6344,135.7009,0.6382,0.6409,0.023,0.6726,64.7337,64.502,4.1839,70.1814,0.0,0,0.0,0.0,62.8439,63.255,2.6491,66.2489,10.0,10,0.0,10.0,18.0,18,0.0,18.0,0.0,0
metrics,50,10K,h4,5,10240,52.0,15,1,128.1646,128.05,5.0164,133.9777,0.6401,0.6398,0.0262,0.6859,63.7906,64.062,3.1053,67.4021,0.0,0,0.0,0.0,61.2737,62.033,3.0115,64.7599,10.0,10,0.0,10.0,18.0,18,0.0,18.0,0.0,0
metrics,50,10K,h4,6,10240,52.0,15,1,126.4194,127.34,4.0321,131.6719,0.6486,0.6433,0.0209,0.6808,62.9539,62.93,2.944,67.1146,0.0,0,0.0,0.0,60.8867,60.607,2.0513,64.1947,10.0,10,0.0,10.0,18.0,18,0.0,18.0,0.0,0
metrics,50,10K,h4,7,10240,52.0,15,1,125.4885,124.546,7.109,134.8863,0.6548,0.6577,0.0372,0.7161,63.7703,63.997,5.0331,71.7118,0.0,0,0.0,0.0,60.8524,59.26,3.6487,66.0714,10.0,10,0.0,10.0,18.0,18,0.0,18.0,0.0,0
metrics,50,10K,h4,8,10240,52.0,15,1,129.1798,130.367,6.8651,137.512,0.6358,0.6284,0.0341,0.6844,65.5859,65.245,4.8421,72.4015,0.0,0,0.0,0.0,62.7585,62.578,4.0137,68.2372,10.0,10,0.0,10.0,18.0,18,0.0,18.0,0.0,0
metrics,50,10K,h4,9,10240,52.0,15,1,128.4395,128.212,6.0196,136.6639,0.6391,0.6389,0.03,0.6856,64.3103,62.948,6.1336,73.0759,0.0,0,0.0,0.0,62.6856,61.437,3.2186,67.0917,10.0,10,0.0,10.0,18.0,18,0.0,18.0,0.0,0
metrics,50,10K,h4,10,10240,52.0,15,1,127.7569,127.687,5.9057,137.1651,0.6425,0.6416,0.0291,0.6794,64.1583,64.414,4.8194,70.9642,0.0,0,0.0,0.0,61.0188,60.91,2.5586,64.9657,10.0,10,0.0,10.0,18.0,18,0.0,18.0,0.0,0
static10,50,10K,h2,1,10240,6.0,15,1,14.7249,14.714,0.222,15.036,5.5645,5.5675,0.0843,5.6978,8.14,8.13,0.1521,8.3857,0.0,0,0.0,0.0,6.6543,6.643,0.0993,6.7882,10.0,10,0.0,10.0,18.0,18,0.0,18.0,0.0,0
static10,50,10K,h2,2,10240,6.0,15,1,14.6189,14.605,0.2251,14.9508,5.6049,5.609,0.085,5.7002,8.1544,8.126,0.198,8.4627,0.0,0,0.0,0.0,6.6445,6.621,0.0666,6.7538,10.0,10,0.0,10.0,18.0,18,0.0,18.0,0.0,0
static10,50,10K,h2,3,10240,6.0,15,1,14.6696,14.659,0.1856,14.934,5.5852,5.5884,0.0698,5.6681,8.0669,8.06,0.1337,8.279,0.0,0,0.0,0.0,6.7143,6.672,0.1621,7.0561,10.0,10,0.0,10.0,18.0,18,0.0,18.0,0.0,0
static10,50,10K,h2,4,10240,6.0,15,1,14.8145,14.82,0.2873,15.2555,5.5317,5.5277,0.1065,5.6937,8.1946,8.184,0.1499,8.4869,0.0,0,0.0,0.0,6.7265,6.687,0.1356,6.9746,10.0,10,0.0,10.0,18.0,18,0.0,18.0,0.0,0
static10,50,10K,h2,5,10240,6.0,15,1,14.7742,14.779,0.2465,15.122,5.5462,5.543,0.0917,5.6841,8.1675,8.153,0.1642,8.4976,0.0,0,0.0,0.0,6.6953,6.659,0.1396,6.9611,10.0,10,0.0,10.0,18.0,18,0.0,18.0,0.0,0
static10,50,10K,h2,6,10240,6.0,15,1,14.7225,14.691,0.2652,15.1432,5.5659,5.5762,0.0979,5.6708,8.1093,8.045,0.216,8.3815,0.0,0,0.0,0.0,6.6658,6.619,0.0997,6.8422,10.0,10,0.0,10.0,18.0,18,0.0,18.0,0.0,0
static10,50,10K,h2,7,10240,6.0,15,1,14.6213,14.677,0.2126,14.8581,5.6039,5.5815,0.0818,5.7145,8.1106,8.098,0.0826,8.2277,0.0,0,0.0,0.0,6.7151,6.67,0.1236,6.902,10.0,10,0.0,10.0,18.0,18,0.0,18.0,0.0,0
static10,50,10K,h2,8,10240,6.0,15,1,14.6042,14.62,0.2363,14.886,5.6107,5.6033,0.091,5.7227,8.0687,8.063,0.129,8.2325,0.0,0,0.0,0.0,6.6617,6.669,0.0893,6.818,10.0,10,0.0,10.0,18.0,18,0.0,18.0,0.0,0
static10,50,10K,h2,9,10240,6.0,15,1,14.7743,14.772,0.2085,15.0956,5.5458,5.5456,0.0779,5.6747,8.1653,8.115,0.1371,8.3902,0.0,0,0.0,0.0,6.6639,6.652,0.0849,6.8178,10.0,10,0.0,10.0,18.0,18,0.0,18.0,0.0,0
static10,50,10K,h2,10,10240,6.0,15,1,14.6875,14.711,0.261,15.0618,5.5792,5.5686,0.0986,5.7186,8.1657,8.094,0.1897,8.4554,0.0,0,0.0,0.0,6.6739,6.657,0.1127,6.8697,10.0,10,0.0,10.0,18.0,18,0.0,18.0,0.0,0
static10,50,10K,h3,1,10240,22.0,15,1,56.2797,57.136,2.5557,58.6403,1.4586,1.4338,0.0706,1.562,29.6328,29.449,2.185,32.7159,0.0,0,0.0,0.0,26.2645,26.41,1.2035,27.946,10.0,10,0.0,10.0,18.0,18,0.0,18.0,0.0,0
static10,50,10K,h3,2,10240,22.0,15,1,52.2671,52.5,0.9067,53.2049,1.5678,1.5604,0.0275,1.6147,27.1185,27.088,0.5436,27.7813,0.0,0,0.0,0.0,24.7223,24.624,0.5872,25.562,10.0,10,0.0,10.0,18.0,18,0.0,18.0,0.0,0
static10,50,10K,h3,3,10240,22.0,15,1,57.0651,57.651,3.2527,61.3379,1.44,1.421,0.0837,1.5663,30.4962,31.073,2.8536,33.0531,0.0,0,0.0,0.0,26.805,27.206,1.5086,28.6399,10.0,10,0.0,10.0,18.0,18,0.0,18.0,0.0,0
static10,50,10K,h3,4,10240,22.0,15,1,56.0497,56.348,2.8732,60.5427,1.4651,1.4538,0.0749,1.5619,29.2738,29.37,1.9736,32.1512,0.0,0,0.0,0.0,25.9331,25.502,1.3775,28.1955,10.0,10,0.0,10.0,18.0,18,0.0,18.0,0.0,0
static10,50,10K,h3,5,10240,22.0,15,1,57.2486,56.696,3.0401,61.0124,1.4348,1.4449,0.077,1.5404,29.512,29.528,2.8149,32.8081,0.0,0,0.0,0.0,26.5463,25.749,1.5033,28.4995,10.0,10,0.0,10.0,18.0,18,0.0,18.0,0.0,0
static10,50,10K,h3,6,10240,22.0,15,1,58.0321,57.851,2.5093,61.0863,1.4142,1.4161,0.0637,1.5178,30.7465,30.934,1.7753,33.0268,0.0,0,0.0,0.0,27.1384,27.527,1.1724,28.7374,10.0,10,0.0,10.0,18.0,18,0.0,18.0,0.0,0
static10,50,10K,h3,7,10240,22.0,15,1,58.3369,58.578,2.7623,62.0288,1.4073,1.3985,0.0689,1.5232,30.8297,30.172,1.6422,33.4155,0.0,0,0.0,0.0,26.8901,26.733,1.4454,28.8612,10.0,10,0.0,10.0,18.0,18,0.0,18.0,0.0,0
static10,50,10K,h3,8,10240,22.0,15,1,56.4964,57.367,2.7746,59.79,1.4533,1.428,0.0726,1.5632,29.723,29.728,2.7169,32.8511,0.0,0,0.0,0.0,26.5172,26.227,1.4823,28.2346,10.0,10,0.0,10.0,18.0,18,0.0,18.0,0.0,0
static10,50,10K,h3,9,10240,22.0,15,1,58.4621,59.405,3.6545,62.4512,1.4066,1.379,0.0924,1.5735,30.9415,31.884,2.4536,33.2746,0.0,0,0.0,0.0,27.3385,27.686,1.4123,28.806,10.0,10,0.0,10.0,18.0,18,0.0,18.0,0.0,0
static10,50,10K,h3,10,10240,22.0,15,1,57.2151,57.257,3.9301,61.9757,1.4383,1.4307,0.1014,1.6005,30.6433,29.787,2.2138,33.6164,0.0,0,0.0,0.0,26.8859,26.225,1.6442,28.9392,10.0,10,0.0,10.0,18.0,18,0.0,18.0,0.0,0
static10,50,10K,h4,1,10240,52.0,15,1,127.5781,127.266,6.7419,137.6321,0.6438,0.6437,0.0339,0.6913,63.675,64.268,4.0088,68.704,0.0,0,0.0,0.0,60.3033,59.673,2.9556,65.2343,10.0,10,0.0,10.0,18.0,18,0.0,18.0,0.0,0
static10,50,10K,h4,2,10240,52.0,15,1,118.8877,119.288,2.2496,121.8632,0.6893,0.6867,0.0132,0.7109,59.8795,59.957,2.1578,62.191,0.0,0,0.0,0.0,57.5552,57.389,1.7407,60.3004,10.0,10,0.0,10.0,18.0,18,0.0,18.0,0.0,0
static10,50,10K,h4,3,10240,52.0,15,1,128.3345,130.0,5.7193,134.6289,0.6395,0.6302,0.0293,0.6949,65.0487,64.385,3.8149,70.8076,0.0,0,0.0,0.0,61.4417,59.722,3.8331,67.1142,10.0,10,0.0,10.0,18.0,18,0.0,18.0,0.0,0
static10,50,10K,h4,4,10240,52.0,15,1,129.7668,129.236,6.2214,138.7517,0.6326,0.6339,0.0304,0.6817,64.4427,62.535,5.5429,72.8057,0.0,0,0.0,0.0,61.7666,61.384,3.7099,67.2766,10.0,10,0.0,10.0,18.0,18,0.0,18.0,0.0,0
static10,50,10K,h4,5,10240,52.0,15,1,127.6185,127.477,4.9708,134.5624,0.6428,0.6426,0.025,0.6817,63.1987,62.257,3.8428,70.0476,0.0,0,0.0,0.0,62.4455,62.581,3.256,67.6678,10.0,10,0.0,10.0,18.0,18,0.0,18.0,0.0,0
static10,50,10K,h4,6,10240,52.0,15,1,129.6066,130.178,7.0148,139.8973,0.6338,0.6293,0.0339,0.6735,65.5301,65.491,4.3525,72.6021,0.0,0,0.0,0.0,62.9594,63.415,3.8553,67.8949,10.0,10,0.0,10.0,18.0,18,0.0,18.0,0.0,0
static10,50,10K,h4,7,10240,52.0,15,1,126.4549,127.384,6.8226,136.3261,0.6496,0.6431,0.0355,0.7081,64.0415,64.252,5.592,71.9112,0.0,0,0.0,0.0,60.9479,60.905,4.0637,66.0533,10.0,10,0.0,10.0,18.0,18,0.0,18.0,0.0,0
static10,50,10K,h4,8,10240,52.0,15,1,127.322,129.678,6.2867,134.5352,0.6449,0.6317,0.0328,0.6996,63.0595,64.499,4.6374,68.0447,0.0,0,0.0,0.0,62.1597,63.836,3.8927,66.4501,10.0,10,0.0,10.0,18.0,18,0.0,18.0,0.0,0
static10,50,10K,h4,9,10240,52.0,15,1,125.4975,127.406,6.3894,133.2978,0.6544,0.643,0.034,0.7068,63.0937,63.513,5.0134,69.7405,0.0,0,0.0,0.0,60.6611,61.808,3.3553,65.0322,10.0,10,0.0,10.0,18.0,18,0.0,18.0,0.0,0
static10,50,10K,h4,10,10240,52.0,15,1,127.8214,127.832,7.3425,138.7023,0.6429,0.6408,0.0374,0.7034,64.514,65.222,4.9795,70.6738,0.0,0,0.0,0.0,62.2366,63.671,4.2143,67.061,10.0,10,0.0,10.0,18.0,18,0.0,18.0,0.0,0
statichigh,50,10K,h2,1,10240,6.0,15,1,14.6878,14.719,0.1455,14.8632,5.5779,5.5656,0.0555,5.6742,8.0741,8.067,0.079,8.2167,0.0,0,0.0,0.0,6.8639,6.849,0.1077,7.0216,24.0,24,0.0,24.0,24.0,24,0.0,24.0,0.0,0
statichigh,50,10K,h2,2,10240,6.0,15,1,14.6823,14.639,0.1992,15.034,5.5804,5.596,0.075,5.6762,8.0846,8.091,0.1068,8.2125,0.0,0,0.0,0.0,6.8955,6.853,0.1642,7.2655,24.0,24,0.0,24.0,24.0,24,0.0,24.0,0.0,0
statichigh,50,10K,h2,3,10240,6.0,15,1,14.8253,14.721,0.3226,15.2915,5.5281,5.5648,0.1181,5.6849,8.1639,8.094,0.2976,8.569,0.0,0,0.0,0.0,6.8831,6.826,0.1686,7.1309,24.0,24,0.0,24.0,24.0,24,0.0,24.0,0.0,0
statichigh,50,10K,h2,4,10240,6.0,15,1,14.76,14.764,0.0982,14.883,5.5504,5.5486,0.0371,5.6199,8.1271,8.146,0.099,8.2592,0.0,0,0.0,0.0,6.8479,6.86,0.0354,6.8939,24.0,24,0.0,24.0,24.0,24,0.0,24.0,0.0,0
statichigh,50,10K,h2,5,10240,6.0,15,1,14.786,14.796,0.1899,15.088,5.5412,5.5366,0.071,5.6345,8.1483,8.165,0.1203,8.3221,0.0,0,0.0,0.0,6.9373,6.915,0.1687,7.1659,24.0,24,0.0,24.0,24.0,24,0.0,24.0,0.0,0
statichigh,50,10K,h2,6,10240,6.0,15,1,14.7604,14.679,0.2912,15.2384,5.552,5.5808,0.107,5.6567,8.1729,8.097,0.2906,8.611,0.0,0,0.0,0.0,6.9018,6.825,0.2193,7.3786,24.0,24,0.0,24.0,24.0,24,0.0,24.0,0.0,0
statichigh,50,10K,h2,7,10240,6.0,15,1,14.6289,14.56,0.2063,14.9522,5.6009,5.6264,0.0775,5.6711,8.0789,8.105,0.1174,8.2218,0.0,0,0.0,0.0,6.848,6.829,0.0854,6.975,24.0,24,0.0,24.0,24.0,24,0.0,24.0,0.0,0
statichigh,50,10K,h2,8,10240,6.0,15,1,14.6273,14.627,0.1504,14.8572,5.6011,5.6006,0.0575,5.6919,8.0911,8.081,0.0764,8.1887,0.0,0,0.0,0.0,6.8252,6.801,0.0894,6.9665,24.0,24,0.0,24.0,24.0,24,0.0,24.0,0.0,0
statichigh,50,10K,h2,9,10240,6.0,15,1,14.6767,14.639,0.1413,14.8948,5.5821,5.596,0.0535,5.6512,8.0831,8.046,0.1134,8.2218,0.0,0,0.0,0.0,6.8571,6.803,0.1287,7.1522,24.0,24,0.0,24.0,24.0,24,0.0,24.0,0.0,0
statichigh,50,10K,h2,10,10240,6.0,15,1,14.7123,14.677,0.3083,15.1707,5.5703,5.5815,0.1117,5.6821,8.1499,8.121,0.1684,8.3747,0.0,0,0.0,0.0,6.8636,6.845,0.1054,7.0613,24.0,24,0.0,24.0,24.0,24,0.0,24.0,0.0,0
statichigh,50,10K,h3,1,10240,22.0,15,1,56.0973,56.832,3.4167,60.6087,1.4656,1.4414,0.0939,1.6358,30.2683,30.406,2.6015,32.7703,0.0,0,0.0,0.0,26.547,26.838,1.3771,28.1832,24.0,24,0.0,24.0,24.0,24,0.0,24.0,0.0,0
statichigh,50,10K,h3,2,10240,22.0,15,1,56.3937,56.791,3.0989,61.0754,1.4568,1.4425,0.0815,1.5986,29.8089,29.346,2.1511,33.1828,0.0,0,0.0,0.0,26.2369,25.878,1.4649,28.8602,24.0,24,0.0,24.0,24.0,24,0.0,24.0,0.0,0
statichigh,50,10K,h3,3,10240,22.0,15,1,55.1507,56.357,3.2171,58.4316,1.4904,1.4536,0.0919,1.6581,28.5933,29.27,2.6505,32.3534,0.0,0,0.0,0.0,25.9024,25.921,1.4707,27.815,24.0,24,0.0,24.0,24.0,24,0.0,24.0,0.0,0
statichigh,50,10K,h3,4,10240,22.0,15,1,56.4356,56.346,2.5488,60.233,1.4543,1.4539,0.0654,1.5579,30.0637,29.668,1.7529,32.9363,0.0,0,0.0,0.0,26.4207,26.468,1.1372,28.0497,24.0,24,0.0,24.0,24.0,24,0.0,24.0,0.0,0
statichigh,50,10K,h3,5,10240,22.0,15,1,57.8172,58.689,2.9993,61.4471,1.4205,1.3958,0.0758,1.5426,30.2434,30.416,2.4572,33.0344,0.0,0,0.0,0.0,26.8597,26.686,1.4745,28.7086,24.0,24,0.0,24.0,24.0,24,0.0,24.0,0.0,0
statichigh,50,10K,h3,6,10240,22.0,15,1,56.5333,56.492,3.7685,61.6971,1.4551,1.4501,0.0971,1.5861,29.8502,29.44,1.9866,33.0398,0.0,0,0.0,0.0,26.5345,26.606,1.4837,28.6355,24.0,24,0.0,24.0,24.0,24,0.0,24.0,0.0,0
statichigh,50,10K,h3,7,10240,22.0,15,1,57.5483,58.255,3.706,61.0108,1.4298,1.4062,0.1046,1.5889,30.9059,31.368,2.5865,33.4404,0.0,0,0.0,0.0,27.0679,27.279,1.3747,28.8139,24.0,24,0.0,24.0,24.0,24,0.0,24.0,0.0,0
statichigh,50,10K,h3,8,10240,22.0,15,1,56.7716,56.612,3.2482,61.1674,1.4475,1.447,0.0843,1.5823,30.6378,29.774,2.2862,33.1168,0.0,0,0.0,0.0,26.7708,26.272,1.4305,28.7602,24.0,24,0.0,24.0,24.0,24,0.0,24.0,0.0,0
statichigh,50,10K,h3,9,10240,22.0,15,1,56.2639,56.526,2.4405,60.0685,1.4586,1.4492,0.0634,1.5442,29.461,29.802,2.5876,32.587,0.0,0,0.0,0.0,26.4085,26.991,1.2544,27.8775,24.0,24,0.0,24.0,24.0,24,0.0,24.0,0.0,0
statichigh,50,10K,h3,10,10240,22.0,15,1,56.7528,57.188,3.01,61.338,1.4473,1.4325,0.0775,1.5656,29.9165,29.56,2.1716,33.08,0.0,0,0.0,0.0,26.4055,25.965,1.5364,28.7645,24.0,24,0.0,24.0,24.0,24,0.0,24.0,0.0,0
statichigh,50,10K,h4,1,10240,52.0,15,1,129.2355,128.927,6.5665,139.111,0.6354,0.6354,0.0323,0.6863,63.9404,63.499,5.9497,71.5054,0.0,0,0.0,0.0,62.3465,62.456,4.1553,67.5342,24.0,24,0.0,24.0,24.0,24,0.0,24.0,0.0,0
statichigh,50,10K,h4,2,10240,52.0,15,1,129.7054,129.27,6.1418,140.5207,0.6329,0.6337,0.0297,0.6781,64.467,64.307,5.6373,72.3052,0.0,0,0.0,0.0,63.3704,62.938,2.7269,67.2077,24.0,24,0.0,24.0,24.0,24,0.0,24.0,0.0,0
statichigh,50,10K,h4,3,10240,52.0,15,1,132.2972,132.536,6.0331,139.9889,0.6204,0.6181,0.0287,0.6671,66.4603,68.254,5.0288,71.3569,0.0,0,0.0,0.0,63.8525,63.572,2.6958,67.4886,24.0,24,0.0,24.0,24.0,24,0.0,24.0,0.0,0
statichigh,50,10K,h4,4,10240,52.0,15,1,128.1451,128.99,5.9204,134.0988,0.6406,0.6351,0.0308,0.693,64.7859,64.433,4.4886,70.8022,0.0,0,0.0,0.0,62.3283,63.046,2.9437,65.2708,24.0,24,0.0,24.0,24.0,24,0.0,24.0,0.0,0
statichigh,50,10K,h4,5,10240,52.0,15,1,127.6206,128.427,7.4212,136.4564,0.644,0.6379,0.0391,0.6951,65.139,66.289,4.8211,71.6623,0.0,0,0.0,0.0,61.353,61.737,3.6505,66.4642,24.0,24,0.0,24.0,24.0,24,0.0,24.0,0.0,0
statichigh,50,10K,h4,6,10240,52.0,15,1,127.4146,125.735,6.9101,136.5417,0.6447,0.6515,0.0355,0.6919,63.8142,64.265,4.4383,70.4452,0.0,0,0.0,0.0,61.7712,61.412,3.3754,66.3352,24.0,24,0.0,24.0,24.0,24,0.0,24.0,0.0,0
statichigh,50,10K,h4,7,10240,52.0,15,1,126.4383,127.256,6.3627,133.6459,0.6495,0.6437,0.0335,0.7005,64.2259,64.295,4.9236,71.2205,0.0,0,0.0,0.0,60.6049,59.759,2.6046,64.9518,24.0,24,0.0,24.0,24.0,24,0.0,24.0,0.0,0
statichigh,50,10K,h4,8,10240,52.0,15,1,131.6626,132.127,6.3707,140.1478,0.6236,0.62,0.0303,0.6717,66.4603,66.93,4.3117,72.3115,0.0,0,0.0,0.0,64.7688,64.257,3.536,70.6333,24.0,24,0.0,24.0,24.0,24,0.0,24.0,0.0,0
statichigh,50,10K,h4,9,10240,52.0,15,1,127.3835,127.284,5.3332,136.4563,0.6442,0.6436,0.027,0.6896,64.5277,64.582,5.0353,72.5817,0.0,0,0.0,0.0,61.2948,61.02,3.706,66.7181,24.0,24,0.0,24.0,24.0,24,0.0,24.0,0.0,0
statichigh,50,10K,h4,10,10240,52.0,15,1,128.3463,126.77,5.9642,138.2317,0.6395,0.6462,0.029,0.6755,63.6571,62.963,4.171,70.2081,0.0,0,0.0,0.0,62.0095,61.464,4.0969,67.9294,24.0,24,0.0,24.0,24.0,24,0.0,24.0,0.0,0
ewma,50,10M,h2,1,10485760,6.0,15,1,1769.1577,1768.378,2.2027,1773.8984,47.4159,47.4367,0.0589,47.4538,1762.4779,1761.522,2.2019,1767.0613,16.6667,17,5.1223,21.0,8.7523,8.746,0.0926,8.8969,45.8667,48,9.9345,49.0,48.6667,48,1.0465,49.9,93.333,0
ewma,50,10M,h2,2,10485760,6.0,15,1,1768.2878,1768.14,1.2759,1769.813,47.4392,47.4431,0.0342,47.4641,1761.5839,1761.34,1.2168,1763.0864,17.2,17,5.1297,21.0,8.6917,8.7,0.0758,8.804,45.4667,48,9.8116,48.0,48.0,48,0.0,48.0,93.333,0
ewma,50,10M,h2,3,10485760,6.0,15,1,1768.1139,1767.968,1.0928,1769.4644,47.4438,47.4477,0.0293,47.4664,1761.509,1761.292,1.0493,1762.821,16.9333,17,5.0209,21.0,8.7349,8.749,0.0857,8.8327,45.4667,48,9.8116,48.0,48.0,48,0.0,48.0,93.333,0
ewma,50,10M,h2,4,10485760,6.0,15,1,1768.2841,1768.076,1.4953,1769.8483,47.4393,47.4448,0.04,47.4653,1761.5993,1761.411,1.4756,1763.156,16.9333,17,5.0209,21.0,8.7299,8.728,0.0912,8.8484,45.4667,48,9.8116,48.0,48.0,48,0.0,48.0,93.333,0
ewma,50,10M,h2,5,10485760,6.0,15,1,1768.2135,1767.576,1.5842,1771.6979,47.4412,47.4583,0.0424,47.4825,1761.5639,1761.09,1.5759,1765.1081,17.2,17,5.7595,21.0,8.7867,8.762,0.1563,9.0119,46.4,49,10.0698,49.0,49.0,49,0.0,49.0,93.333,0
ewma,50,10M,h2,6,10485760,6.0,15,1,1768.5479,1767.929,1.5102,1771.5948,47.4322,47.4488,0.0405,47.4649,1761.8123,1761.204,1.4107,1764.7569,16.2,17,6.0024,21.0,8.7542,8.74,0.1552,8.9788,46.4,49,10.0698,49.0,49.0,49,0.0,49.0,93.333,0
ewma,50,10M,h2,7,10485760,6.0,15,1,1770.3072,1767.922,8.0723,1781.308,47.3859,47.449,0.213,47.4756,1763.6951,1761.288,8.0558,1774.655,16.0667,17,4.758,20.3,8.7465,8.735,0.0686,8.8414,45.4667,48,9.8116,48.0,48.0,48,0.0,48.0,93.333,0
ewma,50,10M,h2,8,10485760,6.0,15,1,1767.8939,1767.803,1.2803,1769.4789,47.4497,47.4522,0.0343,47.4963,1761.2731,1761.121,1.2077,1762.6404,17.8667,19,5.3032,21.0,8.7615,8.812,0.1438,8.9881,46.4,49,10.0698,49.0,49.0,49,0.0,49.0,93.333,0
ewma,50,10M,h2,9,10485760,6.0,15,1,1768.3231,1768.122,0.9655,1769.5112,47.4382,47.4436,0.0259,47.4558,1761.6857,1761.448,0.9814,1762.8968,15.6,17,4.4369,17.0,8.7712,8.77,0.0646,8.8718,45.4667,48,9.8116,48.0,48.0,48,0.0,48.0,93.333,0
ewma,50,10M,h2,10,10485760,6.0,15,1,1768.8519,1768.311,1.5017,1770.92,47.4241,47.4385,0.0402,47.4579,1762.2001,1761.624,1.4443,1764.1452,14.2667,17,4.4153,17.0,8.7687,8.797,0.0918,8.8995,44.5333,47,9.5534,47.0,47.0,47,0.0,47.0,93.333,0
ewma,50,10M,h3,1,10485760,22.0,15,1,1868.1331,1852.914,47.7301,1953.0089,44.9301,45.2725,1.1071,45.8682,1842.1998,1825.771,47.0039,1924.756,16.4667,15,9.2649,30.6,24.5383,24.552,0.1724,24.816,144.3333,156,38.0445,162.0,160.6667,156,11.8663,178.9,93.333,0
ewma,50,10M,h3,2,10485760,22.0,15,1,1848.6505,1853.808,14.9705,1869.1434,45.3797,45.2507,0.3682,45.949,1821.2763,1825.784,14.2244,1840.2584,18.2667,20,10.9314,31.6,24.5117,24.431,0.1942,24.8893,147.0667,165,39.4506,165.0,163.9333,165,13.7761,181.8,93.333,0
ewma,50,10M,h3,3,10485760,22.0,15,1,1860.4467,1848.827,34.0032,1930.1718,45.1029,45.3726,0.8012,45.8848,1833.3068,1825.638,33.7015,1901.8668,18.1333,21,9.1172,30.2,24.4979,24.472,0.1201,24.6686,140.0667,150,36.9429,157.0,154.8667,157,13.1631,175.5,93.333,0
ewma,50,10M,h3,4,10485760,22.0,15,1,1855.1831,1850.325,29.2526,1904.7551,45.2274,45.3359,0.6946,45.8645,1828.1432,1823.454,28.6158,1876.0743,16.8667,14,10.8619,31.9,24.5316,24.481,0.1738,24.8542,144.1333,157,38.2003,164.0,160.9333,157,13.2798,180.8,93.333,0
ewma,50,10M,h3,5,10485760,22.0,15,1,1853.1282,1850.439,14.6919,1877.8245,45.2699,45.3331,0.3585,45.895,1826.4562,1823.696,14.9481,1852.3043,16.8,16,11.6386,34.0,24.4921,24.477,0.1046,24.6202,138.2667,150,35.8777,150.0,151.1333,150,10.0133,170.0,93.333,0
ewma,50,10M,h3,6,10485760,22.0,15,1,1851.35,1854.751,17.867,1878.2621,45.3147,45.2277,0.4369,45.8787,1823.8654,1826.205,17.6262,1851.1865,15.9333,17,10.5253,29.9,24.5445,24.467,0.1815,24.8243,143.7333,157,38.7307,168.0,161.3333,165,15.8685,180.8,93.333,0
ewma,50,10M,h3,7,10485760,22.0,15,1,1851.0586,1854.138,15.2496,1869.2492,45.3208,45.2426,0.3732,45.8639,1823.955,1825.809,15.4003,1842.5039,14.6667,11,11.8241,32.2,24.4669,24.495,0.1083,24.6111,140.6,146,37.6427,162.0,157.0667,162,15.1868,181.3,100.0,0
ewma,50,10M,h3,8,10485760,22.0,15,1,1848.2457,1848.38,17.2955,1881.2566,45.3906,45.3836,0.4224,45.9062,1822.4863,1823.059,17.2702,1855.2908,15.8,10,12.8575,34.0,24.5449,24.504,0.1881,24.8689,144.4,149,38.7958,165.0,161.2,165,15.0057,183.9,93.333,0
ewma,50,10M,h3,9,10485760,22.0,15,1,1863.5293,1853.105,37.9574,1947.4928,45.0316,45.2679,0.8919,45.8889,1836.4959,1825.664,37.4365,1919.1031,18.1333,22,11.3381,33.3,24.5101,24.506,0.117,24.667,139.6667,150,36.4803,157.0,154.4667,150,12.2175,177.3,93.333,0
ewma,50,10M,h3,10,10485760,22.0,15,1,1877.8912,1854.813,45.9517,1942.341,44.695,45.2262,1.0805,45.9035,1851.2951,1826.918,45.182,1914.1614,19.8667,22,9.5534,33.0,24.5783,24.585,0.1635,24.8675,140.0,149,36.8607,157.0,154.8,157,12.8185,177.9,93.333,0
ewma,50,10M,h4,1,10485760,52.0,15,1,2026.9897,2019.28,27.8632,2062.5248,41.3916,41.5426,0.5485,41.7987,1960.4293,1951.127,28.6432,1995.8424,26.1333,28,19.8274,50.6,54.5457,54.589,0.1117,54.681,229.3333,245,60.6767,245.0,332.8667,357,39.1168,359.8,80.0,0
ewma,50,10M,h4,2,10485760,52.0,15,1,2076.3058,2018.251,237.9115,2300.3987,40.7628,41.5637,3.3776,41.9536,2010.0997,1949.826,240.1872,2234.7521,16.4667,26,14.9517,34.9,54.4974,54.461,0.0868,54.6369,229.2667,245,60.6588,245.0,313.8667,356,52.8054,361.8,60.0,0
ewma,50,10M,h4,3,10485760,52.0,15,1,2022.491,2021.049,28.0887,2055.0349,41.4838,41.5062,0.5563,41.9657,1956.9272,1955.874,28.8539,1991.2065,24.6667,26,10.479,34.0,54.5041,54.454,0.0881,54.6412,229.3333,245,60.6767,245.0,342.4,357,34.3278,357.0,86.667,0
ewma,50,10M,h4,4,10485760,52.0,15,1,2020.3197,2019.023,24.8398,2048.06,41.5269,41.5479,0.4964,41.9762,1954.4624,1954.906,25.2834,1983.3102,27.4,34,10.8021,34.9,54.5138,54.455,0.0884,54.6346,229.3333,245,60.6767,245.0,349.1333,357,25.125,366.3,93.333,0
ewma,50,10M,h4,5,10485760,52.0,15,1,2018.2723,2018.239,29.7562,2054.4701,41.5715,41.564,0.5958,42.1348,1951.2102,1949.612,30.3463,1988.9957,22.9333,27,13.0847,34.9,54.5439,54.464,0.158,54.758,229.3333,245,60.6767,245.0,336.7333,356,35.3442,358.0,86.667,0
ewma,50,10M,h4,6,10485760,52.0,15,1,2022.3587,2018.014,22.1846,2049.0532,41.4839,41.5686,0.4431,41.8616,1953.9472,1947.744,23.0418,1981.4685,25.0,27,13.954,38.3,54.5095,54.459,0.0989,54.6624,229.3333,245,60.6767,245.0,339.2,357,37.5465,368.2,86.667,0
ewma,50,10M,h4,7,10485760,52.0,15,1,2020.1671,2016.065,29.1529,2055.9705,41.5321,41.6088,0.58,42.0467,1953.9467,1953.216,29.4565,1988.3685,19.6667,26,14.7438,34.0,54.5629,54.593,0.1059,54.6889,229.3333,245,60.6767,245.0,324.4667,357,49.2658,358.8,66.667,0
ewma,50,10M,h4,8,10485760,52.0,15,1,2018.6303,2012.453,27.4942,2052.3618,41.5629,41.6835,0.5486,42.0132,1951.1665,1948.598,26.6347,1985.0374,18.4667,26,14.3022,34.0,54.5126,54.463,0.0836,54.6193,229.3333,245,60.6767,245.0,325.0,356,42.4399,357.0,73.333,0
ewma,50,10M,h4,9,10485760,52.0,15,1,2013.9606,2010.752,30.2671,2049.4898,41.6608,41.7188,0.6038,42.1925,1950.7645,1947.119,28.0389,1984.1833,18.7333,26,13.2475,34.0,54.5185,54.483,0.0789,54.6314,229.3333,245,60.6767,245.0,327.9333,356,44.8067,358.0,73.333,0
ewma,50,10M,h4,10,10485760,52.0,15,1,2010.0695,2005.576,29.5248,2048.0358,41.7411,41.8264,0.5977,42.3441,1944.1743,1937.673,28.3447,1982.0176,20.9333,27,14.8202,34.9,54.4834,54.468,0.0629,54.5932,229.3333,245,60.6767,245.0,326.5333,357,46.2429,362.5,73.333,0
lossaware,50,10M,h2,1,10485760,6.0,15,1,1767.7759,1768.106,1.4957,1769.7527,47.4529,47.444,0.0401,47.503,1761.1049,1761.247,1.4851,1763.0881,2.2,0,4.6629,9.3,8.6875,8.634,0.1323,8.9372,27.2667,25,9.5578,39.6,47.9333,48,1.0328,50.0,26.667,35
lossaware,50,10M,h2,2,10485760,6.0,15,1,1767.8865,1767.228,1.8791,1770.3206,47.45,47.4676,0.0503,47.5003,1761.2493,1760.566,1.8519,1763.7973,1.7333,0,4.4476,7.9,8.7071,8.695,0.1706,8.9752,26.4,25,9.6273,39.2,48.0,48,0.8452,49.0,26.667,37
lossaware,50,10M,h2,3,10485760,6.0,15,1,1767.8371,1767.641,1.5473,1769.9825,47.4513,47.4565,0.0415,47.4946,1761.1251,1761.146,1.5927,1763.2774,2.1333,0,4.6425,10.0,8.7249,8.664,0.1541,9.0312,27.5333,27,9.5084,39.6,48.6667,48,1.8387,52.3,26.667,35
lossaware,50,10M,h2,4,10485760,6.0,15,1,1767.7678,1767.56,1.5949,1770.0071,47.4531,47.4587,0.0427,47.4931,1761.0684,1760.902,1.5662,1763.1869,2.4667,0,5.7055,12.6,8.6583,8.651,0.1044,8.8762,28.9333,30,9.8812,42.4,48.8,48,2.2424,53.3,26.667,32
lossaware,50,10M,h2,5,10485760,6.0,15,1,1768.4393,1768.199,1.9768,1772.7976,47.4351,47.4415,0.0529,47.4888,1761.7733,1761.588,1.9955,1766.1136,2.1333,0,5.3568,9.1,8.7789,8.857,0.1519,8.9602,24.8667,24,10.3363,38.9,47.9333,48,0.9612,49.3,40.0,44
lossaware,50,10M,h2,6,10485760,6.0,15,1,1767.6411,1767.031,1.6362,1770.2187,47.4565,47.4729,0.0439,47.5009,1760.9895,1760.585,1.5724,1763.3774,2.0667,0,5.4703,9.8,8.6873,8.662,0.1294,8.9472,26.6667,25,9.4692,39.6,48.0667,48,1.0328,50.0,26.667,36
lossaware,50,10M,h2,7,10485760,6.0,15,1,1768.2917,1767.688,2.102,1772.7793,47.4391,47.4553,0.0563,47.4902,1761.6888,1761.433,2.0982,1766.1604,2.1333,0,5.4099,9.1,8.7597,8.69,0.1526,8.9833,25.1333,24,10.3086,38.9,48.6,48,1.3522,50.6,33.333,43
lossaware,50,10M,h2,8,10485760,6.0,15,1,1768.1718,1767.824,1.8847,1772.1231,47.4423,47.4516,0.0505,47.4987,1761.5589,1761.396,1.9017,1765.5828,1.8667,0,4.4379,8.6,8.7489,8.699,0.126,8.969,24.8,25,10.1292,38.6,47.8,47,1.1464,49.6,33.333,39
lossaware,50,10M,h2,9,10485760,6.0,15,1,1767.7026,1767.047,1.5895,1769.9923,47.4549,47.4725,0.0426,47.4981,1761.1209,1760.452,1.5852,1763.5072,1.7333,0,4.4476,7.9,8.731,8.691,0.1495,8.9836,26.6667,25,9.5892,39.2,48.3333,48,0.9759,50.0,26.667,37
lossaware,50,10M,h2,10,10485760,6.0,15,1,1768.1209,1768.137,1.9475,1772.0166,47.4437,47.4432,0.0522,47.5001,1761.5157,1761.561,1.9883,1765.5799,2.0,0,4.2594,8.3,8.7145,8.681,0.1116,8.9228,26.6,27,10.4115,39.6,48.0667,48,1.0998,50.0,33.333,41
lossaware,50,10M,h3,1,10485760,22.0,15,1,1846.8243,1837.984,19.3441,1881.03,45.4264,45.6403,0.4713,45.8627,1819.8356,1809.303,19.2341,1853.6438,2.8667,2,4.3894,12.6,24.5951,24.51,0.2346,25.0079,43.6667,41,33.3159,97.7,136.6,133,12.3335,150.8,53.333,73
lossaware,50,10M,h3,2,10485760,22.0,15,1,1864.5491,1840.151,75.3999,1953.1364,45.0512,45.5865,1.621,45.8981,1838.2559,1813.61,75.5591,1929.0147,4.2,2,7.002,18.7,24.4773,24.437,0.119,24.6667,36.4,27,31.5296,85.8,138.6,138,17.9833,170.3,66.667,73
lossaware,50,10M,h3,3,10485760,22.0,15,1,1844.9628,1839.335,17.5319,1878.1904,45.4714,45.6067,0.4273,45.8653,1817.5583,1812.28,16.896,1850.0596,2.6667,2,4.0825,11.6,24.5458,24.482,0.1639,24.8632,41.9333,33,30.8324,85.8,135.9333,144,16.4901,154.2,53.333,68
lossaware,50,10M,h3,4,10485760,22.0,15,1,1843.8381,1834.952,18.3045,1878.2134,45.4995,45.7157,0.4463,45.8494,1817.7255,1809.125,17.6478,1851.9381,8.2,2,16.6785,35.0,24.5944,24.525,0.1956,24.8763,41.6,36,31.7193,90.0,138.8667,137,16.4702,168.2,53.333,65
lossaware,50,10M,h3,5,10485760,22.0,15,1,1838.8737,1835.581,14.0916,1864.1607,45.6206,45.7,0.344,45.9085,1812.6481,1808.987,13.1928,1837.0679,4.3333,0,7.0068,18.1,24.5458,24.483,0.1669,24.8529,48.0667,44,29.3464,89.7,138.1333,143,19.0596,168.2,46.667,59
lossaware,50,10M,h3,6,10485760,22.0,15,1,1843.3664,1840.196,16.691,1876.4641,45.5105,45.5854,0.4082,45.9126,1815.7201,1811.501,16.4653,1848.3257,4.0667,2,6.5407,14.9,24.5609,24.488,0.2068,24.9352,41.6667,33,30.7888,85.8,138.7333,144,16.7181,159.6,60.0,69
lossaware,50,10M,h3,7,10485760,22.0,15,1,1843.8039,1836.483,18.3781,1879.3357,45.5004,45.6776,0.4484,45.9465,1817.157,1809.659,16.814,1850.0894,3.2667,2,6.2618,15.3,24.5798,24.555,0.1537,24.8555,42.1333,33,31.1239,86.8,136.3333,144,17.0364,154.7,53.333,68
lossaware,50,10M,h3,8,10485760,22.0,15,1,1841.4542,1835.938,15.1363,1871.508,45.5571,45.6911,0.3709,45.891,1816.1184,1810.673,15.273,1845.9316,2.8667,2,3.9617,11.3,24.5662,24.525,0.1388,24.8198,41.8,33,30.8341,85.8,139.2,145,16.8531,159.3,60.0,69
lossaware,50,10M,h3,9,10485760,22.0,15,1,1844.5488,1837.379,17.931,1879.2192,45.4818,45.6553,0.4371,45.8827,1817.9855,1813.282,16.9211,1852.108,3.9333,2,6.5407,16.7,24.5427,24.526,0.1468,24.8106,42.0,33,30.8591,85.8,136.6667,142,17.5567,159.5,53.333,68
lossaware,50,10M,h3,10,10485760,22.0,15,1,1841.4971,1838.217,12.5018,1867.1004,45.5551,45.6345,0.3054,45.8206,1814.6314,1809.265,12.0771,1840.2299,2.0,0,3.873,8.0,24.5089,24.486,0.1392,24.7592,47.8,39,29.5374,92.2,135.4,144,17.2411,158.9,46.667,58
lossaware,50,10M,h4,1,10485760,52.0,15,1,2049.9091,2026.44,59.2795,2144.1471,40.9527,41.3958,1.1429,41.9993,1985.0101,1956.984,60.7031,2078.7774,9.0,9,10.351,25.6,54.5617,54.5,0.1787,54.8242,104.8667,102,70.224,217.0,302.4667,323,43.0546,348.8,53.333,63
lossaware,50,10M,h4,2,10485760,52.0,15,1,2044.0509,2028.689,37.5634,2109.9436,41.0519,41.3499,0.7449,41.8957,1977.9533,1961.541,39.7778,2051.2811,8.0667,9,7.4687,20.4,54.4491,54.433,0.0714,54.5996,60.0667,38,61.7836,169.4,309.6,324,33.7973,343.4,73.333,87
lossaware,50,10M,h4,3,10485760,52.0,15,1,2060.1767,2023.137,98.7644,2194.4757,40.7956,41.4634,1.739,41.8197,1992.5902,1952.095,101.6656,2127.3766,9.0667,0,12.931,31.4,54.4905,54.478,0.0977,54.6312,87.5333,77,64.913,189.7,291.5333,274,52.758,362.6,46.667,65
lossaware,50,10M,h4,4,10485760,52.0,15,1,2042.5473,2024.502,45.2006,2117.6211,41.0878,41.4354,0.8951,42.0416,1976.7449,1961.401,44.9603,2050.9543,7.8,4,8.8495,21.2,54.5703,54.503,0.1844,54.9542,86.0667,70,71.1984,207.9,308.5333,322,35.0242,344.9,60.0,66
lossaware,50,10M,h4,5,10485760,52.0,15,1,2036.406,2017.571,63.4369,2147.0468,41.228,41.5778,1.1984,42.0849,1971.9857,1956.421,64.091,2080.8473,6.3333,6,6.5538,17.3,54.5063,54.499,0.1414,54.6936,87.2,77,65.3422,189.7,299.6667,321,40.3125,346.5,60.0,68
lossaware,50,10M,h4,6,10485760,52.0,15,1,2123.6037,2021.387,363.0918,2517.3722,40.2039,41.4993,4.4071,41.9398,2056.3157,1951.793,362.1458,2452.4614,5.2,0,9.057,26.0,54.5087,54.498,0.1457,54.7202,104.2,99,72.7051,207.6,288.1333,277,42.5808,346.2,40.0,58
lossaware,50,10M,h4,7,10485760,52.0,15,1,2034.6871,2022.578,34.9514,2107.4484,41.2391,41.4748,0.6938,41.9055,1968.2497,1954.073,35.704,2045.7216,9.3333,7,10.4312,26.3,54.6039,54.5,0.2087,54.9889,76.0667,45,64.524,189.0,312.5333,324,32.3019,349.3,60.0,73
lossaware,50,10M,h4,8,10485760,52.0,15,1,2135.6297,2025.245,258.7936,2576.1027,39.7015,41.4202,3.7542,41.7415,2069.1679,1962.691,256.6506,2504.3912,9.4,9,9.3564,24.9,54.5253,54.515,0.0785,54.6229,66.7333,57,59.8528,157.3,303.9333,322,43.4239,351.5,66.667,80
lossaware,50,10M,h4,9,10485760,52.0,15,1,2076.0385,2026.328,136.827,2254.6984,40.5437,41.3981,2.2284,41.6447,2011.3147,1960.876,139.0082,2188.6935,8.1333,6,8.158,21.1,54.4804,54.448,0.0847,54.6285,69.6,41,66.9422,189.0,306.2,324,39.0406,349.3,66.667,77
lossaware,50,10M,h4,10,10485760,52.0,15,1,2122.8431,2026.445,237.2864,2519.9157,39.877,41.3957,3.4777,41.8188,2056.7184,1955.379,236.4632,2457.7992,7.2667,4,8.6888,19.7,54.4688,54.467,0.097,54.6165,79.3333,74,63.1095,177.2,292.8667,315,47.018,345.2,53.333,73
lossaware-disc,50,10M,h2,1,10485760,6.0,15,1,1770.1549,1768.251,9.0626,1780.8549,47.3903,47.4401,0.2387,47.495,1763.5531,1761.586,8.9826,1774.2679,2.0667,0,4.4636,8.6,8.6709,8.65,0.1334,8.9114,25.9333,25,9.8305,39.6,48.4,48,1.5946,50.9,33.333,36
lossaware-disc,50,10M,h2,2,10485760,6.0,15,1,1767.5715,1766.956,1.6954,1769.9313,47.4584,47.4749,0.0454,47.4969,1760.8971,1760.33,1.6777,1763.1532,1.8667,0,4.2066,8.3,8.7096,8.659,0.115,8.9587,28.0667,30,8.948,38.9,47.8667,48,0.9904,49.3,40.0,32
lossaware-disc,50,10M,h2,3,10485760,6.0,15,1,1767.7571,1768.158,1.4888,1769.6669,47.4534,47.4426,0.0399,47.4973,1761.1088,1761.422,1.5062,1762.9882,1.9333,0,4.4796,7.9,8.6931,8.652,0.0996,8.8494,27.5333,27,9.5084,39.6,48.6667,48,1.9881,52.3,26.667,35
lossaware-disc,50,10M,h2,4,10485760,6.0,15,1,1767.7489,1767.971,1.5744,1769.7372,47.4537,47.4477,0.0422,47.4974,1761.1284,1761.291,1.5378,1763.1361,2.0667,0,4.5586,8.6,8.6868,8.653,0.1269,8.9284,27.2667,26,9.4828,39.6,48.0667,48,0.8837,49.3,26.667,35
lossaware-disc,50,10M,h2,5,10485760,6.0,15,1,1767.7187,1767.101,1.7747,1769.9949,47.4545,47.471,0.0476,47.4978,1761.0653,1760.478,1.7165,1763.2933,1.9333,0,4.2673,9.0,8.6516,8.634,0.0756,8.7817,28.3333,31,8.9176,39.6,48.1333,48,1.1872,50.0,40.0,29
lossaware-disc,50,10M,h2,6,10485760,6.0,15,1,1771.7969,1767.863,15.0951,1788.2097,47.3483,47.4506,0.3923,47.4835,1765.1673,1761.162,15.121,1781.5238,2.5333,0,5.5145,10.5,8.7459,8.683,0.1549,8.9987,27.0,25,9.9139,39.9,48.5333,48,1.6847,50.9,33.333,33
lossaware-disc,50,10M,h2,7,10485760,6.0,15,1,1769.1512,1767.268,5.9142,1777.1922,47.4165,47.4665,0.157,47.5043,1762.5396,1760.396,5.9033,1770.4706,1.9333,0,4.4636,8.6,8.6693,8.661,0.0947,8.796,27.4667,30,9.3187,39.3,48.1333,48,1.1255,50.0,33.333,33
lossaware-disc,50,10M,h2,8,10485760,6.0,15,1,1767.8047,1767.665,1.5447,1769.7811,47.4522,47.4559,0.0414,47.4954,1761.1179,1760.991,1.4977,1763.1486,2.4667,0,5.4231,9.8,8.7177,8.656,0.1452,8.9434,27.4667,30,9.5384,38.9,48.0,48,1.069,50.0,40.0,31
lossaware-disc,50,10M,h2,9,10485760,6.0,15,1,1767.9792,1767.896,2.0466,1770.4608,47.4475,47.4497,0.0548,47.5008,1761.3568,1761.162,1.9511,1763.7311,1.8667,0,4.454,7.9,8.7387,8.726,0.1459,8.9753,27.4667,27,9.5384,40.3,48.6,48,2.0633,53.0,26.667,35
lossaware-disc,50,10M,h2,10,10485760,6.0,15,1,1767.8311,1767.764,1.5823,1769.7291,47.4514,47.4532,0.0424,47.4921,1761.0892,1760.887,1.5705,1763.0463,2.0,0,4.5198,8.6,8.6962,8.664,0.1058,8.9198,27.4,26,9.4703,39.6,48.2667,48,1.2228,50.3,26.667,35
lossaware-disc,50,10M,h3,1,10485760,22.0,15,1,1832.9271,1828.377,14.5584,1850.7656,45.7688,45.8801,0.3559,46.0443,1806.7336,1801.723,13.4726,1822.3769,9.0,11,6.8348,17.0,24.5381,24.534,0.1568,24.7909,66.6667,66,23.1229,85.8,151.6667,152,8.3638,161.2,93.333,14
lossaware-disc,50,10M,h3,2,10485760,22.0,15,1,1835.2241,1832.443,13.1248,1850.3095,45.711,45.7783,0.3207,45.9456,1808.0918,1806.41,13.0346,1822.4469,6.9333,3,5.4572,14.0,24.549,24.593,0.127,24.6781,66.6667,66,23.1229,85.8,150.6,150,7.8358,159.3,93.333,14
lossaware-disc,50,10M,h3,3,10485760,22.0,15,1,1836.0558,1834.415,12.097,1849.5641,45.69,45.7291,0.2957,45.9104,1809.1974,1808.561,11.5775,1821.2792,5.6,3,5.1381,14.0,24.5641,24.599,0.1456,24.8208,66.6667,66,23.1229,85.8,149.7333,150,6.4083,156.6,93.333,14
lossaware-disc,50,10M,h3,4,10485760,22.0,15,1,1836.83,1835.602,12.7776,1851.0198,45.671,45.6995,0.3115,45.9028,1809.574,1808.643,12.2446,1822.0355,5.6667,3,5.3807,14.9,24.5363,24.576,0.1265,24.6726,66.6667,66,23.1229,85.8,149.6,150,6.8222,158.1,93.333,14
lossaware-disc,50,10M,h3,5,10485760,22.0,15,1,1835.0369,1833.139,11.6927,1848.3686,45.7153,45.7609,0.2859,45.8693,1809.0163,1807.572,12.6782,1822.1911,6.2,2,6.3606,17.3,24.5376,24.572,0.1351,24.6959,66.6667,66,23.1229,85.8,150.6,150,7.4143,159.9,93.333,14
lossaware-disc,50,10M,h3,6,10485760,22.0,15,1,1836.6614,1832.52,13.4079,1860.0941,45.6754,45.7764,0.3275,45.8907,1810.4129,1808.326,13.4154,1835.7829,5.6,2,5.0681,14.0,24.5313,24.579,0.15,24.7292,66.6667,66,23.1229,85.8,147.6667,149,7.0778,154.6,93.333,14
lossaware-disc,50,10M,h3,7,10485760,22.0,15,1,1836.6292,1835.491,11.9627,1849.9141,45.6757,45.7023,0.2925,45.9481,1809.67,1808.391,12.1034,1822.0934,6.0,2,7.9373,18.5,24.5425,24.596,0.1574,24.7683,66.6667,66,23.1229,85.8,149.4667,149,8.3655,160.8,93.333,14
lossaware-disc,50,10M,h3,8,10485760,22.0,15,1,1840.2383,1834.123,17.3892,1882.5563,45.5881,45.7363,0.4228,45.8631,1813.4233,1808.256,16.667,1853.7226,4.3333,2,6.0435,15.6,24.5317,24.575,0.135,24.6831,62.9333,66,27.3691,85.8,147.6667,147,9.2711,160.5,93.333,13
lossaware-disc,50,10M,h3,9,10485760,22.0,15,1,1836.7939,1833.765,12.3833,1851.1414,45.6717,45.7453,0.3017,45.8311,1809.5909,1808.494,12.5295,1822.4315,5.4,2,6.2997,15.3,24.473,24.521,0.1158,24.6051,64.6667,64,22.3692,83.2,148.9333,149,7.8328,159.0,93.333,14
lossaware-disc,50,10M,h3,10,10485760,22.0,15,1,1835.5123,1834.178,12.4777,1850.5135,45.7037,45.735,0.3051,45.9366,1809.2247,1808.4,11.732,1821.5947,6.5333,3,6.5451,16.7,24.4673,24.45,0.1202,24.6392,66.6667,66,23.1229,85.8,150.1333,150,7.8909,159.9,93.333,14
lossaware-disc,50,10M,h4,1,10485760,52.0,15,1,2009.9705,1997.7,32.8594,2051.401,41.745,41.9913,0.6595,42.2625,1946.0131,1939.9,30.2603,1984.3033,10.0,9,12.4786,33.5,54.4945,54.509,0.0849,54.6249,158.7333,166,55.2455,228.2,313.5333,329,38.118,359.8,66.667,17
lossaware-disc,50,10M,h4,2,10485760,52.0,15,1,2023.3137,2018.321,23.3282,2052.9395,41.4648,41.5623,0.4649,41.867,1956.3663,1955.111,23.7346,1983.8746,6.5333,2,7.7815,21.1,54.4605,54.457,0.0417,54.5179,175.2,192,52.6636,223.3,310.4,321,31.1168,350.0,73.333,15
lossaware-disc,50,10M,h4,3,10485760,52.0,15,1,2018.2473,2016.575,33.5897,2060.9057,41.5742,41.5983,0.6689,42.2653,1952.0799,1949.292,32.4651,1991.7065,11.7333,12,11.3103,34.0,54.5491,54.489,0.1346,54.7381,165.9333,161,59.1855,245.0,316.6667,333,39.1365,357.0,66.667,13
lossaware-disc,50,10M,h4,4,10485760,52.0,15,1,2026.0165,2020.876,25.6665,2063.1462,41.4105,41.5098,0.5096,41.8077,1960.7533,1953.557,26.7647,1999.101,10.4667,12,9.3264,26.6,54.518,54.528,0.0913,54.6403,150.8,166,56.9564,219.1,315.0,329,37.1503,355.3,73.333,18
lossaware-disc,50,10M,h4,5,10485760,52.0,15,1,2034.5518,2024.074,41.2078,2125.4517,41.2461,41.4442,0.8112,41.9973,1967.7255,1958.911,39.832,2055.9374,5.1333,2,6.9577,16.2,54.4611,54.446,0.0745,54.5942,188.8,210,55.9607,226.1,298.8,325,43.8409,342.0,60.0,14
lossaware-disc,50,10M,h4,6,10485760,52.0,15,1,2043.5585,2016.031,104.6639,2149.7925,41.1351,41.6095,1.8011,41.8274,1977.7944,1950.39,103.655,2081.5101,11.3333,12,13.0639,32.0,54.5018,54.497,0.0974,54.6302,163.1333,182,57.7691,243.6,310.2,329,46.0732,363.3,66.667,13
lossaware-disc,50,10M,h4,7,10485760,52.0,15,1,2028.1638,2019.208,40.7871,2120.1053,41.3757,41.5441,0.8052,42.0674,1960.1519,1950.906,39.8531,2050.7316,4.1333,0,5.7924,14.9,54.538,54.51,0.1663,54.8116,159.2667,164,59.8492,235.9,298.4667,300,36.8953,342.9,46.667,20
lossaware-disc,50,10M,h4,8,10485760,52.0,15,1,2033.1322,2017.833,48.5644,2133.3793,41.2805,41.5724,0.9388,41.9792,1966.4488,1951.559,48.4382,2066.2391,4.8667,4,5.3701,13.5,54.4855,54.47,0.088,54.6278,158.6667,144,62.2078,228.2,300.2667,310,36.521,338.3,60.0,19
lossaware-disc,50,10M,h4,9,10485760,52.0,15,1,2019.4309,2014.761,27.6009,2059.7944,41.5465,41.6357,0.5524,42.0572,1953.2223,1951.58,28.2903,1991.8255,7.2667,4,8.3278,20.3,54.5063,54.483,0.0787,54.6316,163.1333,166,58.8847,227.5,308.4,330,36.5724,345.1,66.667,16
lossaware-disc,50,10M,h4,10,10485760,52.0,15,1,2024.2339,2018.894,41.3708,2119.6326,41.4565,41.5505,0.8198,42.2537,1958.0332,1951.587,40.2885,2051.0105,9.8667,4,12.0527,31.1,54.4733,54.468,0.0785,54.567,166.3333,164,50.7285,207.2,316.9333,331,33.4396,358.5,80.0,14
metrics,50,10M,h2,1,10485760,6.0,15,1,1772.2279,1772.22,0.7259,1773.6349,47.3337,47.3339,0.0194,47.3547,1765.6213,1765.52,0.6925,1767.0366,0.0,0,0.0,0.0,8.7572,8.733,0.0798,8.9144,10.0,10,0.0,10.0,48.0667,48,0.7037,49.0,0.0,0
metrics,50,10M,h2,2,10485760,6.0,15,1,1772.0024,1771.845,0.4992,1772.9365,47.3397,47.3439,0.0133,47.3527,1765.4751,1765.35,0.4562,1766.3005,0.0,0,0.0,0.0,8.6791,8.668,0.049,8.764,10.0,10,0.0,10.0,48.2667,48,0.5936,49.0,0.0,0
metrics,50,10M,h2,3,10485760,6.0,15,1,1772.783,1772.712,0.7555,1773.9893,47.3189,47.3208,0.0202,47.345,1766.1307,1766.052,0.7599,1767.2281,0.0,0,0.0,0.0,8.7629,8.735,0.0852,8.8983,10.0,10,0.0,10.0,48.3333,48,0.7237,49.0,0.0,0
metrics,50,10M,h2,4,10485760,6.0,15,1,1772.6777,1772.434,0.837,1773.8229,47.3217,47.3282,0.0223,47.3466,1765.9862,1765.614,0.7614,1767.0108,0.0,0,0.0,0.0,8.7574,8.737,0.07,8.8781,10.0,10,0.0,10.0,48.3333,48,0.9759,49.6,0.0,0
metrics,50,10M,h2,5,10485760,6.0,15,1,1772.8324,1772.604,0.9066,1774.2494,47.3176,47.3236,0.0242,47.3426,1766.1659,1765.896,0.8319,1767.4044,0.0,0,0.0,0.0,8.7656,8.735,0.0648,8.8833,10.0,10,0.0,10.0,48.3333,48,0.6172,49.3,0.0,0
metrics,50,10M,h2,6,10485760,6.0,15,1,1772.4917,1772.265,0.9562,1774.0564,47.3267,47.3327,0.0255,47.3499,1765.8654,1765.596,0.9347,1767.3576,0.0,0,0.0,0.0,8.7589,8.739,0.0745,8.8904,10.0,10,0.0,10.0,48.1333,48,0.6399,49.3,0.0,0
metrics,50,10M,h2,7,10485760,6.0,15,1,1775.9117,1772.36,12.5581,1789.807,47.2377,47.3302,0.3264,47.3502,1769.2961,1765.704,12.5264,1783.2855,0.0,0,0.0,0.0,8.7449,8.74,0.0633,8.8798,10.0,10,0.0,10.0,48.0667,48,0.7988,49.0,0.0,0
metrics,50,10M,h2,8,10485760,6.0,15,1,1772.9735,1772.73,1.226,1774.7109,47.3138,47.3203,0.0327,47.3457,1766.2472,1766.132,1.1488,1767.8382,0.0,0,0.0,0.0,8.7408,8.72,0.0658,8.868,10.0,10,0.0,10.0,47.7333,48,0.7037,49.0,0.0,0
metrics,50,10M,h2,9,10485760,6.0,15,1,1772.2351,1771.927,0.6285,1773.4539,47.3335,47.3417,0.0168,47.3487,1765.5913,1765.375,0.6363,1766.7923,0.0,0,0.0,0.0,8.7535,8.728,0.0685,8.878,10.0,10,0.0,10.0,48.2667,48,0.7037,49.0,0.0,0
metrics,50,10M,h2,10,10485760,6.0,15,1,1772.7179,1772.543,0.9515,1774.348,47.3206,47.3253,0.0254,47.3511,1766.0556,1765.854,0.8805,1767.6214,0.0,0,0.0,0.0,8.7877,8.739,0.1019,8.9096,10.0,10,0.0,10.0,48.1333,48,0.5164,49.0,0.0,0
metrics,50,10M,h3,1,10485760,22.0,15,1,1910.0154,1877.983,89.7831,2130.4988,44.0017,44.6682,1.8846,44.8622,1883.4641,1851.036,89.5694,2103.0797,0.0,0,0.0,0.0,24.7695,24.799,0.2109,25.1354,10.0,10,0.0,10.0,128.8667,132,6.556,132.0,0.0,0
metrics,50,10M,h3,2,10485760,22.0,15,1,1865.1517,1864.442,4.4324,1874.4361,44.9757,44.9926,0.1065,45.0702,1840.0845,1839.161,4.2997,1849.1102,0.0,0,0.0,0.0,24.6894,24.703,0.1282,24.8483,10.0,10,0.0,10.0,132.0,132,0.0,132.0,0.0,0
metrics,50,10M,h3,3,10485760,22.0,15,1,1877.6423,1878.049,2.9363,1882.0178,44.6764,44.6666,0.0699,44.7897,1851.5455,1852.585,2.1679,1853.351,0.0,0,0.0,0.0,24.8275,24.832,0.1083,24.942,10.0,10,0.0,10.0,131.8667,132,0.3519,132.0,0.0,0
metrics,50,10M,h3,4,10485760,22.0,15,1,1876.8253,1876.949,2.622,1880.5201,44.6958,44.6928,0.0624,44.7833,1850.0049,1848.624,3.2483,1854.6108,0.0,0,0.0,0.0,24.8255,24.81,0.065,24.9053,10.0,10,0.0,10.0,131.9333,132,0.4577,132.3,0.0,0
metrics,50,10M,h3,5,10485760,22.0,15,1,1910.2478,1879.541,87.4757,2123.2542,43.9923,44.6312,1.8395,44.8218,1883.9219,1852.277,87.9328,2099.0402,0.0,0,0.0,0.0,24.7963,24.839,0.1674,24.9401,10.0,10,0.0,10.0,129.5333,132,6.5232,132.3,0.0,0
metrics,50,10M,h3,6,10485760,22.0,15,1,1895.3463,1879.205,63.6699,1955.7573,44.3009,44.6391,1.338,44.7639,1868.4259,1852.753,63.6657,1927.735,0.0,0,0.0,0.0,24.7901,24.819,0.113,24.8424,10.0,10,0.0,10.0,130.6667,132,4.8941,132.0,0.0,0
metrics,50,10M,h3,7,10485760,22.0,15,1,1879.17,1878.255,2.0908,1882.4921,44.64,44.6617,0.0496,44.6943,1852.5878,1852.808,1.1844,1854.0562,0.0,0,0.0,0.0,24.8033,24.799,0.0207,24.8312,10.0,10,0.0,10.0,131.9333,132,0.2582,132.0,0.0,0
metrics,50,10M,h3,8,10485760,22.0,15,1,1879.319,1878.978,5.4115,1886.3097,44.6368,44.6445,0.1282,44.7909,1852.2214,1852.642,4.8289,1857.8272,0.0,0,0.0,0.0,24.8137,24.831,0.078,24.8742,10.0,10,0.0,10.0,131.8,132,0.7746,132.0,0.0,0
metrics,50,10M,h3,9,10485760,22.0,15,1,1877.6417,1878.049,3.6689,1882.3841,44.6765,44.6666,0.0873,44.7987,1851.1581,1852.223,2.7068,1854.5212,0.2667,0,0.7037,2.0,24.7739,24.822,0.0986,24.8396,10.0,10,0.0,10.0,131.8,132,0.5606,132.0,13.333,0
metrics,50,10M,h3,10,10485760,22.0,15,1,1893.4062,1877.868,64.0906,1953.601,44.3469,44.6709,1.3484,44.7911,1867.0247,1851.913,63.6135,1927.0204,0.0,0,0.0,0.0,24.7791,24.817,0.1153,24.8405,10.0,10,0.0,10.0,130.7333,132,4.9203,132.3,0.0,0
metrics,50,10M,h4,1,10485760,52.0,15,1,2338.0723,2118.352,384.5573,2961.8888,36.6714,39.5997,5.1669,39.925,2271.4046,2049.575,386.9455,2896.1218,0.0,0,0.0,0.0,54.4525,54.465,0.0406,54.4933,10.0,10,0.0,10.0,264.1333,274,15.7972,276.0,0.0,0
metrics,50,10M,h4,2,10485760,52.0,15,1,2176.257,2080.588,357.2476,2521.5117,39.1819,40.3184,4.1513,40.415,2116.4155,2021.055,356.077,2455.2833,0.0,0,0.0,0.0,54.4354,54.406,0.0671,54.5697,10.0,10,0.0,10.0,272.5333,275,8.219,275.3,0.0,0
metrics,50,10M,h4,3,10485760,52.0,15,1,2350.1665,2120.444,499.8164,3457.2427,36.8595,39.5606,5.8879,40.0127,2285.6164,2054.022,501.0912,3394.7361,0.7333,0,2.8402,3.3,54.4776,54.467,0.0766,54.61,10.0,10,0.0,10.0,270.0667,275,22.3909,292.5,6.667,0
metrics,50,10M,h4,4,10485760,52.0,15,1,2343.427,2115.091,450.8611,3159.7342,36.7743,39.6607,5.4831,39.9908,2276.5692,2048.321,448.8336,3088.9612,2.9333,0,6.8083,14.9,54.5147,54.541,0.0996,54.6233,10.0,10,0.0,10.0,278.4,275,32.5418,335.3,20.0,0
metrics,50,10M,h4,5,10485760,52.0,15,1,2162.7307,2112.514,207.2552,2360.6241,39.0407,39.7091,2.8364,40.1164,2096.6823,2047.571,207.6364,2294.4243,1.5333,0,5.9386,6.9,54.4769,54.481,0.0439,54.5346,10.0,10,0.0,10.0,276.8667,274,20.0352,296.1,6.667,0
metrics,50,10M,h4,6,10485760,52.0,15,1,2190.5712,2118.123,225.4794,2586.8172,38.5926,39.604,3.1152,39.9795,2124.9564,2050.519,225.6272,2525.6369,0.0,0,0.0,0.0,54.4787,54.473,0.0443,54.5369,10.0,10,0.0,10.0,270.1333,274,10.8422,275.3,0.0,0
metrics,50,10M,h4,7,10485760,52.0,15,1,2169.0265,2115.956,211.6305,2369.1907,38.9354,39.6445,2.8656,39.9521,2103.2093,2052.624,211.1818,2301.3273,0.0,0,0.0,0.0,54.4879,54.477,0.0419,54.5596,10.0,10,0.0,10.0,271.0667,274,9.5951,276.0,0.0,0
metrics,50,10M,h4,8,10485760,52.0,15,1,2367.9948,2114.228,457.5023,3108.8073,36.4544,39.6769,5.7332,39.9991,2302.7509,2047.845,456.7479,3043.1309,14.4,0,55.771,64.8,54.4958,54.489,0.0439,54.552,10.0,10,0.0,10.0,269.2667,275,19.9802,289.2,6.667,0
metrics,50,10M,h4,9,10485760,52.0,15,1,2260.6059,2112.895,406.7297,3138.1211,37.9234,39.702,4.8711,39.9681,2195.1581,2047.873,404.9207,3068.8874,0.0,0,0.0,0.0,54.4941,54.478,0.0529,54.6024,10.0,10,0.0,10.0,270.6,275,11.0376,276.0,0.0,0
metrics,50,10M,h4,10,10485760,52.0,15,1,2254.1682,2111.927,390.4587,3098.3102,37.9795,39.7202,4.7497,40.0203,2187.564,2046.953,389.429,3029.3446,0.0,0,0.0,0.0,54.4847,54.476,0.044,54.5491,10.0,10,0.0,10.0,270.6667,275,11.0626,276.0,0.0,0
static10,50,10M,h2,1,10485760,6.0,15,1,1772.8301,1772.451,0.9436,1774.2455,47.3176,47.3277,0.0252,47.3453,1766.137,1765.683,0.911,1767.4924,0.0,0,0.0,0.0,8.7807,8.747,0.0857,8.9074,10.0,10,0.0,10.0,47.7333,48,0.5936,48.3,0.0,0
static10,50,10M,h2,2,10485760,6.0,15,1,1772.0575,1772.046,0.3869,1772.6519,47.3382,47.3385,0.0103,47.3535,1765.5313,1765.556,0.3432,1766.1156,0.0,0,0.0,0.0,8.7154,8.669,0.0746,8.8196,10.0,10,0.0,10.0,47.9333,48,0.7037,49.0,0.0,0
static10,50,10M,h2,3,10485760,6.0,15,1,1774.0835,1772.513,5.1655,1780.2728,47.2845,47.3261,0.1364,47.3473,1767.4189,1765.65,5.1535,1773.497,0.0,0,0.0,0.0,8.7677,8.738,0.08,8.885,10.0,10,0.0,10.0,48.0667,48,0.7037,49.0,0.0,0
static10,50,10M,h2,4,10485760,6.0,15,1,1772.8598,1772.388,1.0663,1774.732,47.3168,47.3294,0.0284,47.3467,1766.2434,1765.758,1.0041,1768.0425,0.0,0,0.0,0.0,8.733,8.731,0.061,8.8446,10.0,10,0.0,10.0,47.8667,48,0.8338,49.0,0.0,0
static10,50,10M,h2,5,10485760,6.0,15,1,1772.8542,1772.914,0.8492,1774.2143,47.317,47.3154,0.0227,47.3444,1766.1972,1766.052,0.8214,1767.5206,0.0,0,0.0,0.0,8.757,8.728,0.083,8.8946,10.0,10,0.0,10.0,48.2,48,0.6761,49.0,0.0,0
static10,50,10M,h2,6,10485760,6.0,15,1,1772.5756,1772.439,0.6453,1773.4781,47.3244,47.328,0.0172,47.3466,1765.9338,1765.665,0.6711,1767.0859,0.0,0,0.0,0.0,8.7515,8.729,0.0722,8.8955,10.0,10,0.0,10.0,48.1333,48,0.6399,49.0,0.0,0
static10,50,10M,h2,7,10485760,6.0,15,1,1778.0007,1772.409,20.722,1797.7668,47.1858,47.3289,0.5293,47.3456,1771.2841,1765.86,20.7038,1791.0462,0.0,0,0.0,0.0,8.7644,8.738,0.0729,8.8753,10.0,10,0.0,10.0,48.0667,48,0.7037,49.0,0.0,0
static10,50,10M,h2,8,10485760,6.0,15,1,1772.6915,1772.488,0.9052,1774.1135,47.3213,47.3267,0.0242,47.3523,1766.0678,1765.894,0.8958,1767.478,0.0,0,0.0,0.0,8.7658,8.741,0.0735,8.8825,10.0,10,0.0,10.0,48.0,48,0.6547,49.0,0.0,0
static10,50,10M,h2,9,10485760,6.0,15,1,1773.1197,1772.447,1.8551,1775.568,47.3099,47.3278,0.0494,47.3432,1766.4099,1765.73,1.6953,1768.6703,0.0,0,0.0,0.0,8.7879,8.751,0.0798,8.9037,10.0,10,0.0,10.0,48.0667,48,0.7037,49.0,0.0,0
static10,50,10M,h2,10,10485760,6.0,15,1,1772.4365,1772.498,0.651,1773.5045,47.3281,47.3265,0.0174,47.3483,1765.7549,1765.838,0.6437,1766.7594,0.0,0,0.0,0.0,8.7599,8.734,0.064,8.8804,10.0,10,0.0,10.0,48.3333,48,0.6172,49.0,0.0,0
static10,50,10M,h3,1,10485760,22.0,15,1,1894.8929,1879.899,64.7057,1957.1733,44.3129,44.6227,1.3584,44.8148,1867.9625,1851.833,64.4853,1928.2742,0.0,0,0.0,0.0,24.8161,24.819,0.1449,25.0169,10.0,10,0.0,10.0,130.7333,132,4.9203,132.3,0.0,0
static10,50,10M,h3,2,10485760,22.0,15,1,1864.0928,1864.485,1.2353,1865.5316,45.001,44.9916,0.0298,45.0534,1839.1849,1839.535,0.8801,1840.0391,0.0,0,0.0,0.0,24.5919,24.57,0.1017,24.7684,10.0,10,0.0,10.0,132.0,132,0.0,132.0,0.0,0
static10,50,10M,h3,3,10485760,22.0,15,1,1878.354,1877.736,3.7897,1883.7384,44.6595,44.6741,0.0901,44.7814,1851.6846,1852.804,2.8645,1853.8564,0.0,0,0.0,0.0,24.8185,24.81,0.0242,24.854,10.0,10,0.0,10.0,131.8667,132,0.3519,132.0,0.0,0
static10,50,10M,h3,4,10485760,22.0,15,1,1894.8199,1879.687,64.8553,1955.718,44.3147,44.6277,1.361,44.7713,1867.7498,1852.408,64.6154,1928.1667,0.0,0,0.0,0.0,24.7861,24.82,0.1274,24.89,10.0,10,0.0,10.0,130.7333,132,4.9203,132.3,0.0,0
static10,50,10M,h3,5,10485760,22.0,15,1,1894.0961,1879.177,65.0854,1956.3407,44.332,44.6398,1.3673,44.8998,1866.9556,1851.896,65.2105,1927.9413,0.0,0,0.0,0.0,24.8315,24.826,0.1601,25.1232,10.0,10,0.0,10.0,130.6667,132,4.9087,132.3,0.0,0
static10,50,10M,h3,6,10485760,22.0,15,1,1879.9127,1880.86,2.7762,1882.3141,44.6224,44.5999,0.0661,44.7306,1851.9907,1852.864,3.0328,1853.9953,0.0,0,0.0,0.0,24.8124,24.814,0.1224,24.9347,10.0,10,0.0,10.0,131.7333,132,1.0998,132.3,0.0,0
static10,50,10M,h3,7,10485760,22.0,15,1,1896.2218,1879.586,65.8468,1962.0933,44.2832,44.6301,1.3787,44.7804,1869.4342,1852.812,65.2559,1935.2184,0.1333,0,0.5164,0.6,24.7476,24.793,0.1241,24.8369,10.0,10,0.0,10.0,130.4,132,4.8668,132.0,6.667,0
static10,50,10M,h3,8,10485760,22.0,15,1,1894.7971,1879.05,63.9535,1954.7612,44.3141,44.6428,1.3441,44.7776,1867.8867,1852.247,64.1995,1927.3233,0.0,0,0.0,0.0,24.7878,24.809,0.1004,24.8384,10.0,10,0.0,10.0,130.6667,132,5.164,132.0,0.0,0
static10,50,10M,h3,9,10485760,22.0,15,1,1877.7157,1878.765,3.333,1881.511,44.6747,44.6496,0.0794,44.806,1851.6963,1852.21,1.8759,1853.6011,0.1333,0,0.5164,0.6,24.7847,24.8,0.0711,24.8323,10.0,10,0.0,10.0,131.8667,132,0.5164,132.0,6.667,0
static10,50,10M,h3,10,10485760,22.0,15,1,1894.707,1877.784,64.2193,1955.0048,44.3166,44.6729,1.3493,44.7923,1868.1349,1852.362,64.3737,1928.5531,0.0,0,0.0,0.0,24.7859,24.816,0.1046,24.8416,10.0,10,0.0,10.0,130.7333,132,4.6363,132.0,0.0,0
static10,50,10M,h4,1,10485760,52.0,15,1,2318.5438,2119.205,451.7834,3130.6506,37.1679,39.5837,5.4593,40.0826,2254.1189,2051.399,451.2955,3067.6165,0.9333,0,3.6148,4.2,54.4838,54.486,0.0528,54.5624,10.0,10,0.0,10.0,272.1333,275,20.9451,292.1,6.667,0
static10,50,10M,h4,2,10485760,52.0,15,1,2080.4403,2079.649,6.3733,2091.5119,40.3217,40.3367,0.1232,40.4478,2021.1965,2020.156,6.503,2031.8907,1.0667,0,4.1312,4.8,54.3999,54.403,0.0175,54.4206,10.0,10,0.0,10.0,277.3333,275,16.154,292.8,6.667,0
static10,50,10M,h4,3,10485760,52.0,15,1,2260.941,2113.546,401.4181,3114.9757,37.8965,39.6897,4.8088,39.9874,2194.3269,2045.35,400.5537,3046.6831,0.6,0,2.3238,2.7,54.4857,54.477,0.0621,54.619,10.0,10,0.0,10.0,272.8667,275,18.6351,290.7,6.667,0
static10,50,10M,h4,4,10485760,52.0,15,1,2309.2029,2122.007,352.8062,2979.2018,37.0011,39.5315,4.7347,39.8662,2243.558,2054.627,351.3441,2910.807,0.4,0,1.5492,1.8,54.459,54.457,0.0526,54.5236,10.0,10,0.0,10.0,266.6,274,21.7183,288.8,6.667,0
static10,50,10M,h4,5,10485760,52.0,15,1,2276.8232,2110.812,638.222,2864.1736,38.2906,39.7411,5.5319,39.8941,2211.6515,2048.181,638.8956,2797.6987,0.1333,0,0.5164,0.6,54.4565,54.474,0.1392,54.5652,10.0,10,0.0,10.0,264.9333,275,38.1678,276.0,6.667,0
static10,50,10M,h4,6,10485760,52.0,15,1,2375.7466,2119.894,465.6257,3133.9575,36.3572,39.5709,5.7576,39.9194,2309.182,2053.391,465.583,3064.1632,0.0,0,0.0,0.0,54.4729,54.467,0.0647,54.5685,10.0,10,0.0,10.0,266.0667,274,14.0075,276.0,0.0,0
static10,50,10M,h4,7,10485760,52.0,15,1,2260.1565,2115.527,398.8898,3118.0407,37.9033,39.6526,4.7988,39.9909,2193.6653,2048.53,399.64,3052.9771,0.0,0,0.0,0.0,54.4959,54.48,0.0443,54.5896,10.0,10,0.0,10.0,269.4667,274,11.1026,275.3,0.0,0
static10,50,10M,h4,8,10485760,52.0,15,1,2359.7797,2116.73,525.7941,3516.9899,36.8071,39.63,6.0705,39.9342,2293.4777,2052.386,526.316,3453.6573,0.0,0,0.0,0.0,54.5184,54.492,0.0591,54.6346,10.0,10,0.0,10.0,268.2667,274,12.7809,276.0,0.0,0
static10,50,10M,h4,9,10485760,52.0,15,1,2509.7073,2137.962,586.713,3508.548,34.9094,39.2365,6.8308,39.8228,2442.1092,2067.815,585.6338,3436.994,0.9333,0,3.6148,4.2,54.4848,54.475,0.0652,54.6105,10.0,10,0.0,10.0,266.2,274,21.6208,290.1,6.667,0
static10,50,10M,h4,10,10485760,52.0,15,1,2321.8387,2117.592,490.8748,3493.0016,37.2297,39.6139,5.5946,39.9997,2256.8079,2051.285,488.7399,3424.3836,0.8667,0,3.3566,3.9,54.4941,54.492,0.0676,54.6136,10.0,10,0.0,10.0,269.7333,274,22.1213,292.2,6.667,0
statichigh,50,10M,h2,1,10485760,6.0,15,1,1766.9637,1766.935,0.218,1767.3119,47.4747,47.4755,0.0059,47.4825,1760.291,1760.257,0.181,1760.5665,0.0,0,0.0,0.0,8.7045,8.679,0.0779,8.8822,24.0,24,0.0,24.0,47.9333,48,0.7037,48.6,0.0,0
statichigh,50,10M,h2,2,10485760,6.0,15,1,1767.042,1766.978,0.3188,1767.6057,47.4726,47.4743,0.0086,47.4812,1760.4015,1760.266,0.3055,1760.9252,0.0,0,0.0,0.0,8.7078,8.692,0.0791,8.8813,24.0,24,0.0,24.0,48.1333,48,0.6399,49.0,0.0,0
statichigh,50,10M,h2,3,10485760,6.0,15,1,1766.9481,1766.96,0.2668,1767.3445,47.4751,47.4748,0.0072,47.4856,1760.3131,1760.252,0.1777,1760.6234,0.0,0,0.0,0.0,8.6983,8.692,0.0518,8.764,24.0,24,0.0,24.0,47.7333,48,0.4577,48.0,0.0,0
statichigh,50,10M,h2,4,10485760,6.0,15,1,1766.9619,1766.907,0.2343,1767.3712,47.4748,47.4762,0.0063,47.4805,1760.3101,1760.31,0.2178,1760.6631,0.0,0,0.0,0.0,8.6921,8.686,0.07,8.7789,24.0,24,0.0,24.0,48.0,48,0.5345,49.0,0.0,0
statichigh,50,10M,h2,5,10485760,6.0,15,1,1767.0649,1767.032,0.1948,1767.3458,47.472,47.4729,0.0052,47.4782,1760.3951,1760.355,0.2161,1760.7055,0.0,0,0.0,0.0,8.6982,8.685,0.0827,8.89,24.0,24,0.0,24.0,48.0667,48,0.4577,49.0,0.0,0
statichigh,50,10M,h2,6,10485760,6.0,15,1,1766.9225,1766.919,0.234,1767.3007,47.4758,47.4759,0.0063,47.4842,1760.3181,1760.306,0.1031,1760.474,0.0,0,0.0,0.0,8.7235,8.696,0.0867,8.8896,24.0,24,0.0,24.0,47.9333,48,0.2582,48.0,0.0,0
statichigh,50,10M,h2,7,10485760,6.0,15,1,1767.6383,1767.055,1.675,1771.3797,47.4566,47.4723,0.0449,47.4835,1760.9652,1760.31,1.6514,1764.6921,0.0,0,0.0,0.0,8.6975,8.694,0.0538,8.7614,24.0,24,0.0,24.0,48.0667,48,0.2582,48.3,0.0,0
statichigh,50,10M,h2,8,10485760,6.0,15,1,1767.0602,1767.012,0.2858,1767.4553,47.4721,47.4734,0.0077,47.4817,1760.4077,1760.381,0.214,1760.7226,0.0,0,0.0,0.0,8.6904,8.678,0.0671,8.7708,24.0,24,0.0,24.0,47.7333,48,0.5936,48.3,0.0,0
statichigh,50,10M,h2,9,10485760,6.0,15,1,1766.9699,1766.896,0.4391,1767.6032,47.4745,47.4765,0.0118,47.485,1760.3553,1760.278,0.2937,1760.7556,0.0,0,0.0,0.0,8.7198,8.694,0.0792,8.8748,24.0,24,0.0,24.0,48.0667,48,0.5936,49.0,0.0,0
statichigh,50,10M,h2,10,10485760,6.0,15,1,1766.9768,1766.903,0.3076,1767.4126,47.4744,47.4763,0.0083,47.4834,1760.2919,1760.232,0.2388,1760.6344,0.0,0,0.0,0.0,8.6916,8.684,0.0782,8.8382,24.0,24,0.0,24.0,47.8667,48,0.3519,48.0,0.0,0
statichigh,50,10M,h3,1,10485760,22.0,15,1,1842.8932,1844.359,3.3608,1846.3291,45.5188,45.4825,0.0831,45.6599,1816.5597,1817.794,2.703,1818.1464,7.4667,7,4.2906,12.0,24.4627,24.47,0.0652,24.5571,24.0,24,0.0,24.0,145.6,147,2.0633,147.0,93.333,0
statichigh,50,10M,h3,2,10485760,22.0,15,1,1841.4075,1842.534,4.4874,1847.0257,45.5557,45.5276,0.1111,45.7234,1815.1519,1816.318,2.9078,1818.3387,4.6667,5,3.3094,8.5,24.4625,24.46,0.0814,24.5962,24.0,24,0.0,24.0,145.2,145,1.8205,147.0,86.667,0
statichigh,50,10M,h3,3,10485760,22.0,15,1,1842.6639,1844.054,2.663,1845.7441,45.5244,45.49,0.0658,45.6155,1815.5163,1815.81,2.1351,1817.9147,6.9333,7,4.1827,12.0,24.4711,24.431,0.1286,24.7045,24.0,24,0.0,24.0,145.7333,147,1.9445,147.0,93.333,0
statichigh,50,10M,h3,4,10485760,22.0,15,1,1843.6372,1844.284,2.89,1846.4942,45.5004,45.4844,0.0714,45.6215,1816.0165,1817.758,2.8347,1818.2753,6.9333,5,4.0261,12.0,24.4543,24.448,0.0586,24.5361,24.0,24,0.0,24.0,146.3333,147,1.4475,147.0,93.333,0
statichigh,50,10M,h3,5,10485760,22.0,15,1,1842.6755,1842.625,2.4068,1846.1995,45.5241,45.5253,0.0595,45.6021,1815.9643,1815.696,1.8158,1817.9181,5.5333,5,4.6425,12.0,24.4666,24.441,0.0924,24.6363,24.0,24,0.0,24.0,145.4667,147,1.8848,147.0,80.0,0
statichigh,50,10M,h3,6,10485760,22.0,15,1,1843.1096,1843.639,2.5299,1846.0568,45.5134,45.5003,0.0625,45.6149,1816.1899,1817.163,2.0669,1818.1552,6.7333,5,4.9058,12.0,24.5085,24.464,0.1584,24.7512,24.0,24,0.0,24.0,146.0,147,1.4639,147.0,80.0,0
statichigh,50,10M,h3,7,10485760,22.0,15,1,1843.9483,1845.094,4.0096,1847.5512,45.4928,45.4644,0.0993,45.6576,1816.921,1817.49,2.4777,1818.7289,6.4,5,4.1196,12.0,24.5211,24.465,0.174,24.8592,24.0,24,0.0,24.0,146.3333,147,1.496,147.0,86.667,0
statichigh,50,10M,h3,8,10485760,22.0,15,1,1844.2581,1844.453,2.1957,1846.754,45.4851,45.4802,0.0542,45.5772,1816.9754,1817.663,1.5994,1818.5266,7.6,7,3.0659,12.0,24.4325,24.436,0.0499,24.4933,24.0,24,0.0,24.0,146.2667,147,1.7099,147.3,100.0,0
statichigh,50,10M,h3,9,10485760,22.0,15,1,1843.3479,1843.379,2.1884,1846.3526,45.5075,45.5067,0.054,45.5756,1816.8486,1817.89,1.7297,1818.0408,5.6667,5,3.4983,12.0,24.4805,24.477,0.0774,24.6455,24.0,24,0.0,24.0,145.8667,147,1.7265,147.0,86.667,0
statichigh,50,10M,h3,10,10485760,22.0,15,1,1841.5713,1842.413,4.1094,1846.9854,45.5516,45.5306,0.1017,45.727,1815.1457,1815.274,3.2027,1818.8554,7.4667,7,3.8334,12.0,24.4066,24.407,0.0567,24.5025,24.0,24,0.0,24.0,145.2,147,2.1448,147.3,100.0,0
statichigh,50,10M,h4,1,10485760,52.0,15,1,2040.4622,2042.788,11.2238,2055.5331,41.1125,41.0645,0.2268,41.4864,1973.8695,1977.541,10.7148,1987.839,1.0667,2,1.0328,2.0,54.7223,54.647,0.2464,55.0907,24.0,24,0.0,24.0,298.5333,296,6.4903,307.0,53.333,0
statichigh,50,10M,h4,2,10485760,52.0,15,1,2052.1817,2037.42,63.6397,2123.1727,40.91,41.1727,1.1577,41.5626,1987.0397,1972.184,64.1754,2055.1096,1.2,2,1.2649,2.6,54.6448,54.609,0.1829,54.8497,24.0,24,0.0,24.0,296.8667,299,16.0618,308.0,53.333,0
statichigh,50,10M,h4,3,10485760,52.0,15,1,2050.0647,2036.639,60.6712,2117.4992,40.9493,41.1885,1.1075,41.5409,1984.3055,1969.837,59.24,2047.5684,1.0667,2,1.0328,2.0,54.7036,54.644,0.1963,55.0167,24.0,24,0.0,24.0,298.0,306,16.3445,308.0,53.333,0
statichigh,50,10M,h4,4,10485760,52.0,15,1,2076.4541,2050.176,82.8477,2278.6772,40.4544,40.9165,1.4947,41.4226,2010.7534,1983.793,83.85,2215.056,0.8667,0,0.9904,2.0,54.6217,54.616,0.2087,54.8905,24.0,24,0.0,24.0,290.0,294,20.0392,307.0,46.667,0
statichigh,50,10M,h4,5,10485760,52.0,15,1,2050.4589,2041.522,42.0584,2097.9793,40.926,41.09,0.7896,41.4436,1984.8831,1973.177,42.6746,2032.2622,16.8,0,60.1085,73.0,54.6715,54.645,0.1812,54.9203,24.0,24,0.0,24.0,299.4,298,21.8724,321.2,46.667,0
statichigh,50,10M,h4,6,10485760,52.0,15,1,2049.9116,2033.737,58.8631,2115.2102,40.9507,41.2473,1.0781,41.5327,1983.8235,1967.107,58.5817,2048.3649,1.0667,0,1.4864,4.0,54.687,54.615,0.2137,55.0005,24.0,24,0.0,24.0,296.2,299,15.7171,307.3,40.0,0
statichigh,50,10M,h4,7,10485760,52.0,15,1,2090.8205,2044.36,104.0374,2298.8849,40.2067,41.0329,1.8441,41.2657,2026.8587,1979.248,104.3744,2236.9964,0.6667,0,0.9759,2.0,54.6648,54.617,0.1499,54.8539,24.0,24,0.0,24.0,285.8667,295,24.1923,307.3,33.333,0
statichigh,50,10M,h4,8,10485760,52.0,15,1,2037.1913,2037.498,9.2564,2050.4743,41.1781,41.1711,0.1869,41.4595,1972.9325,1971.67,8.0696,1984.6295,1.2,2,1.2649,2.6,54.6992,54.625,0.2066,54.9639,24.0,24,0.0,24.0,300.1333,298,7.2098,307.3,53.333,0
statichigh,50,10M,h4,9,10485760,52.0,15,1,2052.9405,2038.746,58.7828,2125.9407,40.8901,41.1459,1.0741,41.4397,1986.6079,1970.458,57.2562,2054.5798,0.9333,0,1.2799,2.6,54.7341,54.769,0.201,54.9782,24.0,24,0.0,24.0,296.2667,295,16.2105,308.6,40.0,0
statichigh,50,10M,h4,10,10485760,52.0,15,1,2052.1605,2039.312,59.3194,2119.7574,40.9062,41.1345,1.0851,41.6054,1986.1904,1973.32,58.184,2050.7895,0.6667,0,0.9759,2.0,54.7228,54.781,0.187,54.9616,24.0,24,0.0,24.0,295.6,299,16.1988,308.0,33.333,0
ewma,50,1K,h2,1,1024,6.0,15,1,13.5097,13.415,0.4386,14.2495,0.607,0.6107,0.0193,0.6278,6.9717,6.809,0.4808,7.9071,0.0,0,0.0,0.0,6.5307,6.453,0.2518,6.9197,10.0,10,0.0,10.0,10.0,10,0.0,10.0,0.0,0
ewma,50,1K,h2,2,1024,6.0,15,1,13.6166,13.658,0.6448,14.4196,0.6028,0.5998,0.0271,0.6345,7.0583,7.083,0.5411,7.8171,0.0,0,0.0,0.0,6.5251,6.453,0.2648,6.9677,10.0,10,0.0,10.0,10.0,10,0.0,10.0,0.0,0
ewma,50,1K,h2,3,1024,6.0,15,1,13.4263,13.301,0.4018,14.138,0.6106,0.6159,0.0176,0.6288,6.8231,6.746,0.3015,7.3423,0.0,0,0.0,0.0,6.4713,6.447,0.141,6.7479,10.0,10,0.0,10.0,10.0,10,0.0,10.0,0.0,0
ewma,50,1K,h2,4,1024,6.0,15,1,13.5175,13.294,0.4538,14.3537,0.6066,0.6162,0.0197,0.6266,6.9284,6.831,0.3888,7.5956,0.0,0,0.0,0.0,6.4874,6.434,0.1487,6.7395,10.0,10,0.0,10.0,10.0,10,0.0,10.0,0.0,0
ewma,50,1K,h2,5,1024,6.0,15,1,13.5665,13.286,0.5151,14.3545,0.6046,0.6166,0.0225,0.6277,6.9214,6.711,0.4558,7.6708,0.0,0,0.0,0.0,6.5261,6.506,0.1655,6.7939,10.0,10,0.0,10.0,10.0,10,0.0,10.0,0.0,0
ewma,50,1K,h2,6,1024,6.0,15,1,13.7632,13.845,0.4054,14.3302,0.5957,0.5917,0.0175,0.6186,7.1143,7.05,0.3858,7.7088,0.0,0,0.0,0.0,6.5251,6.44,0.1736,6.8135,10.0,10,0.0,10.0,10.0,10,0.0,10.0,0.0,0
ewma,50,1K,h2,7,1024,6.0,15,1,13.4737,13.283,0.4764,14.4932,0.6087,0.6167,0.0205,0.6274,6.8406,6.752,0.3688,7.6551,0.0,0,0.0,0.0,6.4413,6.418,0.155,6.7048,10.0,10,0.0,10.0,10.0,10,0.0,10.0,0.0,0
ewma,50,1K,h2,8,1024,6.0,15,1,13.6412,13.553,0.5934,14.4701,0.6016,0.6044,0.0258,0.6311,7.0317,6.911,0.5414,7.838,0.0,0,0.0,0.0,6.4761,6.388,0.2254,6.8373,10.0,10,0.0,10.0,10.0,10,0.0,10.0,0.0,0
ewma,50,1K,h2,9,1024,6.0,15,1,13.4662,13.408,0.3621,14.1589,0.6087,0.611,0.0159,0.6236,6.8525,6.77,0.3715,7.5269,0.0,0,0.0,0.0,6.4669,6.381,0.2264,6.8961,10.0,10,0.0,10.0,10.0,10,0.0,10.0,0.0,0
ewma,50,1K,h2,10,1024,6.0,15,1,13.3795,13.373,0.4121,14.1064,0.6128,0.6126,0.0183,0.6346,6.7958,6.64,0.3851,7.3879,0.0,0,0.0,0.0,6.4499,6.422,0.1499,6.6566,10.0,10,0.0,10.0,10.0,10,0.0,10.0,0.0,0
ewma,50,1K,h3,1,1024,22.0,15,1,55.5312,55.097,3.0814,59.0405,0.148,0.1487,0.0088,0.1589,29.0377,29.449,2.3575,32.1693,0.0,0,0.0,0.0,28.7529,29.528,2.0752,30.6697,10.0,10,0.0,10.0,10.0,10,0.0,10.0,0.0,0
ewma,50,1K,h3,2,1024,22.0,15,1,56.451,57.012,2.9512,60.3075,0.1455,0.1437,0.0078,0.1563,29.5485,29.351,2.6272,33.2868,0.0,0,0.0,0.0,29.1266,29.405,1.6288,31.1232,10.0,10,0.0,10.0,10.0,10,0.0,10.0,0.0,0
ewma,50,1K,h3,3,1024,22.0,15,1,54.4989,55.614,4.2564,59.2311,0.1512,0.1473,0.0128,0.1745,28.6023,29.311,2.8188,31.8553,0.0,0,0.0,0.0,28.3243,29.438,2.6969,31.0444,10.0,10,0.0,10.0,10.0,10,0.0,10.0,0.0,0
ewma,50,1K,h3,4,1024,22.0,15,1,55.7989,56.339,3.3529,60.1784,0.1473,0.1454,0.009,0.1616,28.9399,29.284,3.1652,33.1346,0.0,0,0.0,0.0,28.8187,29.149,1.9966,31.3834,10.0,10,0.0,10.0,10.0,10,0.0,10.0,0.0,0
ewma,50,1K,h3,5,1024,22.0,15,1,56.507,56.72,3.5575,61.4839,0.1455,0.1444,0.0092,0.1604,30.1641,30.85,2.5388,33.082,0.0,0,0.0,0.0,29.0605,29.39,2.1314,31.3698,10.0,10,0.0,10.0,10.0,10,0.0,10.0,0.0,0
ewma,50,1K,h3,6,1024,22.0,15,1,56.4011,56.333,2.999,60.6885,0.1456,0.1454,0.0077,0.1567,30.0063,29.447,2.1679,33.044,0.0,0,0.0,0.0,29.1663,29.387,1.4505,31.025,10.0,10,0.0,10.0,10.0,10,0.0,10.0,0.0,0
ewma,50,1K,h3,7,1024,22.0,15,1,57.893,57.571,2.8874,62.1138,0.1418,0.1423,0.0071,0.1541,30.8168,30.405,2.0301,33.4509,0.0,0,0.0,0.0,30.0156,30.08,1.3277,31.6229,10.0,10,0.0,10.0,10.0,10,0.0,10.0,0.0,0
ewma,50,1K,h3,8,1024,22.0,15,1,55.2756,56.208,3.2337,59.1145,0.1487,0.1457,0.009,0.1632,28.6695,29.399,2.5676,31.6681,0.0,0,0.0,0.0,28.6479,28.899,1.7903,30.748,10.0,10,0.0,10.0,10.0,10,0.0,10.0,0.0,0
ewma,50,1K,h3,9,1024,22.0,15,1,56.4273,57.224,3.4222,60.2702,0.1457,0.1432,0.0092,0.1604,29.1229,29.857,2.8498,32.9847,0.0,0,0.0,0.0,28.9587,29.34,1.8745,31.0519,10.0,10,0.0,10.0,10.0,10,0.0,10.0,0.0,0
ewma,50,1K,h3,10,1024,22.0,15,1,58.3676,58.617,2.6581,61.995,0.1406,0.1398,0.0065,0.1498,31.2563,32.51,2.3252,33.2693,0.0,0,0.0,0.0,30.0725,30.5,1.3418,31.6356,10.0,10,0.0,10.0,10.0,10,0.0,10.0,0.0,0
ewma,50,1K,h4,1,1024,52.0,15,1,127.9888,127.484,8.2741,139.3098,0.0643,0.0643,0.0044,0.0702,64.5203,65.166,4.2328,70.1109,0.0,0,0.0,0.0,62.7681,62.793,4.208,69.446,10.0,10,0.0,10.0,10.0,10,0.0,10.0,0.0,0
ewma,50,1K,h4,2,1024,52.0,15,1,126.2309,123.234,7.6403,138.1751,0.0651,0.0665,0.0038,0.0697,62.2393,61.875,5.4444,72.3792,0.0,0,0.0,0.0,61.6313,60.126,4.9557,70.9207,10.0,10,0.0,10.0,10.0,10,0.0,10.0,0.0,0
ewma,50,1K,h4,3,1024,52.0,15,1,129.8861,131.295,5.4372,136.7971,0.0632,0.0624,0.0027,0.067,65.5843,65.353,4.5473,71.5957,0.0,0,0.0,0.0,64.1292,64.934,3.063,67.0804,10.0,10,0.0,10.0,10.0,10,0.0,10.0,0.0,0
ewma,50,1K,h4,4,1024,52.0,15,1,128.5593,130.361,6.8069,135.9913,0.0639,0.0628,0.0035,0.0698,64.7915,66.28,6.2344,72.4472,0.0,0,0.0,0.0,64.7043,64.586,3.6392,69.5455,10.0,10,0.0,10.0,10.0,10,0.0,10.0,0.0,0
ewma,50,1K,h4,5,1024,52.0,15,1,128.4438,127.881,6.4405,138.6368,0.0639,0.0641,0.0031,0.0677,65.2639,64.681,4.3669,71.5962,0.0,0,0.0,0.0,63.9821,63.177,3.2906,68.8852,10.0,10,0.0,10.0,10.0,10,0.0,10.0,0.0,0
ewma,50,1K,h4,6,1024,52.0,15,1,126.5667,124.561,6.1779,136.4343,0.0649,0.0658,0.0031,0.0687,64.758,64.163,6.4099,72.6779,0.0,0,0.0,0.0,62.6144,63.465,3.9021,67.398,10.0,10,0.0,10.0,10.0,10,0.0,10.0,0.0,0
ewma,50,1K,h4,7,1024,52.0,15,1,129.3827,129.798,8.2871,141.9137,0.0636,0.0631,0.0041,0.0699,64.4385,64.783,5.3155,72.2249,0.0,0,0.0,0.0,63.5773,63.886,5.42,70.4779,10.0,10,0.0,10.0,10.0,10,0.0,10.0,0.0,0
ewma,50,1K,h4,8,1024,52.0,15,1,127.9851,127.833,5.8945,137.9899,0.0641,0.0641,0.0029,0.068,63.5217,62.515,3.5418,71.3736,0.0,0,0.0,0.0,62.4337,61.262,3.5118,67.4201,10.0,10,0.0,10.0,10.0,10,0.0,10.0,0.0,0
ewma,50,1K,h4,9,1024,52.0,15,1,128.9189,126.532,6.8283,139.8048,0.0637,0.0647,0.0033,0.0675,65.4799,65.645,5.7083,72.8199,0.0,0,0.0,0.0,63.6592,63.036,3.1686,68.6015,10.0,10,0.0,10.0,10.0,10,0.0,10.0,0.0,0
ewma,50,1K,h4,10,1024,52.0,15,1,128.8013,129.717,7.0201,137.8223,0.0638,0.0632,0.0035,0.07,64.4617,64.01,5.8312,72.7891,0.0,0,0.0,0.0,63.5235,64.284,4.0212,69.7632,10.0,10,0.0,10.0,10.0,10,0.0,10.0,0.0,0
lossaware,50,1K,h2,1,1024,6.0,15,1,13.4227,13.363,0.3712,13.9948,0.6107,0.613,0.0161,0.6249,6.8301,6.759,0.2593,7.203,0.0,0,0.0,0.0,6.4672,6.454,0.1443,6.7139,10.0,10,0.0,10.0,10.0,10,0.0,10.0,0.0,0
lossaware,50,1K,h2,2,1024,6.0,15,1,13.4863,13.275,0.4179,14.0756,0.608,0.6171,0.0186,0.6279,6.8778,6.771,0.4228,7.5218,0.0,0,0.0,0.0,6.4877,6.436,0.1856,6.7887,10.0,10,0.0,10.0,10.0,10,0.0,10.0,0.0,0
lossaware,50,1K,h2,3,1024,6.0,15,1,13.4669,13.33,0.5836,14.5187,0.6093,0.6146,0.0248,0.6307,6.8941,6.661,0.5651,7.8969,0.0,0,0.0,0.0,6.4945,6.43,0.2235,6.9087,10.0,10,0.0,10.0,10.0,10,0.0,10.0,0.0,0
lossaware,50,1K,h2,4,1024,6.0,15,1,13.6143,13.367,0.5514,14.4891,0.6026,0.6129,0.0236,0.6246,6.9033,6.743,0.485,7.7262,0.0,0,0.0,0.0,6.5651,6.45,0.2818,6.9622,10.0,10,0.0,10.0,10.0,10,0.0,10.0,0.0,0
lossaware,50,1K,h2,5,1024,6.0,15,1,13.44,13.332,0.3668,13.9769,0.6099,0.6145,0.0165,0.6317,6.8651,6.993,0.3676,7.4265,0.0,0,0.0,0.0,6.4498,6.375,0.2145,6.7889,10.0,10,0.0,10.0,10.0,10,0.0,10.0,0.0,0
lossaware,50,1K,h2,6,1024,6.0,15,1,13.7027,13.484,0.6303,14.7926,0.5989,0.6075,0.0258,0.6244,7.0387,6.932,0.6806,8.303,0.0,0,0.0,0.0,6.5846,6.471,0.3523,7.3343,10.0,10,0.0,10.0,10.0,10,0.0,10.0,0.0,0
lossaware,50,1K,h2,7,1024,6.0,15,1,13.5239,13.258,0.6982,14.5879,0.6071,0.6179,0.0288,0.6326,6.8859,6.671,0.6033,7.8824,0.0,0,0.0,0.0,6.5148,6.462,0.2855,6.937,10.0,10,0.0,10.0,10.0,10,0.0,10.0,0.0,0
lossaware,50,1K,h2,8,1024,6.0,15,1,13.3598,13.275,0.3062,13.9057,0.6135,0.6171,0.0137,0.6273,6.7708,6.704,0.3567,7.4688,0.0,0,0.0,0.0,6.4724,6.456,0.1504,6.6724,10.0,10,0.0,10.0,10.0,10,0.0,10.0,0.0,0
lossaware,50,1K,h2,9,1024,6.0,15,1,13.4344,13.279,0.3827,14.1755,0.6102,0.6169,0.0166,0.6226,6.7977,6.725,0.3033,7.305,0.0,0,0.0,0.0,6.4668,6.414,0.1481,6.7034,10.0,10,0.0,10.0,10.0,10,0.0,10.0,0.0,0
lossaware,50,1K,h2,10,1024,6.0,15,1,13.4078,13.175,0.6395,14.612,0.6122,0.6218,0.0272,0.6376,6.8923,6.716,0.4942,7.7571,0.0,0,0.0,0.0,6.4589,6.386,0.2099,6.8407,10.0,10,0.0,10.0,10.0,10,0.0,10.0,0.0,0
lossaware,50,1K,h3,1,1024,22.0,15,1,56.8616,56.311,3.8221,61.4589,0.1447,0.1455,0.0104,0.1612,30.2212,30.635,2.6198,33.0977,0.0,0,0.0,0.0,29.1441,29.385,2.2868,31.486,10.0,10,0.0,10.0,10.0,10,0.0,10.0,0.0,0
lossaware,50,1K,h3,2,1024,22.0,15,1,57.8913,58.288,2.9484,61.5224,0.1419,0.1405,0.0074,0.1535,30.7863,30.602,1.8586,32.9241,0.0,0,0.0,0.0,29.7552,29.966,1.6594,31.5289,10.0,10,0.0,10.0,10.0,10,0.0,10.0,0.0,0
lossaware,50,1K,h3,3,1024,22.0,15,1,57.4897,57.803,3.1233,61.5173,0.1429,0.1417,0.0079,0.1545,30.1067,31.288,3.0793,33.1656,0.0,0,0.0,0.0,29.2576,29.391,1.9544,31.5583,10.0,10,0.0,10.0,10.0,10,0.0,10.0,0.0,0
lossaware,50,1K,h3,4,1024,22.0,15,1,57.2338,57.135,2.9565,61.4653,0.1435,0.1434,0.0074,0.1539,30.2123,29.626,2.3565,33.3988,0.0,0,0.0,0.0,29.4836,29.2,1.4657,31.5661,10.0,10,0.0,10.0,10.0,10,0.0,10.0,0.0,0
lossaware,50,1K,h3,5,1024,22.0,15,1,56.4292,56.402,3.4099,60.8363,0.1457,0.1452,0.0091,0.1613,29.7616,29.273,2.8607,33.1385,0.0,0,0.0,0.0,29.2255,30.024,1.8728,31.4482,10.0,10,0.0,10.0,10.0,10,0.0,10.0,0.0,0
lossaware,50,1K,h3,6,1024,22.0,15,1,56.3939,56.648,2.9187,60.5215,0.1456,0.1446,0.0078,0.1581,29.3327,29.817,2.4147,33.1524,0.0,0,0.0,0.0,29.5089,29.744,1.6931,31.7147,10.0,10,0.0,10.0,10.0,10,0.0,10.0,0.0,0
lossaware,50,1K,h3,7,1024,22.0,15,1,56.2093,56.523,3.6622,60.7551,0.1464,0.1449,0.0104,0.161,28.9901,28.808,2.9358,33.0525,0.0,0,0.0,0.0,29.0924,29.775,2.1313,31.2457,10.0,10,0.0,10.0,10.0,10,0.0,10.0,0.0,0
lossaware,50,1K,h3,8,1024,22.0,15,1,56.5801,56.729,3.1916,61.111,0.1452,0.1444,0.0087,0.1598,30.236,30.204,2.6603,33.0018,0.0,0,0.0,0.0,28.9655,29.282,1.8578,31.2382,10.0,10,0.0,10.0,10.0,10,0.0,10.0,0.0,0
lossaware,50,1K,h3,9,1024,22.0,15,1,56.4973,56.944,2.5312,59.9081,0.1453,0.1439,0.0067,0.1571,29.0344,29.195,2.25,32.3699,0.0,0,0.0,0.0,29.3425,30.125,1.6226,30.9726,10.0,10,0.0,10.0,10.0,10,0.0,10.0,0.0,0
lossaware,50,1K,h3,10,1024,22.0,15,1,56.6345,57.323,2.6001,60.1712,0.1449,0.1429,0.0069,0.1549,29.3457,29.527,2.8283,33.3369,0.0,0,0.0,0.0,29.4014,30.004,1.4694,31.0814,10.0,10,0.0,10.0,10.0,10,0.0,10.0,0.0,0
lossaware,50,1K,h4,1,1024,52.0,15,1,127.9693,129.505,5.9541,134.4255,0.0641,0.0633,0.0031,0.0695,64.4716,65.244,4.772,69.8666,0.0,0,0.0,0.0,63.0889,62.676,4.1821,69.8503,10.0,10,0.0,10.0,10.0,10,0.0,10.0,0.0,0
lossaware,50,1K,h4,2,1024,52.0,15,1,128.4369,131.303,7.3083,136.9741,0.064,0.0624,0.0037,0.0695,64.9093,64.67,4.7697,71.8478,0.0,0,0.0,0.0,63.4082,64.319,4.9578,69.8442,10.0,10,0.0,10.0,10.0,10,0.0,10.0,0.0,0
lossaware,50,1K,h4,3,1024,52.0,15,1,130.0047,130.164,5.645,138.1695,0.0631,0.0629,0.0027,0.0667,65.4131,66.307,4.6313,71.6162,0.0,0,0.0,0.0,64.7013,65.001,3.7139,70.0599,10.0,10,0.0,10.0,10.0,10,0.0,10.0,0.0,0
lossaware,50,1K,h4,4,1024,52.0,15,1,129.4042,128.997,5.8337,138.0378,0.0634,0.0635,0.0029,0.0683,65.3354,65.708,4.7767,72.4074,0.0,0,0.0,0.0,62.7772,61.968,4.4369,69.2221,10.0,10,0.0,10.0,10.0,10,0.0,10.0,0.0,0
lossaware,50,1K,h4,5,1024,52.0,15,1,126.1363,125.845,4.6917,132.9129,0.065,0.0651,0.0024,0.0685,63.5231,63.195,3.2077,68.123,0.0,0,0.0,0.0,61.7432,61.98,3.309,65.7477,10.0,10,0.0,10.0,10.0,10,0.0,10.0,0.0,0
lossaware,50,1K,h4,6,1024,52.0,15,1,125.9155,124.56,6.2176,135.1938,0.0652,0.0658,0.0032,0.0695,64.5438,64.567,5.3267,72.6107,0.0,0,0.0,0.0,61.4518,62.268,4.1228,67.8413,10.0,10,0.0,10.0,10.0,10,0.0,10.0,0.0,0
lossaware,50,1K,h4,7,1024,52.0,15,1,128.2611,127.322,3.4557,134.4088,0.0639,0.0643,0.0017,0.066,63.2325,62.952,3.5289,68.2268,0.0,0,0.0,0.0,62.9399,63.149,2.9851,67.6106,10.0,10,0.0,10.0,10.0,10,0.0,10.0,0.0,0
lossaware,50,1K,h4,8,1024,52.0,15,1,129.4408,128.435,6.5486,137.9437,0.0634,0.0638,0.0032,0.068,65.5577,64.819,4.0585,71.8621,0.0,0,0.0,0.0,64.024,64.472,3.3352,68.0653,10.0,10,0.0,10.0,10.0,10,0.0,10.0,0.0,0
lossaware,50,1K,h4,9,1024,52.0,15,1,129.9993,130.889,5.075,136.0147,0.0631,0.0626,0.0026,0.0676,65.7059,65.165,4.3992,71.6085,0.0,0,0.0,0.0,64.4868,65.09,4.2917,69.9261,10.0,10,0.0,10.0,10.0,10,0.0,10.0,0.0,0
lossaware,50,1K,h4,10,1024,52.0,15,1,127.3211,129.077,8.4807,137.4746,0.0646,0.0635,0.0045,0.072,63.6897,62.957,6.2008,72.5265,0.0,0,0.0,0.0,62.992,63.072,3.9046,67.9467,10.0,10,0.0,10.0,10.0,10,0.0,10.0,0.0,0
lossaware-disc,50,1K,h2,1,1024,6.0,15,1,13.3121,13.293,0.3356,13.8366,0.6157,0.6163,0.0153,0.6392,6.7245,6.737,0.326,7.291,0.0,0,0.0,0.0,6.467,6.459,0.2059,6.7787,10.0,10,0.0,10.0,10.0,10,0.0,10.0,0.0,0
lossaware-disc,50,1K,h2,2,1024,6.0,15,1,13.5873,13.529,0.4684,14.3465,0.6036,0.6055,0.0204,0.6275,6.9897,6.882,0.3996,7.6381,0.0,0,0.0,0.0,6.4977,6.447,0.1469,6.7097,10.0,10,0.0,10.0,10.0,10,0.0,10.0,0.0,0
lossaware-disc,50,1K,h2,3,1024,6.0,15,1,13.4067,13.233,0.4473,14.1339,0.6116,0.6191,0.0194,0.6286,6.8322,6.704,0.4819,7.5775,0.0,0,0.0,0.0,6.4612,6.426,0.2036,6.7312,10.0,10,0.0,10.0,10.0,10,0.0,10.0,0.0,0
lossaware-disc,50,1K,h2,4,1024,6.0,15,1,13.754,13.478,0.6578,14.9188,0.5968,0.6078,0.0274,0.6233,7.1085,6.885,0.6796,8.3389,0.0,0,0.0,0.0,6.5582,6.498,0.2552,7.0515,10.0,10,0.0,10.0,10.0,10,0.0,10.0,0.0,0
lossaware-disc,50,1K,h2,5,1024,6.0,15,1,13.6143,13.495,0.4867,14.4332,0.6024,0.607,0.0209,0.6255,7.0646,6.973,0.4078,7.7107,0.0,0,0.0,0.0,6.4723,6.408,0.1181,6.6308,10.0,10,0.0,10.0,10.0,10,0.0,10.0,0.0,0
lossaware-disc,50,1K,h2,6,1024,6.0,15,1,13.703,13.447,0.5386,14.6259,0.5987,0.6092,0.0231,0.6253,7.0139,6.79,0.4632,7.6757,0.0,0,0.0,0.0,6.5917,6.559,0.2902,7.106,10.0,10,0.0,10.0,10.0,10,0.0,10.0,0.0,0
lossaware-disc,50,1K,h2,7,1024,6.0,15,1,14.0573,14.2,0.5048,14.6504,0.5835,0.5769,0.0211,0.6165,7.3626,7.49,0.4489,7.9109,0.0,0,0.0,0.0,6.6959,6.608,0.2605,7.1195,10.0,10,0.0,10.0,10.0,10,0.0,10.0,0.0,0
lossaware-disc,50,1K,h2,8,1024,6.0,15,1,13.5765,13.285,0.5359,14.5778,0.6042,0.6166,0.023,0.6239,6.9521,6.747,0.5228,7.9516,0.0,0,0.0,0.0,6.5098,6.477,0.1428,6.718,10.0,10,0.0,10.0,10.0,10,0.0,10.0,0.0,0
lossaware-disc,50,1K,h2,9,1024,6.0,15,1,13.4136,13.267,0.436,14.2334,0.6113,0.6175,0.0191,0.6313,6.7933,6.695,0.3654,7.5351,0.0,0,0.0,0.0,6.4433,6.429,0.1475,6.6457,10.0,10,0.0,10.0,10.0,10,0.0,10.0,0.0,0
lossaware-disc,50,1K,h2,10,1024,6.0,15,1,13.5465,13.385,0.5495,14.5504,0.6056,0.612,0.0229,0.626,6.9359,6.819,0.511,7.9618,0.0,0,0.0,0.0,6.4756,6.4,0.2079,6.8167,10.0,10,0.0,10.0,10.0,10,0.0,10.0,0.0,0
lossaware-disc,50,1K,h3,1,1024,22.0,15,1,56.0632,56.88,3.8654,61.8228,0.1468,0.144,0.0103,0.1617,28.6943,28.872,3.4502,33.0075,0.0,0,0.0,0.0,29.0964,29.695,2.0259,31.4551,10.0,10,0.0,10.0,10.0,10,0.0,10.0,0.0,0
lossaware-disc,50,1K,h3,2,1024,22.0,15,1,57.2739,57.915,3.362,61.2435,0.1435,0.1414,0.0088,0.1564,30.9313,32.071,2.6287,33.3709,0.0,0,0.0,0.0,29.4824,29.121,1.5579,31.3294,10.0,10,0.0,10.0,10.0,10,0.0,10.0,0.0,0
lossaware-disc,50,1K,h3,3,1024,22.0,15,1,57.0223,57.843,3.022,60.7979,0.144,0.1416,0.0077,0.1559,29.3409,29.547,1.8605,31.7822,0.0,0,0.0,0.0,29.5568,29.749,1.2513,31.166,10.0,10,0.0,10.0,10.0,10,0.0,10.0,0.0,0
lossaware-disc,50,1K,h3,4,1024,22.0,15,1,56.2007,55.483,2.9107,60.8951,0.1461,0.1476,0.0074,0.1554,29.2876,29.43,2.7392,33.1618,0.0,0,0.0,0.0,29.1103,29.171,1.6307,31.2853,10.0,10,0.0,10.0,10.0,10,0.0,10.0,0.0,0
lossaware-disc,50,1K,h3,5,1024,22.0,15,1,55.3288,55.393,2.3408,59.1449,0.1483,0.1479,0.0062,0.1567,28.85,28.828,1.7403,31.1953,0.0,0,0.0,0.0,28.4297,28.341,1.3931,30.3479,10.0,10,0.0,10.0,10.0,10,0.0,10.0,0.0,0
lossaware-disc,50,1K,h3,6,1024,22.0,15,1,55.2221,55.563,3.7721,61.737,0.149,0.1474,0.0101,0.1622,29.1551,29.032,2.5494,33.0294,0.0,0,0.0,0.0,28.1624,27.712,2.1547,31.4776,10.0,10,0.0,10.0,10.0,10,0.0,10.0,0.0,0
lossaware-disc,50,1K,h3,7,1024,22.0,15,1,56.3807,56.934,2.7283,59.5053,0.1456,0.1439,0.0072,0.1581,28.9924,29.349,2.7937,32.9062,0.0,0,0.0,0.0,29.2481,29.906,1.6297,31.1727,10.0,10,0.0,10.0,10.0,10,0.0,10.0,0.0,0
lossaware-disc,50,1K,h3,8,1024,22.0,15,1,56.207,56.337,2.4634,59.8467,0.146,0.1454,0.0065,0.1566,28.6675,28.096,1.8664,31.2711,0.0,0,0.0,0.0,29.4531,30.148,1.6799,30.8655,10.0,10,0.0,10.0,10.0,10,0.0,10.0,0.0,0
lossaware-disc,50,1K,h3,9,1024,22.0,15,1,56.9986,57.163,2.5895,60.176,0.144,0.1433,0.0067,0.1553,29.9405,29.696,2.0707,33.3227,0.0,0,0.0,0.0,29.6728,30.176,1.3597,30.9755,10.0,10,0.0,10.0,10.0,10,0.0,10.0,0.0,0
lossaware-disc,50,1K,h3,10,1024,22.0,15,1,57.2303,57.647,3.0678,61.3644,0.1435,0.1421,0.0079,0.1563,30.0497,29.173,2.2059,33.2829,0.0,0,0.0,0.0,29.8444,30.406,1.5123,31.5663,10.0,10,0.0,10.0,10.0,10,0.0,10.0,0.0,0
lossaware-disc,50,1K,h4,1,1024,52.0,15,1,128.4641,128.342,4.8458,136.4203,0.0639,0.0638,0.0024,0.0668,64.0668,64.374,4.1981,70.2385,0.0,0,0.0,0.0,63.5438,63.715,2.9076,67.2747,10.0,10,0.0,10.0,10.0,10,0.0,10.0,0.0,0
lossaware-disc,50,1K,h4,2,1024,52.0,15,1,130.5592,130.003,7.4315,140.4564,0.0629,0.063,0.0036,0.0682,65.6545,65.442,4.9966,72.6233,0.0,0,0.0,0.0,64.5083,65.318,4.1722,69.5973,10.0,10,0.0,10.0,10.0,10,0.0,10.0,0.0,0
lossaware-disc,50,1K,h4,3,1024,52.0,15,1,127.0199,127.178,5.5946,134.4395,0.0646,0.0644,0.0029,0.0695,65.3411,65.339,3.8966,70.8046,0.0,0,0.0,0.0,62.6841,63.019,3.4925,67.6412,10.0,10,0.0,10.0,10.0,10,0.0,10.0,0.0,0
lossaware-disc,50,1K,h4,4,1024,52.0,15,1,131.9689,132.717,7.3741,141.4837,0.0623,0.0617,0.0035,0.0677,66.3889,65.316,5.0919,72.7432,0.0,0,0.0,0.0,64.6675,65.239,4.1099,70.4032,10.0,10,0.0,10.0,10.0,10,0.0,10.0,0.0,0
lossaware-disc,50,1K,h4,5,1024,52.0,15,1,127.8466,127.593,7.0995,139.1823,0.0643,0.0642,0.0036,0.0688,63.3302,63.079,5.3083,70.6651,0.0,0,0.0,0.0,63.0597,62.222,4.3298,69.3497,10.0,10,0.0,10.0,10.0,10,0.0,10.0,0.0,0
lossaware-disc,50,1K,h4,6,1024,52.0,15,1,129.3902,130.101,6.4666,138.2924,0.0635,0.063,0.0032,0.0685,65.4707,64.783,4.2583,71.3331,0.0,0,0.0,0.0,63.9077,64.023,3.0085,68.0707,10.0,10,0.0,10.0,10.0,10,0.0,10.0,0.0,0
lossaware-disc,50,1K,h4,7,1024,52.0,15,1,127.2243,128.611,8.5402,138.3018,0.0647,0.0637,0.0045,0.0719,62.2817,61.949,5.9046,70.6888,0.0,0,0.0,0.0,62.3855,62.505,5.1415,69.171,10.0,10,0.0,10.0,10.0,10,0.0,10.0,0.0,0
lossaware-disc,50,1K,h4,8,1024,52.0,15,1,131.4731,132.558,4.411,136.872,0.0624,0.0618,0.0022,0.066,67.5879,68.698,4.0084,72.3726,0.0,0,0.0,0.0,64.9837,65.047,3.4143,69.8724,10.0,10,0.0,10.0,10.0,10,0.0,10.0,0.0,0
lossaware-disc,50,1K,h4,9,1024,52.0,15,1,126.7219,125.758,6.8532,138.5629,0.0648,0.0651,0.0035,0.0698,63.9915,64.662,5.2334,70.2887,0.0,0,0.0,0.0,62.5695,62.147,4.0722,68.1091,10.0,10,0.0,10.0,10.0,10,0.0,10.0,0.0,0
lossaware-disc,50,1K,h4,10,1024,52.0,15,1,128.5177,130.22,6.817,138.2428,0.0639,0.0629,0.0034,0.0684,64.8226,65.231,5.7935,72.8486,0.0,0,0.0,0.0,63.4523,63.279,3.8703,68.2852,10.0,10,0.0,10.0,10.0,10,0.0,10.0,0.0,0
metrics,50,1K,h2,1,1024,6.0,15,1,13.4002,13.226,0.6161,14.4609,0.6124,0.6194,0.026,0.6337,6.8563,6.686,0.5419,7.9064,0.0,0,0.0,0.0,6.4814,6.404,0.219,6.8071,10.0,10,0.0,10.0,10.0,10,0.0,10.0,0.0,0
metrics,50,1K,h2,2,1024,6.0,15,1,13.3698,13.495,0.3656,13.8591,0.6132,0.607,0.017,0.6404,6.8858,6.9,0.2915,7.2813,0.0,0,0.0,0.0,6.4284,6.415,0.1537,6.6482,10.0,10,0.0,10.0,10.0,10,0.0,10.0,0.0,0
metrics,50,1K,h2,3,1024,6.0,15,1,13.6841,13.688,0.5583,14.5447,0.5996,0.5985,0.024,0.6289,6.9963,6.859,0.4817,7.7523,0.0,0,0.0,0.0,6.5077,6.455,0.199,6.8102,10.0,10,0.0,10.0,10.0,10,0.0,10.0,0.0,0
metrics,50,1K,h2,4,1024,6.0,15,1,13.5508,13.424,0.4326,14.2525,0.6051,0.6103,0.0191,0.6324,6.9457,6.823,0.3361,7.5081,0.0,0,0.0,0.0,6.5052,6.533,0.1262,6.678,10.0,10,0.0,10.0,10.0,10,0.0,10.0,0.0,0
metrics,50,1K,h2,5,1024,6.0,15,1,13.496,13.365,0.4601,14.2876,0.6076,0.6129,0.0195,0.6256,6.9248,6.782,0.4343,7.7015,0.0,0,0.0,0.0,6.4947,6.432,0.1375,6.7154,10.0,10,0.0,10.0,10.0,10,0.0,10.0,0.0,0
metrics,50,1K,h2,6,1024,6.0,15,1,13.4997,13.41,0.4777,14.4331,0.6075,0.6109,0.0208,0.6308,6.8385,6.725,0.4392,7.8297,0.0,0,0.0,0.0,6.4634,6.45,0.131,6.6513,10.0,10,0.0,10.0,10.0,10,0.0,10.0,0.0,0
metrics,50,1K,h2,7,1024,6.0,15,1,13.3759,13.367,0.3276,13.8585,0.6128,0.6129,0.0148,0.6313,6.7629,6.719,0.2562,7.1734,0.0,0,0.0,0.0,6.4495,6.377,0.1469,6.6844,10.0,10,0.0,10.0,10.0,10,0.0,10.0,0.0,0
metrics,50,1K,h2,8,1024,6.0,15,1,13.6105,13.501,0.4069,14.2222,0.6024,0.6068,0.018,0.629,6.9855,6.873,0.3969,7.6162,0.0,0,0.0,0.0,6.5215,6.574,0.1381,6.7037,10.0,10,0.0,10.0,10.0,10,0.0,10.0,0.0,0
metrics,50,1K,h2,9,1024,6.0,15,1,13.5825,13.414,0.5166,14.3233,0.6039,0.6107,0.0227,0.6291,7.0015,6.771,0.4796,7.6921,0.0,0,0.0,0.0,6.4556,6.423,0.1686,6.7394,10.0,10,0.0,10.0,10.0,10,0.0,10.0,0.0,0
metrics,50,1K,h2,10,1024,6.0,15,1,13.4865,13.375,0.439,14.1545,0.608,0.6125,0.0195,0.6295,6.8377,6.727,0.3352,7.4465,0.0,0,0.0,0.0,6.4874,6.468,0.1982,6.8116,10.0,10,0.0,10.0,10.0,10,0.0,10.0,0.0,0
metrics,50,1K,h3,1,1024,22.0,15,1,56.8241,56.87,3.394,61.7751,0.1447,0.144,0.0089,0.1606,30.1332,31.206,2.5849,32.6774,0.0,0,0.0,0.0,28.8984,28.709,1.7968,31.2442,10.0,10,0.0,10.0,10.0,10,0.0,10.0,0.0,0
metrics,50,1K,h3,2,1024,22.0,15,1,51.3189,51.262,1.1899,53.3208,0.1597,0.1598,0.0037,0.1649,26.3135,26.153,0.8811,27.9297,0.0,0,0.0,0.0,26.1947,26.465,0.8275,26.9486,10.0,10,0.0,10.0,10.0,10,0.0,10.0,0.0,0
metrics,50,1K,h3,3,1024,22.0,15,1,58.1113,58.989,4.365,63.3776,0.1417,0.1389,0.011,0.1601,30.9258,31.32,3.3606,35.2157,0.0,0,0.0,0.0,29.4207,29.818,2.3551,32.126,10.0,10,0.0,10.0,10.0,10,0.0,10.0,0.0,0
metrics,50,1K,h3,4,1024,22.0,15,1,56.5858,57.195,2.407,59.5493,0.145,0.1432,0.0062,0.155,29.2852,29.589,2.8818,33.1629,0.0,0,0.0,0.0,29.2166,29.295,1.5024,31.1993,10.0,10,0.0,10.0,10.0,10,0.0,10.0,0.0,0
metrics,50,1K,h3,5,1024,22.0,15,1,56.0679,57.326,3.3624,59.9945,0.1466,0.1429,0.0091,0.1623,29.2043,28.616,2.7768,32.9619,0.0,0,0.0,0.0,28.544,29.268,2.2916,30.7959,10.0,10,0.0,10.0,10.0,10,0.0,10.0,0.0,0
metrics,50,1K,h3,6,1024,22.0,15,1,56.3034,56.103,3.0156,61.4188,0.1459,0.146,0.0077,0.156,29.2542,29.727,1.8936,32.1357,0.0,0,0.0,0.0,29.1311,30.132,1.9149,31.3142,10.0,10,0.0,10.0,10.0,10,0.0,10.0,0.0,0
metrics,50,1K,h3,7,1024,22.0,15,1,56.4625,56.651,3.3709,61.5648,0.1456,0.1446,0.0086,0.1569,29.1567,29.502,2.7621,33.5599,0.0,0,0.0,0.0,29.1998,29.258,1.6722,31.4557,10.0,10,0.0,10.0,10.0,10,0.0,10.0,0.0,0
metrics,50,1K,h3,8,1024,22.0,15,1,56.4236,57.973,3.4155,60.587,0.1457,0.1413,0.0092,0.1617,29.7713,29.886,2.9967,33.1737,0.0,0,0.0,0.0,29.0441,29.687,2.2895,31.1871,10.0,10,0.0,10.0,10.0,10,0.0,10.0,0.0,0
metrics,50,1K,h3,9,1024,22.0,15,1,57.3395,57.888,2.3245,60.6929,0.1431,0.1415,0.0059,0.1527,29.461,29.292,2.2725,32.6372,0.0,0,0.0,0.0,29.5003,29.743,1.4286,31.3227,10.0,10,0.0,10.0,10.0,10,0.0,10.0,0.0,0
metrics,50,1K,h3,10,1024,22.0,15,1,56.1197,55.789,2.6063,60.105,0.1463,0.1468,0.0067,0.1543,29.2716,29.1,2.578,33.1521,0.0,0,0.0,0.0,29.1846,29.536,1.4249,31.0067,10.0,10,0.0,10.0,10.0,10,0.0,10.0,0.0,0
metrics,50,1K,h4,1,1024,52.0,15,1,128.2257,128.358,7.6618,137.2178,0.0641,0.0638,0.004,0.0708,64.5838,62.807,5.1222,71.3428,0.0,0,0.0,0.0,62.967,62.857,4.2146,69.4577,10.0,10,0.0,10.0,10.0,10,0.0,10.0,0.0,0
metrics,50,1K,h4,2,1024,52.0,15,1,118.4587,118.923,3.7747,123.2767,0.0692,0.0689,0.0022,0.072,59.1506,59.88,2.8909,62.3364,0.0,0,0.0,0.0,58.4037,59.137,2.0824,60.8957,10.0,10,0.0,10.0,10.0,10,0.0,10.0,0.0,0
metrics,50,1K,h4,3,1024,52.0,15,1,127.7013,127.795,8.3548,138.3346,0.0644,0.0641,0.0043,0.0716,63.7395,63.573,6.3868,72.505,0.0,0,0.0,0.0,63.9323,66.128,4.0938,68.5806,10.0,10,0.0,10.0,10.0,10,0.0,10.0,0.0,0
metrics,50,1K,h4,4,1024,52.0,15,1,126.9587,126.638,7.7428,141.6631,0.0647,0.0647,0.0038,0.0694,61.7953,62.505,5.4654,72.0434,0.0,0,0.0,0.0,62.9777,62.815,4.1427,69.8434,10.0,10,0.0,10.0,10.0,10,0.0,10.0,0.0,0
metrics,50,1K,h4,5,1024,52.0,15,1,128.0035,128.348,7.3291,138.8539,0.0642,0.0638,0.0036,0.0691,63.7591,62.741,5.5485,72.6114,0.0,0,0.0,0.0,64.5285,63.029,3.7669,70.6843,10.0,10,0.0,10.0,10.0,10,0.0,10.0,0.0,0
metrics,50,1K,h4,6,1024,52.0,15,1,126.8533,128.277,5.2203,133.7555,0.0647,0.0639,0.0027,0.0691,63.9663,66.035,4.9889,68.2554,0.0,0,0.0,0.0,61.7853,62.881,3.184,65.8049,10.0,10,0.0,10.0,10.0,10,0.0,10.0,0.0,0
metrics,50,1K,h4,7,1024,52.0,15,1,130.0655,129.989,3.8355,136.9675,0.063,0.063,0.0018,0.0655,65.8128,65.113,3.6308,71.2519,0.0,0,0.0,0.0,64.0705,63.715,3.1915,68.6718,10.0,10,0.0,10.0,10.0,10,0.0,10.0,0.0,0
metrics,50,1K,h4,8,1024,52.0,15,1,127.4896,124.801,7.5464,139.2631,0.0645,0.0656,0.0037,0.0691,64.1744,63.952,5.4903,72.6084,0.0,0,0.0,0.0,62.8095,61.828,4.1569,69.2049,10.0,10,0.0,10.0,10.0,10,0.0,10.0,0.0,0
metrics,50,1K,h4,9,1024,52.0,15,1,125.8605,127.529,5.5334,131.8607,0.0652,0.0642,0.003,0.0711,64.0555,64.291,4.8411,70.5171,0.0,0,0.0,0.0,61.5325,61.615,2.8164,65.4443,10.0,10,0.0,10.0,10.0,10,0.0,10.0,0.0,0
metrics,50,1K,h4,10,1024,52.0,15,1,127.7344,129.293,7.9661,137.9017,0.0644,0.0634,0.0041,0.0708,63.6563,62.814,5.6069,71.2729,0.0,0,0.0,0.0,62.3262,60.338,5.0048,69.7906,10.0,10,0.0,10.0,10.0,10,0.0,10.0,0.0,0
static10,50,1K,h2,1,1024,6.0,15,1,13.5207,13.294,0.6459,14.6835,0.6071,0.6162,0.0278,0.6397,6.8433,6.68,0.3946,7.6049,0.0,0,0.0,0.0,6.4743,6.461,0.1488,6.7259,10.0,10,0.0,10.0,10.0,10,0.0,10.0,0.0,0
static10,50,1K,h2,2,1024,6.0,15,1,13.199,13.23,0.3004,13.6005,0.621,0.6192,0.0142,0.6434,6.7493,6.764,0.2605,7.0927,0.0,0,0.0,0.0,6.3613,6.354,0.1202,6.5404,10.0,10,0.0,10.0,10.0,10,0.0,10.0,0.0,0
static10,50,1K,h2,3,1024,6.0,15,1,13.4457,13.352,0.3596,13.987,0.6097,0.6135,0.0161,0.6286,6.8299,6.765,0.2721,7.2073,0.0,0,0.0,0.0,6.4931,6.442,0.1598,6.7569,10.0,10,0.0,10.0,10.0,10,0.0,10.0,0.0,0
static10,50,1K,h2,4,1024,6.0,15,1,13.4906,13.205,0.5815,14.4357,0.6083,0.6204,0.0256,0.637,6.9133,6.67,0.5393,7.812,0.0,0,0.0,0.0,6.4659,6.442,0.1602,6.7395,10.0,10,0.0,10.0,10.0,10,0.0,10.0,0.0,0
static10,50,1K,h2,5,1024,6.0,15,1,13.3153,13.217,0.4045,13.9744,0.6157,0.6198,0.0179,0.6346,6.681,6.635,0.1986,7.0235,0.0,0,0.0,0.0,6.4067,6.367,0.1577,6.6493,10.0,10,0.0,10.0,10.0,10,0.0,10.0,0.0,0
static10,50,1K,h2,6,1024,6.0,15,1,13.3448,13.202,0.4436,14.137,0.6145,0.6205,0.0193,0.6299,6.7591,6.637,0.4427,7.7123,0.0,0,0.0,0.0,6.4661,6.46,0.1766,6.6873,10.0,10,0.0,10.0,10.0,10,0.0,10.0,0.0,0
static10,50,1K,h2,7,1024,6.0,15,1,13.5579,13.318,0.5293,14.4776,0.6051,0.6151,0.0231,0.6307,6.9751,6.797,0.5138,7.842,0.0,0,0.0,0.0,6.4802,6.446,0.1562,6.8166,10.0,10,0.0,10.0,10.0,10,0.0,10.0,0.0,0
static10,50,1K,h2,8,1024,6.0,15,1,13.6689,13.439,0.64,14.7455,0.6005,0.6096,0.0274,0.6312,7.0384,6.736,0.5462,8.1299,0.0,0,0.0,0.0,6.5068,6.434,0.2656,6.9335,10.0,10,0.0,10.0,10.0,10,0.0,10.0,0.0,0
static10,50,1K,h2,9,1024,6.0,15,1,13.5537,13.409,0.5503,14.5061,0.6053,0.6109,0.0235,0.6281,6.9487,6.68,0.5874,7.9707,0.0,0,0.0,0.0,6.5047,6.47,0.2622,7.0044,10.0,10,0.0,10.0,10.0,10,0.0,10.0,0.0,0
static10,50,1K,h2,10,1024,6.0,15,1,13.4761,13.399,0.4795,14.261,0.6086,0.6114,0.0211,0.6322,6.9153,6.711,0.4416,7.6543,0.0,0,0.0,0.0,6.462,6.423,0.1345,6.7049,10.0,10,0.0,10.0,10.0,10,0.0,10.0,0.0,0
static10,50,1K,h3,1,1024,22.0,15,1,55.4076,55.983,3.8182,59.8838,0.1485,0.1463,0.0104,0.1657,29.3635,29.991,2.8025,32.7559,0.0,0,0.0,0.0,28.2079,28.674,2.1668,30.6457,10.0,10,0.0,10.0,10.0,10,0.0,10.0,0.0,0
static10,50,1K,h3,2,1024,22.0,15,1,51.8151,51.811,0.9774,53.1065,0.1582,0.1581,0.003,0.1625,26.5163,26.161,0.8936,27.7297,0.0,0,0.0,0.0,26.2855,26.459,0.5644,26.8844,10.0,10,0.0,10.0,10.0,10,0.0,10.0,0.0,0
static10,50,1K,h3,3,1024,22.0,15,1,56.1308,56.227,3.0081,60.5641,0.1463,0.1457,0.0079,0.1596,29.3853,28.687,2.5777,33.3426,0.0,0,0.0,0.0,29.0673,28.705,1.795,31.2569,10.0,10,0.0,10.0,10.0,10,0.0,10.0,0.0,0
static10,50,1K,h3,4,1024,22.0,15,1,56.269,55.887,2.7583,59.8409,0.1459,0.1466,0.0071,0.157,29.0864,28.706,2.3212,31.9938,0.0,0,0.0,0.0,29.1788,29.922,1.864,31.1392,10.0,10,0.0,10.0,10.0,10,0.0,10.0,0.0,0
static10,50,1K,h3,5,1024,22.0,15,1,56.8076,57.473,4.1028,61.474,0.145,0.1425,0.0111,0.1639,29.8974,30.354,3.0899,33.3341,0.0,0,0.0,0.0,28.9901,29.784,2.2853,31.3206,10.0,10,0.0,10.0,10.0,10,0.0,10.0,0.0,0
static10,50,1K,h3,6,1024,22.0,15,1,57.9099,57.971,3.3355,61.7625,0.1419,0.1413,0.0083,0.1563,30.6507,32.201,2.8306,33.3391,0.0,0,0.0,0.0,29.9996,30.678,1.8826,31.795,10.0,10,0.0,10.0,10.0,10,0.0,10.0,0.0,0
static10,50,1K,h3,7,1024,22.0,15,1,57.2322,57.555,2.7733,61.5761,0.1435,0.1423,0.007,0.1544,29.8406,29.834,2.067,33.106,0.0,0,0.0,0.0,29.6437,30.153,1.4494,31.3252,10.0,10,0.0,10.0,10.0,10,0.0,10.0,0.0,0
static10,50,1K,h3,8,1024,22.0,15,1,56.8251,56.876,3.1783,60.8801,0.1446,0.144,0.0083,0.1587,30.5719,31.515,2.1302,32.9541,0.0,0,0.0,0.0,29.3529,29.733,1.6636,31.3613,10.0,10,0.0,10.0,10.0,10,0.0,10.0,0.0,0
static10,50,1K,h3,9,1024,22.0,15,1,55.9881,56.072,2.2468,59.333,0.1465,0.1461,0.0061,0.1547,28.9975,28.247,1.952,32.9492,0.0,0,0.0,0.0,29.1146,29.622,1.611,30.4719,10.0,10,0.0,10.0,10.0,10,0.0,10.0,0.0,0
static10,50,1K,h3,10,1024,22.0,15,1,56.2937,55.19,3.28,61.221,0.146,0.1484,0.0084,0.1573,28.6891,28.407,2.8824,32.6558,0.0,0,0.0,0.0,29.2342,28.728,1.5651,31.4459,10.0,10,0.0,10.0,10.0,10,0.0,10.0,0.0,0
static10,50,1K,h4,1,1024,52.0,15,1,127.8215,127.376,8.2627,141.8355,0.0643,0.0643,0.0041,0.071,63.6381,65.341,5.7034,71.5084,0.0,0,0.0,0.0,62.8611,63.152,5.0677,70.193,10.0,10,0.0,10.0,10.0,10,0.0,10.0,0.0,0
static10,50,1K,h4,2,1024,52.0,15,1,117.9211,118.393,3.0241,121.4942,0.0695,0.0692,0.0018,0.0728,59.174,59.138,2.7423,62.8453,0.0,0,0.0,0.0,58.0415,57.941,2.2453,61.4964,10.0,10,0.0,10.0,10.0,10,0.0,10.0,0.0,0
static10,50,1K,h4,3,1024,52.0,15,1,128.0873,128.068,5.4979,136.8523,0.0641,0.064,0.0027,0.0677,64.6453,64.352,3.9289,69.38,0.0,0,0.0,0.0,63.3531,63.941,4.3661,69.6978,10.0,10,0.0,10.0,10.0,10,0.0,10.0,0.0,0
static10,50,1K,h4,4,1024,52.0,15,1,127.3557,128.233,5.3445,135.0762,0.0644,0.0639,0.0027,0.0689,64.528,65.257,5.7348,71.2529,0.0,0,0.0,0.0,62.8106,62.386,3.6135,67.0565,10.0,10,0.0,10.0,10.0,10,0.0,10.0,0.0,0
static10,50,1K,h4,5,1024,52.0,15,1,127.6611,126.421,5.5955,135.7608,0.0643,0.0648,0.0028,0.0685,64.5802,65.74,4.0401,70.1384,0.0,0,0.0,0.0,63.3969,63.716,3.1709,67.6512,10.0,10,0.0,10.0,10.0,10,0.0,10.0,0.0,0
static10,50,1K,h4,6,1024,52.0,15,1,129.7863,130.205,7.3603,140.2435,0.0633,0.0629,0.0036,0.0683,64.9292,65.428,5.3597,72.6436,0.0,0,0.0,0.0,63.6638,62.449,4.2375,70.9418,10.0,10,0.0,10.0,10.0,10,0.0,10.0,0.0,0
static10,50,1K,h4,7,1024,52.0,15,1,126.7226,128.139,8.1191,137.318,0.0649,0.0639,0.0042,0.0718,64.3871,64.166,4.935,70.7682,0.0,0,0.0,0.0,61.4671,60.411,4.4669,67.7975,10.0,10,0.0,10.0,10.0,10,0.0,10.0,0.0,0
static10,50,1K,h4,8,1024,52.0,15,1,126.1388,127.459,5.71,135.2169,0.0651,0.0643,0.003,0.0696,61.3139,61.485,5.058,68.0335,0.0,0,0.0,0.0,62.7532,62.269,3.352,67.3147,10.0,10,0.0,10.0,10.0,10,0.0,10.0,0.0,0
static10,50,1K,h4,9,1024,52.0,15,1,128.2457,127.743,6.1524,136.3457,0.064,0.0641,0.0031,0.0691,65.5936,64.259,4.4403,72.7833,0.0,0,0.0,0.0,63.6847,64.395,2.9821,68.5449,10.0,10,0.0,10.0,10.0,10,0.0,10.0,0.0,0
static10,50,1K,h4,10,1024,52.0,15,1,128.6265,130.258,5.887,137.3013,0.0638,0.0629,0.0029,0.0678,63.7462,62.55,3.9085,70.3072,0.0,0,0.0,0.0,64.1511,64.835,4.3948,69.3239,10.0,10,0.0,10.0,10.0,10,0.0,10.0,0.0,0
statichigh,50,1K,h2,1,1024,6.0,15,1,13.5042,13.249,0.5526,14.4286,0.6076,0.6183,0.0244,0.6347,6.8505,6.701,0.4781,7.6618,0.0,0,0.0,0.0,6.4483,6.455,0.1609,6.6673,24.0,24,0.0,24.0,24.0,24,0.0,24.0,0.0,0
statichigh,50,1K,h2,2,1024,6.0,15,1,13.4265,13.196,0.51,14.2553,0.6109,0.6208,0.0227,0.6334,6.8992,6.655,0.5219,7.802,0.0,0,0.0,0.0,6.3975,6.38,0.1452,6.6039,24.0,24,0.0,24.0,24.0,24,0.0,24.0,0.0,0
statichigh,50,1K,h2,3,1024,6.0,15,1,13.3659,13.211,0.4883,14.1878,0.6136,0.6201,0.0218,0.6371,6.7481,6.626,0.3665,7.4501,0.0,0,0.0,0.0,6.4433,6.374,0.2266,6.8136,24.0,24,0.0,24.0,24.0,24,0.0,24.0,0.0,0
statichigh,50,1K,h2,4,1024,6.0,15,1,13.5239,13.373,0.4413,14.3142,0.6063,0.6126,0.0192,0.626,6.8944,6.77,0.4366,7.5876,0.0,0,0.0,0.0,6.5059,6.473,0.142,6.72,24.0,24,0.0,24.0,24.0,24,0.0,24.0,0.0,0
statichigh,50,1K,h2,5,1024,6.0,15,1,13.3465,13.258,0.3629,14.1269,0.6142,0.6179,0.016,0.6275,6.7767,6.704,0.3267,7.4665,0.0,0,0.0,0.0,6.4419,6.433,0.1376,6.6553,24.0,24,0.0,24.0,24.0,24,0.0,24.0,0.0,0
statichigh,50,1K,h2,6,1024,6.0,15,1,13.4617,13.218,0.4199,14.2559,0.6091,0.6198,0.0185,0.6287,6.8914,6.702,0.4331,7.6518,0.0,0,0.0,0.0,6.4187,6.372,0.1395,6.6857,24.0,24,0.0,24.0,24.0,24,0.0,24.0,0.0,0
statichigh,50,1K,h2,7,1024,6.0,15,1,13.5428,13.415,0.4275,14.266,0.6054,0.6107,0.0187,0.6262,6.9172,6.833,0.383,7.5776,0.0,0,0.0,0.0,6.4788,6.444,0.1521,6.7108,24.0,24,0.0,24.0,24.0,24,0.0,24.0,0.0,0
statichigh,50,1K,h2,8,1024,6.0,15,1,13.4345,13.322,0.3627,14.0172,0.6102,0.6149,0.0161,0.626,6.7957,6.699,0.3729,7.4682,0.0,0,0.0,0.0,6.4311,6.44,0.0797,6.5532,24.0,24,0.0,24.0,24.0,24,0.0,24.0,0.0,0
statichigh,50,1K,h2,9,1024,6.0,15,1,13.376,13.201,0.4023,14.2379,0.6129,0.6206,0.0178,0.63,6.8076,6.68,0.3543,7.5532,0.0,0,0.0,0.0,6.4135,6.406,0.1213,6.6131,24.0,24,0.0,24.0,24.0,24,0.0,24.0,0.0,0
statichigh,50,1K,h2,10,1024,6.0,15,1,13.4544,13.435,0.3775,14.1828,0.6093,0.6098,0.0168,0.6296,6.8497,6.774,0.3308,7.4919,0.0,0,0.0,0.0,6.4925,6.484,0.1749,6.7448,24.0,24,0.0,24.0,24.0,24,0.0,24.0,0.0,0
statichigh,50,1K,h3,1,1024,22.0,15,1,56.3343,56.39,3.6784,61.253,0.146,0.1453,0.0099,0.1647,30.4467,30.243,2.8097,33.4291,0.0,0,0.0,0.0,28.7794,29.975,2.4006,31.4748,24.0,24,0.0,24.0,24.0,24,0.0,24.0,0.0,0
statichigh,50,1K,h3,2,1024,22.0,15,1,58.0265,56.856,2.7202,62.6534,0.1415,0.1441,0.0064,0.1479,30.6168,29.952,2.0071,33.1658,0.0,0,0.0,0.0,30.1258,30.143,1.19,31.5933,24.0,24,0.0,24.0,24.0,24,0.0,24.0,0.0,0
statichigh,50,1K,h3,3,1024,22.0,15,1,56.448,56.757,2.9097,60.4321,0.1455,0.1443,0.0078,0.1585,29.2511,29.567,2.7731,32.9302,0.0,0,0.0,0.0,29.0067,29.216,1.6382,31.314,24.0,24,0.0,24.0,24.0,24,0.0,24.0,0.0,0
statichigh,50,1K,h3,4,1024,22.0,15,1,57.4323,56.803,3.0073,61.6795,0.143,0.1442,0.0075,0.1557,30.1961,30.348,2.3709,33.0947,0.0,0,0.0,0.0,29.7919,29.925,1.725,31.7107,24.0,24,0.0,24.0,24.0,24,0.0,24.0,0.0,0
statichigh,50,1K,h3,5,1024,22.0,15,1,55.5593,56.374,3.1501,58.6815,0.1479,0.1453,0.0088,0.1618,29.2694,28.941,2.4166,32.5135,0.0,0,0.0,0.0,28.6468,28.726,2.0048,30.6638,24.0,24,0.0,24.0,24.0,24,0.0,24.0,0.0,0
statichigh,50,1K,h3,6,1024,22.0,15,1,56.5571,56.52,2.775,60.1973,0.1452,0.1449,0.0071,0.1551,30.6801,30.879,1.9854,33.2596,0.0,0,0.0,0.0,29.2391,29.524,1.6536,31.1914,24.0,24,0.0,24.0,24.0,24,0.0,24.0,0.0,0
statichigh,50,1K,h3,7,1024,22.0,15,1,54.7996,55.111,2.2246,58.1774,0.1497,0.1486,0.0061,0.1584,29.1131,28.67,1.6745,32.055,0.0,0,0.0,0.0,28.2742,28.877,1.4427,29.9189,24.0,24,0.0,24.0,24.0,24,0.0,24.0,0.0,0
statichigh,50,1K,h3,8,1024,22.0,15,1,56.5563,56.81,3.9076,61.0141,0.1455,0.1442,0.0106,0.1655,29.1263,29.888,2.9042,32.8781,0.0,0,0.0,0.0,29.0285,29.204,2.1384,31.2974,24.0,24,0.0,24.0,24.0,24,0.0,24.0,0.0,0
statichigh,50,1K,h3,9,1024,22.0,15,1,56.2941,56.465,2.9723,59.924,0.1459,0.1451,0.0078,0.1574,29.2599,29.217,2.3464,33.0743,0.0,0,0.0,0.0,29.5249,29.927,1.4553,30.9028,24.0,24,0.0,24.0,24.0,24,0.0,24.0,0.0,0
statichigh,50,1K,h3,10,1024,22.0,15,1,57.2306,57.117,2.033,59.808,0.1433,0.1434,0.0051,0.1516,29.8748,29.934,2.406,32.9739,0.0,0,0.0,0.0,29.4444,30.184,1.4329,31.0579,24.0,24,0.0,24.0,24.0,24,0.0,24.0,0.0,0
statichigh,50,1K,h4,1,1024,52.0,15,1,126.202,126.073,6.3359,133.9128,0.0651,0.065,0.0033,0.0695,61.7445,63.431,4.7835,68.9585,0.0,0,0.0,0.0,62.2267,61.969,3.3511,68.1885,24.0,24,0.0,24.0,24.0,24,0.0,24.0,0.0,0
statichigh,50,1K,h4,2,1024,52.0,15,1,130.5329,129.058,5.3405,138.5593,0.0629,0.0635,0.0025,0.0663,64.9733,64.824,3.3485,70.3612,0.0,0,0.0,0.0,63.7913,63.18,3.302,69.5607,24.0,24,0.0,24.0,24.0,24,0.0,24.0,0.0,0
statichigh,50,1K,h4,3,1024,52.0,15,1,127.856,127.266,7.0329,138.3018,0.0643,0.0644,0.0036,0.0694,64.5371,65.146,4.4524,72.3128,0.0,0,0.0,0.0,62.3389,61.281,3.5282,67.7487,24.0,24,0.0,24.0,24.0,24,0.0,24.0,0.0,0
statichigh,50,1K,h4,4,1024,52.0,15,1,127.956,127.669,5.8716,136.037,0.0641,0.0642,0.0029,0.0686,64.9781,64.785,4.0024,72.6498,0.0,0,0.0,0.0,62.7415,62.455,4.292,69.111,24.0,24,0.0,24.0,24.0,24,0.0,24.0,0.0,0
statichigh,50,1K,h4,5,1024,52.0,15,1,128.9265,128.7,6.8314,137.4705,0.0637,0.0637,0.0035,0.0688,64.4405,65.814,5.2113,70.346,0.0,0,0.0,0.0,63.7909,64.503,4.0241,69.2732,24.0,24,0.0,24.0,24.0,24,0.0,24.0,0.0,0
statichigh,50,1K,h4,6,1024,52.0,15,1,128.2789,127.366,5.6603,136.873,0.064,0.0643,0.0028,0.0682,64.8593,64.506,2.9294,69.0759,0.0,0,0.0,0.0,62.7615,61.876,3.0424,67.6847,24.0,24,0.0,24.0,24.0,24,0.0,24.0,0.0,0
statichigh,50,1K,h4,7,1024,52.0,15,1,128.3415,128.385,6.5817,138.9735,0.064,0.0638,0.0032,0.0681,64.2776,64.725,4.9091,69.858,0.0,0,0.0,0.0,63.155,63.579,4.0152,69.5598,24.0,24,0.0,24.0,24.0,24,0.0,24.0,0.0,0
statichigh,50,1K,h4,8,1024,52.0,15,1,129.8219,131.145,6.639,137.1594,0.0633,0.0625,0.0033,0.0696,65.1883,65.395,6.2088,72.8418,0.0,0,0.0,0.0,63.4691,64.033,3.6189,67.3269,24.0,24,0.0,24.0,24.0,24,0.0,24.0,0.0,0
statichigh,50,1K,h4,9,1024,52.0,15,1,130.3576,129.961,6.6442,141.024,0.063,0.063,0.0032,0.0679,67.1029,68.479,5.7548,72.847,0.0,0,0.0,0.0,64.232,64.684,4.3158,70.0732,24.0,24,0.0,24.0,24.0,24,0.0,24.0,0.0,0
statichigh,50,1K,h4,10,1024,52.0,15,1,128.436,125.424,8.9375,141.614,0.0641,0.0653,0.0044,0.0699,64.1099,62.879,8.0176,75.7674,0.0,0,0.0,0.0,63.0481,61.892,5.5508,70.9778,24.0,24,0.0,24.0,24.0,24,0.0,24.0,0.0,0
ewma,50,1M,h2,1,1048576,6.0,15,1,190.2433,189.947,1.8776,192.3973,44.098,44.1629,0.4232,44.4139,183.6177,183.377,1.7189,185.5998,17.7333,17,5.2978,21.0,8.7579,8.801,0.1765,8.9707,46.4,49,10.0698,49.0,49.0,49,0.0,49.0,93.333,0
ewma,50,1M,h2,2,1048576,6.0,15,1,190.0699,189.683,1.8417,192.2487,44.1381,44.2244,0.4162,44.4072,183.4535,183.076,1.7839,185.5267,18.2667,21,5.4046,21.0,8.7204,8.675,0.1714,8.9623,46.4,49,10.0698,49.0,49.0,49,0.0,49.0,93.333,0
ewma,50,1M,h2,3,1048576,6.0,15,1,190.1348,189.853,1.1063,191.4471,44.1206,44.1848,0.2524,44.2687,183.5169,183.192,1.1413,184.9495,16.4,17,4.7479,21.0,8.7134,8.753,0.0958,8.8013,45.4667,48,9.8116,48.0,48.0,48,0.0,48.0,93.333,0
ewma,50,1M,h2,4,1048576,6.0,15,1,190.2146,189.88,1.0735,191.6631,44.102,44.1785,0.245,44.249,183.5943,183.189,1.1045,185.0473,15.8667,17,4.3894,17.0,8.7321,8.738,0.0541,8.7973,45.4667,48,9.8116,48.0,48.0,48,0.0,48.0,93.333,0
ewma,50,1M,h2,5,1048576,6.0,15,1,190.3988,189.83,1.6693,193.3117,44.0612,44.1901,0.3774,44.2488,183.7915,183.294,1.6533,186.4923,15.6,17,4.4369,17.0,8.7076,8.722,0.0788,8.7966,45.4667,48,9.8116,48.0,48.0,48,0.0,48.0,93.333,0
ewma,50,1M,h2,6,1048576,6.0,15,1,190.0086,189.834,1.1585,191.4334,44.1501,44.1892,0.2653,44.3928,183.3994,183.118,1.1267,184.819,18.0,21,5.3586,21.0,8.7549,8.747,0.1508,8.9609,46.4,49,10.0698,49.0,49.0,49,0.0,49.0,93.333,0
ewma,50,1M,h2,7,1048576,6.0,15,1,190.6207,190.081,1.2852,192.462,44.0086,44.1318,0.2928,44.2232,183.9793,183.535,1.2578,185.8657,14.8,17,4.4753,17.0,8.704,8.655,0.0872,8.8334,44.5333,47,9.5534,47.0,47.0,47,0.0,47.0,93.333,0
ewma,50,1M,h2,8,1048576,6.0,15,1,189.9181,189.759,1.3501,191.5116,44.1717,44.2066,0.3081,44.4048,183.3152,183.055,1.3487,185.0239,18.5333,21,5.4362,21.0,8.7271,8.692,0.1489,8.9518,46.4,49,10.0698,49.0,49.0,49,0.0,49.0,93.333,0
ewma,50,1M,h2,9,1048576,6.0,15,1,190.5431,190.217,1.3595,192.4371,44.0268,44.1002,0.3096,44.2742,183.9531,183.545,1.269,185.8095,15.2667,17,4.6975,18.2,8.6959,8.646,0.1316,8.9025,44.5333,47,9.5534,47.0,47.0,47,0.0,47.0,93.333,0
ewma,50,1M,h2,10,1048576,6.0,15,1,190.2849,189.755,1.6216,192.2415,44.0874,44.2076,0.367,44.3466,183.6581,183.301,1.5981,185.5136,17.9333,20,5.3247,21.0,8.7563,8.724,0.1567,8.9552,46.4,49,10.0698,49.0,49.0,49,0.0,49.0,93.333,0
ewma,50,1M,h3,1,1048576,22.0,15,1,268.0405,270.756,12.4391,285.2377,31.3603,30.9822,1.4842,33.6929,241.7205,243.45,12.8486,260.3937,17.9333,18,11.4359,31.9,24.0019,24.262,0.6638,24.5301,139.6,150,36.8526,159.8,156.3333,150,15.651,181.6,93.333,0
ewma,50,1M,h3,2,1048576,22.0,15,1,273.2722,275.991,18.328,302.0923,30.8243,30.3945,2.0424,33.6456,246.1191,247.976,18.3726,277.4284,20.1333,22,8.871,30.2,23.4507,22.867,0.782,24.371,136.9333,141,36.252,161.0,152.8667,141,15.5557,177.8,93.333,0
ewma,50,1M,h3,3,1048576,22.0,15,1,269.0291,272.561,14.2181,290.8221,31.2621,30.777,1.6455,33.4123,242.6933,245.706,14.3947,263.1409,15.4667,10,11.575,31.0,24.2952,24.265,0.1563,24.5453,147.8667,157,39.8316,168.0,165.8,168,13.8986,181.5,93.333,0
ewma,50,1M,h3,4,1048576,22.0,15,1,273.9306,274.812,18.2056,303.7388,30.7466,30.5249,1.9941,33.2123,247.1474,246.402,18.7149,277.4245,14.4,11,11.2428,31.0,24.1865,24.264,0.4195,24.5393,146.8667,156,39.2571,167.0,164.2667,167,13.0574,181.9,93.333,0
ewma,50,1M,h3,5,1048576,22.0,15,1,269.3661,269.893,14.1744,291.0192,31.2211,31.0812,1.6141,33.4413,242.7185,243.88,14.2304,264.3502,10.4667,4,9.9561,29.0,24.3175,24.257,0.1909,24.7359,145.6,158,38.8179,164.0,162.4,164,13.5373,183.0,93.333,0
ewma,50,1M,h3,6,1048576,22.0,15,1,269.7989,271.32,11.7437,283.899,31.1467,30.9178,1.3474,33.289,242.9358,243.46,11.4132,258.3803,23.1333,24,9.2572,34.0,24.0753,24.338,0.6847,24.7056,137.9333,151,35.8618,151.0,153.2667,151,14.0736,180.1,93.333,0
ewma,50,1M,h3,7,1048576,22.0,15,1,271.7215,276.274,16.7707,301.241,30.9805,30.3634,1.8856,33.3873,244.2357,247.736,16.8994,274.587,18.2,22,10.8707,31.6,23.8997,24.18,0.7593,24.7384,140.8667,140,38.2657,168.0,158.6,164,18.4383,184.6,93.333,0
ewma,50,1M,h3,8,1048576,22.0,15,1,273.9238,272.821,20.5357,310.2269,30.7788,30.7477,2.2212,33.6338,247.9032,244.651,19.3877,281.0629,15.8,13,9.814,30.2,23.7605,24.177,0.7825,24.4791,138.0667,142,36.3445,160.0,153.6,148,13.9171,173.7,93.333,0
ewma,50,1M,h3,9,1048576,22.0,15,1,272.1198,270.827,16.8892,302.6102,30.9327,30.974,1.8323,33.4828,244.3227,244.563,16.8417,274.587,20.3333,21,11.8422,34.0,23.8881,24.261,0.7537,24.5301,138.4,148,36.1303,155.0,154.4,148,13.9068,178.1,93.333,0
ewma,50,1M,h3,10,1048576,22.0,15,1,272.406,270.427,19.8902,303.526,30.9462,31.0199,2.2292,33.6736,245.7653,245.03,21.2888,281.2157,13.8667,10,8.9751,29.6,24.0923,24.209,0.5036,24.4827,147.9333,162,39.4868,168.0,165.6,166,12.1878,179.1,93.333,0
ewma,50,1M,h4,1,1048576,52.0,15,1,447.0701,441.246,31.5557,488.4635,18.839,19.0112,1.1513,19.9136,381.6061,384.259,31.2743,420.0218,19.1333,26,13.49,34.0,53.5008,53.273,0.7178,54.4254,229.3333,245,60.6767,245.0,328.9333,356,41.6318,357.3,73.333,0
ewma,50,1M,h4,2,1048576,52.0,15,1,441.4349,437.693,28.3829,477.0675,19.068,19.1655,1.0861,20.1734,375.6535,374.342,28.2938,410.3764,23.2,26,14.1381,35.0,53.6043,53.452,0.7609,54.5383,229.3333,245,60.6767,245.0,339.8,357,37.7363,373.6,80.0,0
ewma,50,1M,h4,3,1048576,52.0,15,1,447.626,444.9,27.739,484.2075,18.7999,18.855,1.0365,19.8934,380.4409,379.426,26.7127,413.1938,20.8,26,14.1128,36.3,53.4083,53.181,0.7122,54.5417,229.3333,245,60.6767,245.0,330.4,356,40.2311,358.0,80.0,0
ewma,50,1M,h4,4,1048576,52.0,15,1,489.4892,435.339,212.7616,700.2115,18.4728,19.2691,3.3116,20.0046,424.2178,372.86,212.2519,630.857,14.1333,7,13.076,34.3,53.5193,53.071,1.1385,55.1842,200.4,245,75.7607,245.0,303.3333,316,76.209,357.0,80.0,0
ewma,50,1M,h4,5,1048576,52.0,15,1,441.9051,433.262,26.54,481.261,19.0406,19.3615,1.0346,20.0005,377.4548,370.079,25.6194,412.9116,18.5333,27,15.0469,34.0,53.7439,54.098,0.7882,54.528,229.3333,245,60.6767,245.0,318.0667,346,48.0037,357.0,66.667,0
ewma,50,1M,h4,6,1048576,52.0,15,1,444.2175,440.245,31.9853,486.2483,18.9675,19.0544,1.2487,20.2973,377.0513,369.855,31.3965,416.858,21.1333,26,15.661,38.3,53.5674,53.816,0.8008,54.5145,229.3333,245,60.6767,245.0,332.8,356,39.6506,364.0,73.333,0
ewma,50,1M,h4,7,1048576,52.0,15,1,450.459,446.857,39.0571,497.046,18.7329,18.7725,1.3761,20.2014,382.8594,377.364,38.7617,428.6368,18.6667,26,15.2721,34.3,53.4557,53.138,0.8086,54.4454,229.3333,245,60.6767,245.0,322.6,356,44.9012,357.3,66.667,0
ewma,50,1M,h4,8,1048576,52.0,15,1,442.6226,436.073,30.9002,486.1593,19.0279,19.2367,1.1694,20.1076,376.4048,372.337,30.0917,416.824,18.6667,27,15.2347,34.0,53.6955,54.122,0.7736,54.5575,229.3333,245,60.6767,245.0,320.4,343,44.1229,358.2,66.667,0
ewma,50,1M,h4,9,1048576,52.0,15,1,494.5345,443.264,210.8559,699.4654,18.2524,18.9246,3.2724,20.3862,429.0117,381.07,211.2144,630.7762,22.1333,26,14.9469,39.7,53.8813,53.313,1.9617,56.5506,204.1333,245,75.8588,245.0,326.9333,356,79.6909,378.0,80.0,0
ewma,50,1M,h4,10,1048576,52.0,15,1,445.6863,446.476,27.8539,478.638,18.8845,18.7885,1.0813,20.2632,377.0047,378.662,26.8711,410.2343,20.1333,26,14.3471,34.6,53.5501,53.884,0.7274,54.3737,229.3333,245,60.6767,245.0,325.7333,356,45.0166,358.0,73.333,0
lossaware,50,1M,h2,1,1048576,6.0,15,1,189.8396,189.748,1.6274,192.1305,44.1909,44.2092,0.374,44.5574,183.2489,183.219,1.6056,185.4205,2.2,0,4.6782,10.0,8.6934,8.743,0.1923,8.9057,27.3333,27,9.4768,39.6,47.5333,48,2.669,50.9,26.667,35
lossaware,50,1M,h2,2,1048576,6.0,15,1,189.7665,190.174,1.6867,192.0295,44.2081,44.1102,0.3879,44.619,183.1969,183.425,1.6638,185.5435,1.9333,0,4.6209,10.0,8.6661,8.67,0.1437,8.852,26.6667,26,9.6782,39.9,47.2667,47,2.2509,49.6,26.667,36
lossaware,50,1M,h2,3,1048576,6.0,15,1,190.1305,189.846,1.9411,193.4022,44.1245,44.1864,0.4425,44.5322,183.4577,183.523,1.8461,186.4687,1.9333,0,4.4636,8.6,8.5718,8.605,0.1377,8.7851,26.0667,26,9.7282,38.9,46.6667,48,3.0394,49.9,33.333,40
lossaware,50,1M,h2,4,1048576,6.0,15,1,190.1288,190.165,2.093,194.3378,44.1256,44.1123,0.4794,44.6441,183.5481,183.435,2.0265,187.598,2.0667,0,4.4315,8.6,8.5629,8.593,0.1415,8.7695,24.9333,24,10.2572,38.6,47.5333,48,2.4162,49.3,40.0,44
lossaware,50,1M,h2,5,1048576,6.0,15,1,189.9007,189.61,1.767,192.2949,44.1772,44.2414,0.4029,44.5004,183.2503,183.161,1.7717,185.6476,2.1333,0,4.6116,9.3,8.6313,8.63,0.1959,8.9437,27.6,26,9.6496,39.9,47.5333,48,2.7482,50.3,26.667,35
lossaware,50,1M,h2,6,1048576,6.0,15,1,189.7883,189.646,1.7528,192.1373,44.2033,44.233,0.4022,44.5619,183.2137,183.264,1.6161,185.3665,2.4,0,5.578,11.2,8.6239,8.634,0.1642,8.8119,27.3333,25,9.6338,39.9,47.2667,48,2.5765,49.6,26.667,35
lossaware,50,1M,h2,7,1048576,6.0,15,1,189.8231,189.405,1.9606,192.3162,44.196,44.2893,0.4466,44.5944,183.2663,182.866,1.9621,185.6482,2.1333,0,5.4885,10.5,8.6199,8.613,0.1608,8.8439,26.8,26,9.5633,39.2,47.4,48,3.1122,51.3,26.667,37
lossaware,50,1M,h2,8,1048576,6.0,15,1,189.7993,189.525,1.6414,192.1554,44.2003,44.2612,0.3779,44.5994,183.1442,182.994,1.6167,185.4373,1.8,0,4.4913,8.6,8.6528,8.626,0.1464,8.8643,26.8,26,9.6303,39.2,47.8667,49,2.4456,50.3,26.667,37
lossaware,50,1M,h2,9,1048576,6.0,15,1,190.2233,190.045,2.0598,194.5011,44.1035,44.1401,0.472,44.5847,183.5992,183.529,1.9635,187.6974,1.9333,0,4.5272,9.3,8.5584,8.575,0.2401,8.8202,25.2667,25,10.464,39.6,47.5333,48,1.9952,49.3,33.333,42
lossaware,50,1M,h2,10,1048576,6.0,15,1,189.7079,189.072,1.7105,192.2087,44.2219,44.3673,0.3934,44.5887,183.1011,182.26,1.6982,185.5049,1.7333,0,4.4476,7.9,8.6239,8.7,0.2219,8.8705,26.6667,26,9.4163,38.9,48.0667,48,2.5486,51.0,26.667,37
lossaware,50,1M,h3,1,1048576,22.0,15,1,269.0252,262.916,16.8377,297.861,31.2902,31.906,1.8616,33.163,241.4044,234.776,17.4918,272.0229,3.1333,2,6.7598,11.6,24.2187,24.235,0.5057,24.7332,40.8667,33,31.6879,85.8,137.3333,144,16.123,155.2,60.0,72
lossaware,50,1M,h3,2,1048576,22.0,15,1,266.2079,260.665,15.7477,295.7606,31.6079,32.1816,1.7466,33.1716,239.5945,234.328,16.5882,271.3353,3.9333,2,5.2163,13.1,24.2948,24.268,0.2842,24.7082,41.9333,33,30.8324,85.8,138.6667,144,16.2246,157.8,60.0,69
lossaware,50,1M,h3,3,1048576,22.0,15,1,260.4001,257.272,12.0356,274.6685,32.2712,32.606,1.32,33.3313,233.5922,230.848,12.1363,247.6718,3.2,0,5.7719,17.0,24.3909,24.437,0.2779,24.794,53.0,51,28.5982,94.9,137.6667,144,17.4711,160.2,46.667,55
lossaware,50,1M,h3,4,1048576,22.0,15,1,263.6987,259.37,14.2489,287.53,31.891,32.3422,1.5819,33.4554,236.8375,231.601,13.7819,260.8197,5.8,0,9.2288,23.8,24.427,24.458,0.2816,24.8507,46.6667,42,30.1394,90.0,141.2,144,19.225,169.6,46.667,60
lossaware,50,1M,h3,5,1048576,22.0,15,1,267.0275,260.241,17.2789,301.6426,31.5287,32.234,1.8884,33.2192,239.6503,235.237,17.0706,273.3797,1.9333,2,2.5486,6.2,24.3305,24.293,0.2454,24.6863,41.8667,33,30.8611,85.8,135.4667,144,16.4658,152.6,53.333,68
lossaware,50,1M,h3,6,1048576,22.0,15,1,265.1901,259.823,14.0117,290.5135,31.711,32.2859,1.5943,33.4286,238.5332,232.746,14.0396,265.1705,2.6,2,3.8322,9.1,24.3477,24.237,0.3043,24.7793,40.6667,33,30.633,85.8,137.7333,145,14.8491,156.6,53.333,66
lossaware,50,1M,h3,7,1048576,22.0,15,1,264.8199,259.129,14.6594,293.1925,31.761,32.3723,1.6345,33.176,237.9269,231.281,14.556,266.7177,2.4,2,2.8735,7.3,24.3469,24.263,0.3053,24.8966,43.8667,38,29.4906,84.2,136.6667,146,18.3951,162.6,53.333,65
lossaware,50,1M,h3,8,1048576,22.0,15,1,265.8761,260.541,18.0035,301.4389,31.6774,32.1969,2.0064,33.9864,238.7051,231.882,18.0156,274.2698,4.4,2,6.2883,15.0,24.3059,24.26,0.3141,24.766,41.9333,33,30.8324,85.8,139.0667,144,16.4814,159.0,60.0,69
lossaware,50,1M,h3,9,1048576,22.0,15,1,266.3161,259.087,17.0834,299.067,31.6113,32.3776,1.8828,33.2941,239.1296,232.311,16.6498,270.6383,3.4,2,4.4369,11.3,24.3099,24.257,0.2627,24.7014,42.0,33,30.8591,85.8,136.2667,144,16.6668,157.0,53.333,68
lossaware,50,1M,h3,10,1048576,22.0,15,1,262.3241,260.343,13.4634,284.4267,32.0525,32.2214,1.5597,33.8081,235.2326,230.49,13.9566,257.3428,3.9333,0,5.9936,14.9,24.3115,24.423,0.4588,24.8792,49.1333,46,29.811,92.8,137.3333,141,18.2313,162.4,46.667,58
lossaware,50,1M,h4,1,1048576,52.0,15,1,488.1688,455.125,62.0432,591.5207,17.4107,18.4314,1.9297,19.2922,421.9551,386.164,63.0986,533.6866,7.5333,6,8.0876,21.1,53.7079,53.551,0.7502,54.7662,81.0667,38,90.8857,245.0,298.3333,322,58.9887,345.1,66.667,67
lossaware,50,1M,h4,2,1048576,52.0,15,1,516.3174,464.207,133.0521,751.7877,16.9391,18.0708,2.9586,19.5884,449.4278,395.748,132.8203,682.8074,7.7333,6,8.172,20.5,53.945,54.084,0.6457,54.71,56.5333,35,63.6496,170.1,281.4,315,81.7372,339.9,60.0,82
lossaware,50,1M,h4,3,1048576,52.0,15,1,453.3039,450.087,23.4412,484.4493,18.5487,18.6377,0.8987,19.5916,387.0711,384.266,21.6549,415.1913,7.8667,6,8.9671,21.4,53.6912,53.601,0.6586,54.6614,76.4,45,64.6229,189.7,315.8,323,30.4565,349.0,66.667,74
lossaware,50,1M,h4,4,1048576,52.0,15,1,484.1309,449.409,132.6015,662.0927,18.0502,18.6659,2.9084,20.7484,419.4933,389.559,131.2352,597.5962,5.8667,0,8.6592,19.7,54.2031,54.192,1.1621,55.6904,104.6667,103,78.8069,218.4,277.0667,291,75.425,351.1,46.667,50
lossaware,50,1M,h4,5,1048576,52.0,15,1,485.5391,460.253,59.1801,574.9262,17.4951,18.2261,1.9356,19.7692,419.548,392.525,57.6515,505.6672,9.0,7,9.8923,25.2,53.8117,53.715,0.646,54.5733,63.2,38,66.5509,174.3,293.2667,322,67.1879,346.2,66.667,79
lossaware,50,1M,h4,6,1048576,52.0,15,1,502.9117,465.705,123.8922,648.9466,17.2672,18.0127,2.619,19.2178,436.6663,394.103,123.008,586.9538,11.4,13,10.1756,28.4,53.6285,53.532,0.6059,54.5101,38.6667,38,27.0995,80.6,304.2667,330,67.5684,347.6,73.333,81
lossaware,50,1M,h4,7,1048576,52.0,15,1,455.0171,446.97,38.7317,540.4509,18.5485,18.7677,1.4227,20.1106,387.9,380.309,38.6677,472.8721,8.0667,2,12.4755,35.5,53.8004,53.974,0.6659,54.4887,84.0,70,71.6938,208.6,300.6667,307,40.1616,354.2,60.0,67
lossaware,50,1M,h4,8,1048576,52.0,15,1,520.1933,450.22,168.8923,927.6425,17.1574,18.6322,3.4321,19.4231,453.1929,379.378,169.6429,860.8398,3.2,2,3.6292,9.6,54.3283,54.351,0.7051,55.7169,43.8667,32,34.8586,98.3,272.5333,302,82.7473,332.0,60.0,71
lossaware,50,1M,h4,9,1048576,52.0,15,1,472.2099,459.279,34.4955,529.0232,17.8495,18.2647,1.2477,19.2179,406.5578,392.084,33.8476,459.3387,6.2,2,9.7848,20.6,53.9016,54.084,0.5995,54.5309,85.7333,69,73.2798,198.8,279.9333,300,65.5455,343.0,53.333,56
lossaware,50,1M,h4,10,1048576,52.0,15,1,464.8879,453.761,38.1387,538.2795,18.1516,18.4868,1.4068,19.9645,398.7469,389.221,39.7311,471.5552,9.0667,7,13.5355,38.8,53.9093,54.28,0.5895,54.5242,82.2667,77,64.7704,189.7,293.8667,322,58.1118,365.6,53.333,69
lossaware-disc,50,1M,h2,1,1048576,6.0,15,1,189.7609,189.894,1.6397,192.1269,44.2093,44.1752,0.3783,44.605,183.2211,183.563,1.6123,185.3803,2.1333,0,4.47,8.6,8.6135,8.658,0.2032,8.8287,26.4,26,9.716,39.6,47.7333,48,2.4339,50.3,40.0,30
lossaware-disc,50,1M,h2,2,1048576,6.0,15,1,189.9242,190.225,1.5898,192.1258,44.1711,44.0983,0.3673,44.6188,183.3664,183.659,1.5345,185.407,2.0667,0,4.4476,7.9,8.5815,8.635,0.1718,8.7562,26.8,26,9.9009,39.6,47.3333,48,2.4689,50.3,33.333,33
lossaware-disc,50,1M,h2,3,1048576,6.0,15,1,189.4655,188.709,1.5945,191.7351,44.278,44.4526,0.3675,44.5842,182.8564,182.316,1.5796,185.0917,2.0667,0,4.5743,10.0,8.5913,8.644,0.1778,8.7695,28.2667,31,9.0037,39.6,47.7333,48,2.1202,50.3,40.0,32
lossaware-disc,50,1M,h2,4,1048576,6.0,15,1,189.6881,189.27,1.6745,191.8657,44.2263,44.3209,0.3851,44.6214,183.1525,182.46,1.6605,185.214,2.4667,0,5.6044,11.2,8.5981,8.626,0.1864,8.8339,27.5333,26,9.6649,39.9,47.6,48,2.4727,50.0,26.667,35
lossaware-disc,50,1M,h2,5,1048576,6.0,15,1,189.7325,189.154,1.5035,191.7856,44.2154,44.348,0.3471,44.6135,183.0033,182.503,1.4756,185.0555,2.0667,0,5.4178,9.1,8.6209,8.637,0.1684,8.795,27.9333,30,9.6767,39.9,48.0,48,2.3604,51.0,33.333,34
lossaware-disc,50,1M,h2,6,1048576,6.0,15,1,189.8128,189.435,1.3997,191.6189,44.1963,44.2822,0.3229,44.5742,183.2357,183.17,1.4289,185.082,2.2,0,5.4537,9.1,8.5932,8.602,0.1285,8.7649,27.0,26,9.4415,38.9,47.1333,48,2.5875,50.3,26.667,35
lossaware-disc,50,1M,h2,7,1048576,6.0,15,1,189.8171,189.762,1.4626,191.8806,44.1955,44.2059,0.3378,44.5845,183.1634,183.094,1.507,185.1727,1.9333,0,4.4955,8.6,8.6535,8.654,0.2037,8.9239,27.2667,27,9.2695,39.3,47.4,47,2.9952,51.6,26.667,35
lossaware-disc,50,1M,h2,8,1048576,6.0,15,1,189.8461,190.139,1.7081,192.0136,44.1896,44.1183,0.392,44.5792,183.2631,183.526,1.6372,185.3451,2.2,0,4.6782,10.0,8.6197,8.644,0.1201,8.7588,27.2667,26,9.4828,39.6,47.1333,48,2.6957,50.3,26.667,35
lossaware-disc,50,1M,h2,9,1048576,6.0,15,1,189.7972,190.008,1.5516,191.7264,44.2005,44.1487,0.3571,44.5688,183.1486,183.312,1.5434,185.112,2.2,0,4.6782,10.0,8.6353,8.643,0.1432,8.8122,27.0667,26,9.308,39.3,47.1333,48,2.722,50.3,26.667,35
lossaware-disc,50,1M,h2,10,1048576,6.0,15,1,189.8072,189.645,1.5831,191.9418,44.1982,44.2332,0.3641,44.5556,183.1616,182.905,1.5707,185.3867,1.8,0,4.4913,8.6,8.6355,8.654,0.1594,8.8424,26.9333,27,9.4677,39.6,48.0667,48,2.6583,52.3,26.667,36
lossaware-disc,50,1M,h3,1,1048576,22.0,15,1,258.3177,255.672,12.6194,273.012,32.5373,32.81,1.3906,33.6247,231.9305,230.433,12.0387,244.3855,3.7333,2,4.284,14.0,24.1287,24.069,0.1705,24.4002,66.6667,66,23.1229,85.8,149.3333,150,5.7652,156.6,93.333,14
lossaware-disc,50,1M,h3,2,1048576,22.0,15,1,258.4339,256.428,11.7454,271.483,32.5153,32.7133,1.3194,33.6363,231.3672,230.525,11.4814,243.4484,4.4,2,4.3883,12.6,24.1673,24.097,0.184,24.4178,66.6,66,22.9216,85.5,149.2,150,7.0832,158.4,93.333,14
lossaware-disc,50,1M,h3,3,1048576,22.0,15,1,258.8755,257.319,13.103,273.1748,32.4717,32.6,1.4339,33.5159,231.3413,229.517,12.7437,244.8919,5.2,3,6.2244,16.7,24.0901,24.058,0.1823,24.3627,66.6667,66,23.1229,85.8,148.8,147,7.4565,159.6,93.333,14
lossaware-disc,50,1M,h3,4,1048576,22.0,15,1,258.2241,256.28,10.1276,269.5486,32.5279,32.7322,1.1513,33.4781,231.1979,229.803,10.6871,242.6353,5.4,3,7.0993,17.9,24.139,24.089,0.1985,24.4171,66.6667,66,23.1229,85.8,149.3333,147,8.2173,160.1,93.333,14
lossaware-disc,50,1M,h3,5,1048576,22.0,15,1,257.7959,258.125,12.1746,271.3538,32.6013,32.4982,1.4004,34.0113,230.9207,230.294,12.2476,243.7931,4.1333,2,3.9976,11.9,24.1959,24.143,0.1552,24.4231,67.6,67,23.2987,86.8,148.4,147,6.3673,157.5,93.333,14
lossaware-disc,50,1M,h3,6,1048576,22.0,15,1,257.6481,255.193,12.5226,272.2477,32.6213,32.8716,1.3874,33.5045,230.7136,228.165,12.8328,244.4746,4.8,2,4.8727,12.6,24.1455,24.091,0.1781,24.3944,66.6667,66,23.1229,85.8,149.2,150,6.6138,158.1,93.333,14
lossaware-disc,50,1M,h3,7,1048576,22.0,15,1,258.6345,256.289,12.4695,272.7114,32.4966,32.731,1.3896,33.7722,231.8425,230.274,11.8364,244.0561,5.6,3,6.1156,16.7,24.2523,24.24,0.1637,24.4465,67.6,67,23.2987,86.8,149.3333,148,7.1681,158.6,93.333,14
lossaware-disc,50,1M,h3,8,1048576,22.0,15,1,257.6713,255.973,12.5225,271.751,32.6197,32.7715,1.419,33.8727,232.0752,230.604,11.9949,244.2273,4.1333,3,3.3989,11.3,24.1345,24.081,0.1907,24.4261,66.6667,66,23.1229,85.8,148.8667,149,5.9626,155.9,93.333,14
lossaware-disc,50,1M,h3,9,1048576,22.0,15,1,256.3289,252.162,13.5824,272.7262,32.8005,33.2667,1.5086,33.7806,229.7411,224.391,13.1141,244.4447,9.4,11,7.5479,18.2,24.1375,24.086,0.1655,24.3785,66.6,66,22.9216,85.5,151.9333,153,8.2848,160.5,93.333,14
lossaware-disc,50,1M,h3,10,1048576,22.0,15,1,257.4743,256.238,11.4681,270.5849,32.6344,32.7376,1.302,33.7394,231.2899,230.577,10.7267,242.4379,5.5333,2,6.0222,15.2,24.2083,24.216,0.1155,24.3639,67.6,67,23.2987,86.8,149.3333,148,7.8255,159.5,93.333,14
lossaware-disc,50,1M,h4,1,1048576,52.0,15,1,449.7394,446.768,29.7488,501.8658,18.7234,18.7762,1.159,20.2601,383.1604,380.401,27.4301,431.1774,8.9333,12,9.2309,23.2,53.4947,53.39,0.5737,54.3721,173.2,197,54.4783,220.5,299.1333,335,59.2439,349.0,60.0,14
lossaware-disc,50,1M,h4,2,1048576,52.0,15,1,449.9636,446.865,23.7122,484.6281,18.689,18.7721,0.9418,20.2035,384.3148,382.434,25.2579,420.8211,9.8667,7,12.3281,31.1,53.5351,53.44,0.7383,54.5443,153.8667,153,49.6083,208.6,299.0,323,56.3598,358.5,60.0,14
lossaware-disc,50,1M,h4,3,1048576,52.0,15,1,449.2521,446.057,27.6402,490.9646,18.734,18.8061,1.0773,20.311,383.9437,378.55,27.4531,423.2071,12.4,12,14.7057,39.1,53.6004,53.419,0.6577,54.6158,183.1333,206,56.1158,245.0,306.0667,331,58.7786,374.0,60.0,13
lossaware-disc,50,1M,h4,4,1048576,52.0,15,1,451.9165,452.67,28.5485,484.1215,18.6253,18.5314,1.0757,20.1744,387.5127,386.226,28.41,419.7013,8.2667,12,8.4386,20.5,53.5823,53.279,0.644,54.5044,177.9333,192,54.7794,224.7,306.6667,329,42.2791,351.0,60.0,14
lossaware-disc,50,1M,h4,5,1048576,52.0,15,1,447.7384,452.0,25.9789,478.3608,18.7938,18.5589,1.0813,20.5587,382.1787,384.218,25.6299,411.5021,8.8667,2,13.6322,37.6,53.7471,53.712,0.5505,54.4732,179.8667,202,55.9143,219.1,305.4667,324,53.7479,362.1,66.667,14
lossaware-disc,50,1M,h4,6,1048576,52.0,15,1,446.8589,445.119,29.7203,494.7978,18.848,18.8458,1.2203,20.3599,383.791,382.471,28.1648,429.6385,7.3333,2,9.4466,20.6,53.6418,53.37,0.6271,54.5115,170.2,174,58.1859,245.0,285.6667,313,63.2779,343.6,53.333,13
lossaware-disc,50,1M,h4,7,1048576,52.0,15,1,473.188,447.068,132.8042,604.3838,18.4364,18.7636,2.7236,20.1758,406.4054,376.802,131.4693,534.0207,10.0667,12,9.8377,22.7,53.5447,53.296,0.6562,54.5467,126.1333,120,54.9518,184.4,298.6667,334,72.6318,349.7,66.667,0
lossaware-disc,50,1M,h4,8,1048576,52.0,15,1,449.8725,445.033,30.4881,488.3236,18.7174,18.8494,1.1244,20.1992,382.9687,382.683,29.7957,417.5247,9.0667,2,13.8279,37.3,53.6497,53.701,0.5992,54.4052,173.1333,190,56.6214,228.8,291.8,307,58.7357,358.6,53.333,14
lossaware-disc,50,1M,h4,9,1048576,52.0,15,1,501.6654,449.166,216.139,704.484,18.0023,18.676,3.1965,19.6733,435.8196,381.533,215.9215,640.3287,9.0667,6,7.9863,22.3,54.1377,53.782,1.276,55.7968,80.9333,63,30.2335,109.0,308.0,328,71.6121,348.5,86.667,0
lossaware-disc,50,1M,h4,10,1048576,52.0,15,1,443.1997,447.915,25.3846,474.6702,18.9825,18.7281,1.0348,20.19,377.0645,383.242,27.2756,411.2614,10.0667,12,9.3996,23.2,53.6445,53.58,0.6357,54.3899,180.1333,195,63.9876,241.5,315.0,336,38.428,354.2,60.0,17
metrics,50,1M,h2,1,1048576,6.0,15,1,194.5337,194.506,0.5418,195.4763,43.1219,43.1278,0.1198,43.2466,187.9711,187.888,0.5412,188.9177,0.0,0,0.0,0.0,8.589,8.611,0.0555,8.6454,10.0,10,0.0,10.0,48.2,48,0.7746,49.0,0.0,0
metrics,50,1M,h2,2,1048576,6.0,15,1,193.9845,193.92,0.27,194.3681,43.2438,43.2581,0.06,43.3102,187.5085,187.458,0.2457,187.9508,0.0,0,0.0,0.0,8.5173,8.536,0.054,8.5613,10.0,10,0.0,10.0,47.8,48,0.6761,49.0,0.0,0
metrics,50,1M,h2,3,1048576,6.0,15,1,194.7829,194.682,0.8798,196.0706,43.0673,43.0888,0.1944,43.3255,188.0921,187.868,0.7929,189.2611,0.0,0,0.0,0.0,8.5642,8.585,0.0544,8.6234,10.0,10,0.0,10.0,48.3333,48,0.6172,49.0,0.0,0
metrics,50,1M,h2,4,1048576,6.0,15,1,194.8682,194.816,0.966,196.4615,43.0486,43.0591,0.2128,43.2957,188.1875,187.96,0.9263,189.7707,0.0,0,0.0,0.0,8.574,8.598,0.0925,8.7235,10.0,10,0.0,10.0,47.9333,48,0.4577,48.3,0.0,0
metrics,50,1M,h2,5,1048576,6.0,15,1,194.6842,194.358,0.8673,196.1007,43.0891,43.1606,0.1912,43.2888,188.0501,187.941,0.7605,189.2222,0.0,0,0.0,0.0,8.5911,8.608,0.0419,8.6289,10.0,10,0.0,10.0,48.0,48,0.7559,49.0,0.0,0
metrics,50,1M,h2,6,1048576,6.0,15,1,194.5473,194.349,0.6913,195.5927,43.1191,43.1626,0.153,43.281,187.9656,187.801,0.6892,189.046,0.0,0,0.0,0.0,8.5723,8.574,0.0736,8.6725,10.0,10,0.0,10.0,48.0667,48,0.7037,49.0,0.0,0
metrics,50,1M,h2,7,1048576,6.0,15,1,194.4386,194.301,0.5989,195.584,43.1431,43.1733,0.1323,43.2659,187.8373,187.716,0.5719,188.9676,0.0,0,0.0,0.0,8.5653,8.572,0.0798,8.6739,10.0,10,0.0,10.0,48.2,48,0.7746,49.0,0.0,0
metrics,50,1M,h2,8,1048576,6.0,15,1,194.4729,194.551,0.611,195.496,43.1355,43.1178,0.1354,43.3024,187.8507,187.937,0.4886,188.4487,0.0,0,0.0,0.0,8.5835,8.603,0.0646,8.6574,10.0,10,0.0,10.0,47.9333,48,0.5936,49.0,0.0,0
metrics,50,1M,h2,9,1048576,6.0,15,1,194.6677,194.562,0.7338,195.9956,43.0925,43.1153,0.162,43.2798,188.0631,187.91,0.6512,189.2106,0.0,0,0.0,0.0,8.5791,8.6,0.0544,8.6336,10.0,10,0.0,10.0,48.0,48,0.6547,49.0,0.0,0
metrics,50,1M,h2,10,1048576,6.0,15,1,194.7543,194.767,0.735,195.7229,43.0734,43.07,0.1626,43.3015,188.0168,188.111,0.7204,188.961,0.0,0,0.0,0.0,8.5933,8.606,0.0617,8.6938,10.0,10,0.0,10.0,48.0,48,0.6547,49.0,0.0,0
metrics,50,1M,h3,1,1048576,22.0,15,1,300.9789,301.2,3.2417,304.4436,27.8741,27.8506,0.3035,28.3774,274.5237,275.335,2.2849,276.0914,0.0,0,0.0,0.0,24.7122,24.712,0.0164,24.7359,10.0,10,0.0,10.0,131.6,132,0.8281,132.0,0.0,0
metrics,50,1M,h3,2,1048576,22.0,15,1,286.2198,286.435,1.5755,288.0777,29.3091,29.2863,0.1618,29.5718,260.9894,261.486,1.3726,262.3775,0.0667,0,0.2582,0.3,24.5445,24.698,0.5654,24.81,10.0,10,0.0,10.0,131.9333,132,0.5936,132.3,6.667,0
metrics,50,1M,h3,3,1048576,22.0,15,1,298.3381,298.827,3.6446,303.9904,28.1217,28.0718,0.3442,28.6479,272.5182,273.769,3.4115,276.1148,0.0,0,0.0,0.0,24.6945,24.695,0.0337,24.7347,10.0,10,0.0,10.0,131.6667,132,1.0465,132.0,0.0,0
metrics,50,1M,h3,4,1048576,22.0,15,1,300.811,301.269,2.1175,303.6513,27.8879,27.8442,0.1964,28.1392,273.2338,274.102,2.2845,275.7026,0.0,0,0.0,0.0,24.7702,24.717,0.1166,24.9796,10.0,10,0.0,10.0,131.9333,132,0.2582,132.0,0.0,0
metrics,50,1M,h3,5,1048576,22.0,15,1,299.1144,299.327,2.8577,302.7816,28.0472,28.0249,0.2708,28.4415,272.4363,272.906,2.5585,275.5298,0.0,0,0.0,0.0,24.7171,24.699,0.0739,24.8005,10.0,10,0.0,10.0,131.6,132,1.1832,133.0,0.0,0
metrics,50,1M,h3,6,1048576,22.0,15,1,313.0937,299.923,52.0398,362.6167,27.2446,27.9692,2.9147,28.3668,286.4214,274.342,52.0204,335.703,0.0,0,0.0,0.0,24.5823,24.702,0.4921,24.7751,10.0,10,0.0,10.0,127.4,132,17.8277,132.6,0.0,0
metrics,50,1M,h3,7,1048576,22.0,15,1,301.1494,301.095,2.6763,305.3367,27.8574,27.8603,0.2472,28.1721,273.8473,274.597,2.0396,276.2275,0.0,0,0.0,0.0,24.7087,24.711,0.0367,24.7537,10.0,10,0.0,10.0,131.8,132,0.7746,132.0,0.0,0
metrics,50,1M,h3,8,1048576,22.0,15,1,311.7759,298.665,54.4998,364.4245,27.403,28.087,3.0546,28.8873,284.4626,271.874,55.6752,338.2586,0.0,0,0.0,0.0,24.5896,24.708,0.4823,24.7857,10.0,10,0.0,10.0,127.3333,132,17.8072,133.0,0.0,0
metrics,50,1M,h3,9,1048576,22.0,15,1,300.642,301.763,3.7295,304.196,27.9064,27.7987,0.3556,28.3985,273.5353,274.105,2.8233,276.5358,0.0,0,0.0,0.0,24.7195,24.698,0.081,24.821,10.0,10,0.0,10.0,132.0,132,0.0,132.0,0.0,0
metrics,50,1M,h3,10,1048576,22.0,15,1,313.0471,298.766,53.4186,364.6393,27.2685,28.0775,2.9641,28.2322,286.6305,273.617,52.7986,336.1106,0.1333,0,0.5164,0.6,24.4421,24.698,0.6809,24.7293,10.0,10,0.0,10.0,127.2,132,17.7692,132.0,6.667,0
metrics,50,1M,h4,1,1048576,52.0,15,1,687.1473,542.534,255.022,1202.6669,13.4255,15.4619,3.5679,16.0527,619.715,473.14,254.9636,1137.8835,0.0,0,0.0,0.0,55.012,54.544,1.7346,58.8775,10.0,10,0.0,10.0,210.0,274,94.5115,275.0,0.0,0
metrics,50,1M,h4,2,1048576,52.0,15,1,498.2328,497.374,3.2494,504.3022,16.8374,16.8658,0.1092,16.9529,439.0616,439.344,2.6304,442.7758,0.0,0,0.0,0.0,54.4339,54.438,0.0347,54.4766,10.0,10,0.0,10.0,274.8667,275,0.3519,275.0,0.0,0
metrics,50,1M,h4,3,1048576,52.0,15,1,569.0753,540.25,106.7203,748.8824,15.07,15.5273,1.8989,16.354,504.1254,473.306,107.6178,691.1077,0.0,0,0.0,0.0,54.3223,54.515,0.451,54.5446,10.0,10,0.0,10.0,251.6,274,61.5685,276.0,0.0,0
metrics,50,1M,h4,4,1048576,52.0,15,1,613.0143,538.1,162.0959,929.9287,14.362,15.5893,2.7486,16.0507,548.2738,477.858,160.9997,866.2648,0.0,0,0.0,0.0,54.2954,54.476,0.4229,54.5486,10.0,10,0.0,10.0,236.2,275,79.8142,276.0,0.0,0
metrics,50,1M,h4,5,1048576,52.0,15,1,632.8566,534.047,221.1187,1029.6931,14.271,15.7076,3.162,16.1832,568.0293,466.349,221.4964,966.9963,0.0,0,0.0,0.0,54.6423,54.53,0.7585,56.2616,10.0,10,0.0,10.0,233.4667,274,82.0286,276.3,0.0,0
metrics,50,1M,h4,6,1048576,52.0,15,1,528.9557,525.897,10.3755,545.014,15.8645,15.951,0.3086,16.2461,465.2771,462.546,8.3904,476.7902,0.0,0,0.0,0.0,54.5155,54.531,0.045,54.5545,10.0,10,0.0,10.0,274.1333,274,1.1872,275.3,0.0,0
metrics,50,1M,h4,7,1048576,52.0,15,1,560.0376,535.27,102.1161,669.3643,15.2759,15.6717,1.7516,16.1378,492.9644,466.764,102.6777,604.2423,1.2667,0,4.9058,5.7,54.3337,54.53,0.5285,54.5591,10.0,10,0.0,10.0,265.9333,275,53.0437,293.1,6.667,0
metrics,50,1M,h4,8,1048576,52.0,15,1,581.8078,537.945,186.8896,761.0444,15.1234,15.5938,2.3605,16.3094,516.265,471.565,187.7408,697.71,0.0,0,0.0,0.0,54.4587,54.53,0.1607,54.563,10.0,10,0.0,10.0,260.8,275,54.7255,276.0,0.0,0
metrics,50,1M,h4,9,1048576,52.0,15,1,633.7965,541.884,218.4723,1025.2692,14.2274,15.4804,3.1315,16.3344,568.8456,476.222,218.4707,956.7506,0.0,0,0.0,0.0,54.2558,54.511,0.4662,54.5561,10.0,10,0.0,10.0,233.3333,274,81.8969,276.0,0.0,0
metrics,50,1M,h4,10,1048576,52.0,15,1,697.1019,536.436,296.8902,1260.2939,13.5653,15.6377,3.8863,16.1654,632.4567,471.075,297.4447,1194.0,0.0,0,0.0,0.0,54.7149,54.542,1.3059,56.0739,10.0,10,0.0,10.0,219.4667,275,95.1246,276.0,0.0,0
static10,50,1M,h2,1,1048576,6.0,15,1,194.6771,194.495,0.8838,195.9473,43.0907,43.1302,0.1952,43.3241,187.9891,187.834,0.8452,189.2698,0.0,0,0.0,0.0,8.5598,8.558,0.0548,8.6296,10.0,10,0.0,10.0,48.1333,48,0.6399,49.0,0.0,0
static10,50,1M,h2,2,1048576,6.0,15,1,194.3065,194.207,0.314,194.7374,43.1722,43.1942,0.0697,43.2593,187.7771,187.807,0.3084,188.1825,0.0,0,0.0,0.0,8.509,8.529,0.0618,8.5751,10.0,10,0.0,10.0,47.9333,48,0.4577,48.3,0.0,0
static10,50,1M,h2,3,1048576,6.0,15,1,194.5195,194.47,0.6761,195.6279,43.1252,43.1357,0.1495,43.3074,187.8803,187.65,0.7202,189.0191,0.0,0,0.0,0.0,8.579,8.589,0.0936,8.7414,10.0,10,0.0,10.0,48.0,48,0.8452,49.0,0.0,0
static10,50,1M,h2,4,1048576,6.0,15,1,194.9346,194.566,1.115,196.7079,43.0342,43.1145,0.2453,43.2882,188.2911,188.013,1.0329,189.8623,0.0,0,0.0,0.0,8.5609,8.572,0.0602,8.6386,10.0,10,0.0,10.0,47.9333,48,0.7037,49.0,0.0,0
static10,50,1M,h2,5,1048576,6.0,15,1,194.5394,194.23,0.6338,195.5413,43.1208,43.189,0.1403,43.2736,187.9395,187.792,0.5884,188.7559,0.0,0,0.0,0.0,8.6257,8.621,0.059,8.7259,10.0,10,0.0,10.0,47.8,48,0.7746,49.0,0.0,0
static10,50,1M,h2,6,1048576,6.0,15,1,194.6721,194.661,0.7403,195.951,43.0915,43.0934,0.1635,43.2877,188.0336,187.931,0.6896,189.2596,0.0,0,0.0,0.0,8.5703,8.563,0.0741,8.6914,10.0,10,0.0,10.0,47.8,48,0.6761,49.0,0.0,0
static10,50,1M,h2,7,1048576,6.0,15,1,194.5036,194.482,0.5285,195.3815,43.1286,43.1331,0.1171,43.2893,187.8693,187.813,0.5506,188.6586,0.0,0,0.0,0.0,8.594,8.61,0.0806,8.7254,10.0,10,0.0,10.0,48.0,48,0.6547,49.0,0.0,0
static10,50,1M,h2,8,1048576,6.0,15,1,194.3043,194.014,0.5347,195.1274,43.1728,43.2371,0.1186,43.2972,187.7451,187.534,0.5773,188.53,0.0,0,0.0,0.0,8.5934,8.609,0.0688,8.6722,10.0,10,0.0,10.0,48.1333,48,0.7432,49.0,0.0,0
static10,50,1M,h2,9,1048576,6.0,15,1,194.6494,194.5,0.8183,196.0054,43.0967,43.1291,0.1806,43.299,188.0045,187.778,0.736,189.2565,0.0,0,0.0,0.0,8.6015,8.599,0.048,8.6728,10.0,10,0.0,10.0,48.2667,48,0.5936,49.0,0.0,0
static10,50,1M,h2,10,1048576,6.0,15,1,194.6801,194.628,0.7305,195.8228,43.0897,43.1007,0.1613,43.2932,188.0279,188.041,0.7444,189.1612,0.0,0,0.0,0.0,8.6046,8.586,0.0863,8.7519,10.0,10,0.0,10.0,47.9333,48,0.7988,49.0,0.0,0
static10,50,1M,h3,1,1048576,22.0,15,1,326.3215,300.611,72.796,504.4241,26.5517,27.9052,4.0633,28.7019,299.1523,273.489,72.2362,475.967,0.0,0,0.0,0.0,24.4593,24.707,0.6394,24.7622,10.0,10,0.0,10.0,122.7333,132,24.253,132.0,0.0,0
static10,50,1M,h3,2,1048576,22.0,15,1,285.0199,285.653,1.8022,287.4239,29.4328,29.3664,0.1864,29.7048,260.4853,261.148,1.8965,262.3532,0.1333,0,0.3519,1.0,24.3621,24.59,0.7316,24.7687,10.0,10,0.0,10.0,131.9333,132,0.5936,132.3,13.333,0
static10,50,1M,h3,3,1048576,22.0,15,1,299.4437,300.632,3.6914,304.0051,28.018,27.9032,0.3495,28.6127,273.1673,274.282,3.6811,275.9014,0.0,0,0.0,0.0,24.6875,24.694,0.032,24.7161,10.0,10,0.0,10.0,132.0,132,0.0,132.0,0.0,0
static10,50,1M,h3,4,1048576,22.0,15,1,313.7223,299.907,52.5273,364.0868,27.1956,27.9707,2.9242,28.2522,287.0482,274.825,53.4195,336.8057,0.0,0,0.0,0.0,24.5816,24.697,0.4632,24.7249,10.0,10,0.0,10.0,127.4,132,17.8157,132.0,0.0,0
static10,50,1M,h3,5,1048576,22.0,15,1,298.4271,299.247,3.2037,302.1601,28.1124,28.0324,0.3034,28.5752,271.8515,273.019,3.4799,275.5346,0.0,0,0.0,0.0,24.6908,24.7,0.0349,24.7223,10.0,10,0.0,10.0,131.8667,132,0.3519,132.0,0.0,0
static10,50,1M,h3,6,1048576,22.0,15,1,324.6836,300.011,72.6748,501.4979,26.6951,27.961,4.1223,29.1224,298.4633,272.657,72.8295,476.8509,0.0,0,0.0,0.0,24.4469,24.69,0.6331,24.7513,10.0,10,0.0,10.0,122.7333,132,24.253,132.0,0.0,0
static10,50,1M,h3,7,1048576,22.0,15,1,327.0038,299.933,73.295,506.7422,26.5014,27.9683,4.0575,28.5711,300.1572,272.997,74.0161,481.4405,0.0,0,0.0,0.0,24.4722,24.696,0.6621,24.8562,10.0,10,0.0,10.0,122.8667,132,24.3101,133.0,0.0,0
static10,50,1M,h3,8,1048576,22.0,15,1,326.2657,300.632,72.9826,504.7255,26.5591,27.9032,4.0654,28.7085,299.5444,273.227,72.8457,478.2404,0.0,0,0.0,0.0,24.4357,24.694,0.6617,24.7242,10.0,10,0.0,10.0,122.6,132,24.2098,132.0,0.0,0
static10,50,1M,h3,9,1048576,22.0,15,1,326.7985,300.804,72.4071,503.4941,26.501,27.8873,4.0249,28.5373,300.1527,273.425,72.8055,478.8919,0.0,0,0.0,0.0,24.4585,24.7,0.6401,24.7394,10.0,10,0.0,10.0,122.7333,132,24.253,132.0,0.0,0
static10,50,1M,h3,10,1048576,22.0,15,1,326.2519,298.725,73.0011,502.9575,26.5594,28.0814,4.0598,28.4771,299.6593,273.43,73.4204,478.3669,0.0,0,0.0,0.0,24.4611,24.704,0.6354,24.7239,10.0,10,0.0,10.0,122.7333,132,24.256,132.3,0.0,0
static10,50,1M,h4,1,1048576,52.0,15,1,535.2789,535.71,8.3219,548.8993,15.675,15.6589,0.2413,15.9841,470.3077,467.973,9.0504,485.0245,1.0667,0,4.1312,4.8,54.4109,54.515,0.3001,54.5731,10.0,10,0.0,10.0,278.6667,275,14.7826,292.8,6.667,0
static10,50,1M,h4,2,1048576,52.0,15,1,566.504,502.861,178.4923,938.5595,15.6495,16.6818,2.8866,16.8651,507.318,444.598,178.4877,879.6201,0.0,0,0.0,0.0,54.3031,54.445,0.3711,54.4791,10.0,10,0.0,10.0,246.6667,275,71.2868,275.0,0.0,0
static10,50,1M,h4,3,1048576,52.0,15,1,737.9234,548.074,300.5483,1270.0037,12.8406,15.3056,3.9263,16.1505,670.545,481.891,299.0787,1199.0861,1.6667,0,5.038,9.9,54.6101,54.448,1.5126,56.9297,10.0,10,0.0,10.0,211.0667,273,105.3907,327.8,13.333,0
static10,50,1M,h4,4,1048576,52.0,15,1,634.7313,528.958,226.9875,1075.5056,14.2931,15.8587,3.2684,16.3528,570.2063,467.175,226.2586,1008.4167,7.1333,0,27.0789,32.9,54.6228,54.474,1.0018,55.6251,10.0,10,0.0,10.0,235.2,275,87.3214,289.2,13.333,0
static10,50,1M,h4,5,1048576,52.0,15,1,690.8278,540.975,259.6478,1213.1414,13.3878,15.5065,3.6011,16.0768,625.4972,474.58,260.6538,1152.5394,0.0,0,0.0,0.0,54.7782,54.524,1.1868,57.2544,10.0,10,0.0,10.0,208.8667,274,93.8295,275.3,0.0,0
static10,50,1M,h4,6,1048576,52.0,15,1,613.9311,536.675,168.1248,940.1408,14.3883,15.6307,2.8397,16.285,548.5679,469.329,168.3881,874.8753,0.2667,0,1.0328,1.2,54.6652,54.52,0.839,56.2702,10.0,10,0.0,10.0,239.8,275,82.952,292.5,6.667,0
static10,50,1M,h4,7,1048576,52.0,15,1,639.4549,536.838,179.5986,939.7754,13.9193,15.626,3.0612,16.1744,574.5467,477.79,179.0474,873.0506,0.1333,0,0.5164,0.6,54.6485,54.53,1.0384,56.0973,10.0,10,0.0,10.0,223.7333,274,88.9201,283.9,6.667,0
static10,50,1M,h4,8,1048576,52.0,15,1,600.8646,527.471,205.0721,1027.1314,14.8724,15.9034,2.8937,16.5379,538.4507,467.285,202.7008,960.101,0.0,0,0.0,0.0,54.5119,54.529,0.3629,54.805,10.0,10,0.0,10.0,247.5333,274,71.1667,276.0,0.0,0
static10,50,1M,h4,9,1048576,52.0,15,1,556.4641,530.524,99.512,662.2083,15.3658,15.8119,1.7496,16.2899,490.6332,464.859,100.8791,594.7018,0.0,0,0.0,0.0,54.4439,54.534,0.2908,54.5561,10.0,10,0.0,10.0,258.8667,274,50.0198,276.0,0.0,0
static10,50,1M,h4,10,1048576,52.0,15,1,576.7993,528.992,182.8507,749.3036,15.2381,15.8577,2.3521,16.2844,511.4091,466.722,182.4814,682.0609,0.0,0,0.0,0.0,54.4407,54.521,0.2179,54.5548,10.0,10,0.0,10.0,260.6,275,54.6715,276.0,0.0,0
statichigh,50,1M,h2,1,1048576,6.0,15,1,188.9895,189.002,0.2634,189.436,44.3867,44.3837,0.0618,44.4559,182.3651,182.355,0.1752,182.6692,0.0,0,0.0,0.0,8.6601,8.645,0.0762,8.8084,24.0,24,0.0,24.0,48.0667,48,0.4577,49.0,0.0,0
statichigh,50,1M,h2,2,1048576,6.0,15,1,189.0515,188.993,0.4213,189.6915,44.3723,44.3858,0.0986,44.4964,182.4431,182.431,0.2477,182.852,0.0,0,0.0,0.0,8.6475,8.629,0.0933,8.8545,24.0,24,0.0,24.0,47.8667,48,0.6399,49.0,0.0,0
statichigh,50,1M,h2,3,1048576,6.0,15,1,189.048,188.988,0.3512,189.7703,44.373,44.387,0.0823,44.4613,182.4506,182.419,0.311,182.9444,0.0,0,0.0,0.0,8.6691,8.64,0.0874,8.8637,24.0,24,0.0,24.0,48.0667,48,0.7037,49.0,0.0,0
statichigh,50,1M,h2,4,1048576,6.0,15,1,188.9527,188.911,0.2369,189.3943,44.3953,44.4051,0.0556,44.47,182.3612,182.285,0.1687,182.6177,0.0,0,0.0,0.0,8.6374,8.637,0.0196,8.667,24.0,24,0.0,24.0,48.2667,48,0.5936,49.0,0.0,0
statichigh,50,1M,h2,5,1048576,6.0,15,1,189.0045,188.955,0.2292,189.3184,44.3832,44.3947,0.0538,44.4511,182.3724,182.312,0.1623,182.6112,0.0,0,0.0,0.0,8.6443,8.634,0.0683,8.7282,24.0,24,0.0,24.0,47.8667,48,0.6399,49.0,0.0,0
statichigh,50,1M,h2,6,1048576,6.0,15,1,188.9538,188.986,0.1898,189.2516,44.3951,44.3875,0.0446,44.4676,182.4161,182.37,0.1548,182.7184,0.0,0,0.0,0.0,8.6573,8.646,0.0678,8.7326,24.0,24,0.0,24.0,48.0,48,1.069,49.6,0.0,0
statichigh,50,1M,h2,7,1048576,6.0,15,1,189.0343,188.945,0.3143,189.6483,44.3762,44.3971,0.0737,44.4595,182.3665,182.316,0.3217,182.8956,0.0,0,0.0,0.0,8.6811,8.65,0.0755,8.8259,24.0,24,0.0,24.0,47.8667,48,0.6399,49.0,0.0,0
statichigh,50,1M,h2,8,1048576,6.0,15,1,189.1237,189.074,0.3376,189.7038,44.3553,44.3668,0.0791,44.4506,182.4907,182.439,0.2913,183.0582,0.0,0,0.0,0.0,8.6997,8.651,0.1157,8.8838,24.0,24,0.0,24.0,48.1333,48,0.6399,49.0,0.0,0
statichigh,50,1M,h2,9,1048576,6.0,15,1,188.9591,188.887,0.2447,189.4081,44.3939,44.4107,0.0574,44.4478,182.3393,182.385,0.2019,182.634,0.0,0,0.0,0.0,8.6671,8.642,0.0741,8.8194,24.0,24,0.0,24.0,48.0667,48,0.4577,49.0,0.0,0
statichigh,50,1M,h2,10,1048576,6.0,15,1,189.1125,189.123,0.2434,189.461,44.3578,44.3553,0.057,44.4334,182.4961,182.443,0.3057,182.9809,0.0,0,0.0,0.0,8.6704,8.66,0.0724,8.8082,24.0,24,0.0,24.0,47.9333,48,0.5936,49.0,0.0,0
statichigh,50,1M,h3,1,1048576,22.0,15,1,263.7887,264.649,2.9211,267.3677,31.8041,31.6971,0.3543,32.3339,237.9841,238.281,2.456,240.237,5.2,5,2.9326,8.5,24.1907,24.149,0.1678,24.4056,24.0,24,0.0,24.0,145.7333,147,1.9445,147.0,93.333,0
statichigh,50,1M,h3,2,1048576,22.0,15,1,263.7985,263.364,3.8147,268.5072,31.8055,31.8518,0.4623,32.4835,237.0642,237.336,3.2529,240.243,6.1333,7,4.3894,12.0,24.2051,24.198,0.2597,24.7224,24.0,24,0.0,24.0,144.8,144,1.9346,147.0,86.667,0
statichigh,50,1M,h3,3,1048576,22.0,15,1,263.3047,263.619,2.7872,266.6269,31.8623,31.821,0.3421,32.3123,237.8243,238.56,2.7165,240.569,6.4,7,3.641,12.0,24.1301,24.207,0.2475,24.4145,24.0,24,0.0,24.0,144.8667,145,2.1668,147.0,93.333,0
statichigh,50,1M,h3,4,1048576,22.0,15,1,265.3607,266.039,3.1896,268.7095,31.6164,31.5315,0.385,32.1917,238.2051,239.186,2.5179,240.1288,6.8667,7,3.8889,12.0,24.2269,24.235,0.1782,24.4709,24.0,24,0.0,24.0,144.8,144,2.0424,147.0,93.333,0
statichigh,50,1M,h3,5,1048576,22.0,15,1,264.8321,266.438,3.2598,268.2872,31.6797,31.4843,0.3928,32.2997,237.7889,239.297,2.7365,240.0477,6.4667,7,3.4819,12.0,24.2251,24.236,0.1736,24.4174,24.0,24,0.0,24.0,145.4,147,2.1314,147.0,93.333,0
statichigh,50,1M,h3,6,1048576,22.0,15,1,266.3945,266.104,2.1705,269.1511,31.4914,31.5238,0.258,31.8414,239.453,239.944,0.979,240.4496,7.8,7,4.5071,12.0,24.2639,24.239,0.2332,24.7387,24.0,24,0.0,24.0,146.0667,147,1.5337,147.0,86.667,0
statichigh,50,1M,h3,7,1048576,22.0,15,1,264.336,264.323,2.7098,267.5388,31.7378,31.7362,0.3269,32.169,237.8047,238.688,2.3063,240.6568,6.8667,5,3.9437,12.0,24.1507,24.132,0.1046,24.2789,24.0,24,0.0,24.0,145.6667,147,1.9518,147.0,100.0,0
statichigh,50,1M,h3,8,1048576,22.0,15,1,264.9157,265.178,2.6504,267.7924,31.6682,31.6339,0.3196,32.2054,237.6803,237.931,2.1063,240.1056,6.6667,7,3.4157,12.0,24.2194,24.219,0.1901,24.4264,24.0,24,0.0,24.0,146.0,147,1.6475,147.0,93.333,0
statichigh,50,1M,h3,9,1048576,22.0,15,1,264.1613,264.743,3.3624,267.8274,31.7605,31.6859,0.4081,32.48,238.9278,240.025,2.2985,240.4516,6.4667,5,3.2704,12.0,24.1977,24.234,0.1092,24.2996,24.0,24,0.0,24.0,146.2,147,1.6562,147.0,100.0,0
statichigh,50,1M,h3,10,1048576,22.0,15,1,265.3228,266.605,3.95,268.6616,31.6233,31.4646,0.4825,32.6454,237.8935,239.553,3.3711,240.7155,6.2667,5,4.6209,12.0,24.1749,24.175,0.1975,24.4175,24.0,24,0.0,24.0,145.2667,147,2.0862,147.3,93.333,0
statichigh,50,1M,h4,1,1048576,52.0,15,1,457.8359,457.507,5.4006,465.6059,18.3247,18.3355,0.2163,18.6559,392.8727,392.626,5.0683,400.0291,1.3333,2,1.2344,2.6,53.7854,53.873,0.921,54.8409,24.0,24,0.0,24.0,298.9333,297,5.6627,306.3,60.0,0
statichigh,50,1M,h4,2,1048576,52.0,15,1,472.9233,460.969,35.034,551.5201,17.8175,18.1978,1.1543,18.6484,406.4183,395.677,35.9723,490.8978,0.9333,0,1.2799,2.6,53.9206,54.138,0.8348,54.7998,24.0,24,0.0,24.0,276.3333,296,57.9873,307.0,40.0,0
statichigh,50,1M,h4,3,1048576,52.0,15,1,467.7082,460.263,31.2993,503.5137,17.9991,18.2257,1.0206,18.9445,402.0659,396.228,33.0218,439.4109,0.8,0,1.0142,2.0,54.1587,54.172,0.5759,54.7557,24.0,24,0.0,24.0,285.0,298,45.4878,307.0,40.0,0
statichigh,50,1M,h4,4,1048576,52.0,15,1,467.8365,454.938,40.2598,514.1656,18.0291,18.439,1.2283,18.7353,403.3811,392.735,42.1154,448.2338,1.6,2,1.3522,4.0,53.925,54.059,0.8284,54.8668,24.0,24,0.0,24.0,289.3333,306,48.6748,308.0,66.667,0
statichigh,50,1M,h4,5,1048576,52.0,15,1,465.8413,462.39,28.4878,504.9635,18.0628,18.1418,0.9728,18.999,400.6745,396.719,28.7135,439.0217,1.2,0,1.4736,4.0,54.1996,54.378,0.6918,54.8359,24.0,24,0.0,24.0,287.6667,294,43.6768,307.0,46.667,0
statichigh,50,1M,h4,6,1048576,52.0,15,1,460.1354,463.503,8.9327,469.1069,18.2373,18.0983,0.3616,18.8355,395.6994,397.07,7.7765,404.8351,0.4,0,0.8281,2.0,54.4391,54.617,0.6114,54.8552,24.0,24,0.0,24.0,297.2667,295,6.6705,307.3,20.0,0
statichigh,50,1M,h4,7,1048576,52.0,15,1,463.8947,456.735,27.6654,497.3219,18.1349,18.3665,0.9353,19.0311,399.1201,393.546,25.8956,433.9343,1.4667,2,1.4075,4.0,53.825,53.908,0.7608,54.7195,24.0,24,0.0,24.0,289.0,298,42.8035,307.3,60.0,0
statichigh,50,1M,h4,8,1048576,52.0,15,1,468.593,465.144,25.5491,498.1884,17.9452,18.0344,0.8571,18.6848,403.5177,398.556,25.1738,432.7847,0.8,0,1.0142,2.0,54.1101,54.455,0.7776,54.8736,24.0,24,0.0,24.0,284.2,295,43.4284,308.0,40.0,0
statichigh,50,1M,h4,9,1048576,52.0,15,1,468.2324,467.937,24.8306,498.1188,17.9579,17.9268,0.8603,18.8541,401.5896,400.15,23.8157,429.6676,1.0667,2,1.0328,2.0,53.8927,54.065,0.938,54.802,24.0,24,0.0,24.0,287.5333,294,42.5136,308.0,53.333,0
statichigh,50,1M,h4,10,1048576,52.0,15,1,465.3347,461.854,28.3705,497.7435,18.082,18.1629,0.9694,18.9576,399.7935,395.719,28.2271,433.3234,1.2,0,1.4736,4.0,54.0736,54.082,0.7281,54.8524,24.0,24,0.0,24.0,289.8667,299,42.9399,308.0,46.667,0
ewma,50,200K,h2,1,204800,6.0,15,1,50.1068,49.691,1.7302,52.2821,32.7312,32.9718,1.0265,33.3842,43.4812,43.018,1.6646,45.5489,7.9333,9,2.3745,9.0,8.2145,8.206,0.094,8.3718,38.9333,41,8.0042,41.0,41.0,41,0.0,41.0,93.333,0
ewma,50,200K,h2,2,204800,6.0,15,1,49.7594,49.61,1.0432,51.0066,32.9392,33.0256,0.6508,33.4356,43.0597,42.873,1.014,44.2564,7.9333,8,2.2509,9.0,8.1943,8.208,0.1301,8.3639,38.0,40,7.746,40.0,40.0,40,0.0,40.0,93.333,0
ewma,50,200K,h2,3,204800,6.0,15,1,49.8129,49.476,0.9794,51.3212,32.9025,33.115,0.6215,33.426,43.2715,43.02,0.9098,44.5584,8.3333,9,2.3197,9.0,8.2113,8.172,0.1327,8.4291,38.9333,41,8.0042,41.0,41.0667,41,0.2582,41.3,93.333,0
ewma,50,200K,h2,4,204800,6.0,15,1,49.8269,49.527,1.1804,51.5691,32.8981,33.0809,0.7362,33.5364,43.1682,42.957,1.1542,44.8013,7.8667,9,2.2949,9.0,8.226,8.215,0.1003,8.3769,38.0,40,7.746,40.0,40.0667,40,0.2582,40.3,93.333,0
ewma,50,200K,h2,5,204800,6.0,15,1,49.7357,49.446,1.019,51.12,32.9545,33.1351,0.6459,33.4946,43.1715,42.819,1.0372,44.6629,8.0,9,2.2991,9.0,8.1732,8.142,0.1467,8.4157,38.0,40,7.746,40.0,40.0667,40,0.2582,40.3,93.333,0
ewma,50,200K,h2,6,204800,6.0,15,1,49.6563,49.311,1.0471,51.0368,33.0078,33.2259,0.6569,33.4174,43.0725,42.8,1.0375,44.4862,8.1333,9,2.3258,9.0,8.1725,8.157,0.1037,8.3405,38.0,40,7.746,40.0,40.0,40,0.0,40.0,93.333,0
ewma,50,200K,h2,7,204800,6.0,15,1,49.7253,49.506,1.1569,51.327,32.9652,33.095,0.7464,33.6812,43.1715,43.012,1.1764,44.6849,8.5333,9,2.4162,9.6,8.2376,8.2,0.1374,8.4566,38.9333,41,8.0042,41.0,41.1333,41,0.3519,42.0,93.333,0
ewma,50,200K,h2,8,204800,6.0,15,1,49.5306,49.312,0.947,50.9,33.0893,33.2252,0.6033,33.5799,42.9891,42.746,0.9113,44.1654,7.8667,9,2.2949,9.0,8.2307,8.21,0.1423,8.4457,38.0,40,7.746,40.0,40.0667,40,0.2582,40.3,93.333,0
ewma,50,200K,h2,9,204800,6.0,15,1,49.5917,49.431,1.2525,51.2003,33.0568,33.1452,0.8074,33.8431,42.9047,42.732,1.2288,44.3661,8.1333,9,2.3563,9.3,8.1608,8.169,0.0998,8.3148,38.0,40,7.746,40.0,40.0,40,0.0,40.0,93.333,0
ewma,50,200K,h2,10,204800,6.0,15,1,49.6729,49.426,0.9304,51.1244,32.9941,33.1485,0.5902,33.3974,43.1507,42.884,0.9645,44.6712,8.1333,9,2.2949,9.0,8.1923,8.191,0.1162,8.3667,38.0,40,7.746,40.0,40.0,40,0.0,40.0,93.333,0
ewma,50,200K,h3,1,204800,22.0,15,1,139.0995,138.664,16.4851,167.7018,11.9331,11.8156,1.4097,14.1376,112.4391,110.713,16.9367,139.8312,3.2,3,1.8205,6.0,25.6779,25.881,0.9873,27.3428,129.6,139,33.2132,141.0,147.0,152,8.3238,156.0,86.667,0
ewma,50,200K,h3,2,204800,22.0,15,1,136.5342,135.55,21.1894,170.387,12.2497,12.0871,1.7378,14.0145,109.6299,108.363,21.8902,145.5351,2.8,2,1.4736,5.3,25.2713,24.887,0.9616,26.7256,128.9333,138,33.0594,140.0,145.0,140,8.4515,156.0,93.333,0
ewma,50,200K,h3,3,204800,22.0,15,1,139.8245,134.621,17.9401,171.2583,11.8798,12.1705,1.3704,13.8579,113.6077,108.639,18.6299,146.523,3.2667,3,2.1865,5.8,25.0573,24.89,0.9263,26.7905,129.7333,140,33.2855,141.0,147.8667,152,7.5296,156.0,93.333,0
ewma,50,200K,h3,4,204800,22.0,15,1,133.273,134.005,15.557,158.5925,12.4436,12.2264,1.3951,14.7092,106.2297,107.713,16.4411,132.1446,2.8667,3,2.5317,7.2,25.3865,25.456,0.8896,26.389,129.0,138,33.067,141.0,146.2,150,7.912,153.2,80.0,0
ewma,50,200K,h3,5,204800,22.0,15,1,146.6017,136.676,17.2133,175.5606,11.3081,11.9875,1.2084,12.3214,120.7771,111.887,16.9644,149.8394,4.0,4,2.2678,7.2,25.607,25.284,1.1945,27.6852,129.2667,139,33.1802,141.0,148.2,152,8.8576,156.0,93.333,0
ewma,50,200K,h3,6,204800,22.0,15,1,135.6563,135.095,18.1853,165.954,12.2757,12.1278,1.6028,14.7691,108.795,107.753,19.0354,140.4882,2.5333,3,1.9223,5.3,25.3122,25.585,0.7823,26.1388,129.6667,140,33.2623,141.0,147.2,150,7.2032,156.0,73.333,0
ewma,50,200K,h3,7,204800,22.0,15,1,139.0265,136.294,20.2939,173.9234,12.0125,12.0211,1.6875,14.2482,112.9851,111.777,20.75,147.0504,3.4,3,2.6673,7.9,25.2536,24.763,1.2179,27.5553,129.5333,140,33.2155,140.3,145.9333,150,7.6389,156.0,80.0,0
ewma,50,200K,h3,8,204800,22.0,15,1,138.4685,135.268,17.5904,167.3665,12.0092,12.1123,1.5082,14.4199,112.0687,109.663,18.6184,142.0305,3.2667,3,1.7915,6.0,25.3494,25.309,0.9369,27.0802,128.9333,138,33.0443,140.3,146.8667,152,9.1329,156.0,86.667,0
ewma,50,200K,h3,9,204800,22.0,15,1,134.7492,135.856,14.0975,158.4324,12.2844,12.0598,1.2949,14.1831,107.0635,108.159,14.4354,131.3507,2.4667,3,1.7265,4.6,25.6696,25.791,0.8108,26.7023,129.8667,140,33.3314,141.0,147.5333,150,6.7809,153.2,80.0,0
ewma,50,200K,h3,10,204800,22.0,15,1,143.7008,139.251,22.4104,176.4045,11.6642,11.7658,1.8244,14.2797,116.3122,110.75,22.9918,150.4756,2.9333,2,1.7915,5.3,25.6287,25.6,0.9154,27.0427,129.6667,140,33.3031,141.0,147.0,150,7.9911,156.0,86.667,0
ewma,50,200K,h4,1,204800,52.0,15,1,258.4549,253.951,17.4285,284.7908,6.3632,6.4516,0.3825,6.7747,195.7022,193.529,17.9277,222.1619,0.0,0,0.0,0.0,55.9938,55.276,2.0953,60.3655,133.2,142,34.0823,142.0,142.7333,142,2.8402,145.3,0.0,0
ewma,50,200K,h4,2,204800,52.0,15,1,266.1425,255.954,53.3701,322.0911,6.3021,6.4012,0.7871,6.8374,202.4532,191.814,51.2827,259.7482,0.0,0,0.0,0.0,54.6944,53.971,1.5834,58.0061,85.1333,98,30.8032,108.0,106.7333,109,21.0288,126.0,0.0,0
ewma,50,200K,h4,3,204800,52.0,15,1,258.9352,255.526,22.3879,287.584,6.3642,6.4119,0.4572,6.734,196.5521,194.213,22.3683,226.3883,0.0,0,0.0,0.0,54.9382,54.546,1.169,57.1874,133.2,142,34.0823,142.0,142.7333,142,2.8402,145.3,0.0,0
ewma,50,200K,h4,4,204800,52.0,15,1,265.6425,256.172,36.7342,306.5113,6.2448,6.3957,0.599,6.5454,201.9921,191.691,35.6242,240.1062,0.0,0,0.0,0.0,55.6803,54.059,3.3376,61.6169,90.6667,104,28.3011,111.0,109.1333,111,16.4658,124.0,0.0,0
ewma,50,200K,h4,5,204800,52.0,15,1,264.9777,257.97,35.4784,304.8489,6.2591,6.3511,0.6129,6.7804,201.5438,196.595,33.6433,239.5685,0.0,0,0.0,0.0,54.5507,53.875,1.6859,57.8728,92.6,103,28.8637,112.0,111.0667,112,17.3513,129.2,0.0,0
ewma,50,200K,h4,6,204800,52.0,15,1,269.3284,257.966,46.7423,323.0236,6.1968,6.3512,0.7062,6.7046,204.6183,191.117,47.7048,260.8535,0.0,0,0.0,0.0,54.6801,53.825,1.7228,57.5587,86.3333,105,31.2242,108.0,108.0,108,21.9187,126.9,0.0,0
ewma,50,200K,h4,7,204800,52.0,15,1,269.7445,259.273,46.1745,324.2021,6.186,6.3192,0.7085,6.7105,205.9355,193.958,46.9822,257.1045,0.0,0,0.0,0.0,55.5605,54.279,2.8777,61.1244,85.5333,99,30.4323,108.0,106.8,108,20.8539,120.4,0.0,0
ewma,50,200K,h4,8,204800,52.0,15,1,271.1653,254.893,55.3755,331.867,6.189,6.4278,0.7771,6.6725,206.5771,195.127,56.4762,267.0878,0.0,0,0.0,0.0,55.1791,53.704,3.7437,60.1103,86.4,103,31.8922,109.0,108.0667,109,22.4291,128.3,0.0,0
ewma,50,200K,h4,9,204800,52.0,15,1,261.6249,260.187,18.5008,286.4636,6.2877,6.297,0.3844,6.6809,197.6731,194.778,19.5283,221.5839,0.0,0,0.0,0.0,54.6908,54.489,1.6201,56.4254,133.2,142,34.0823,142.0,142.7333,142,2.8402,145.3,0.0,0
ewma,50,200K,h4,10,204800,52.0,15,1,259.3632,254.582,18.0937,284.5914,6.3417,6.4356,0.3813,6.68,195.6155,190.464,16.2084,215.3969,0.0,0,0.0,0.0,54.9672,54.616,1.4158,57.0569,133.2,142,34.0823,142.0,142.7333,142,2.8402,145.3,0.0,0
lossaware,50,200K,h2,1,204800,6.0,15,1,49.0687,49.074,1.8077,52.9506,33.4305,33.3863,1.1799,34.6328,42.4535,42.46,1.7509,46.2516,1.3333,0,2.6637,6.2,8.2294,8.225,0.3277,8.5782,25.2,26,8.6537,37.2,44.1333,45,4.7339,50.9,26.667,35
lossaware,50,200K,h2,2,204800,6.0,15,1,48.6295,48.962,1.5354,50.624,33.7218,33.4627,1.0292,34.8712,41.9955,42.246,1.4841,43.9251,1.3333,0,2.743,6.2,8.2723,8.317,0.2893,8.6093,25.8,26,8.3341,36.5,43.8,43,4.7988,50.0,26.667,32
lossaware,50,200K,h2,3,204800,6.0,15,1,48.8763,48.8,1.5044,51.0106,33.5498,33.5738,0.9899,34.5635,42.2445,42.165,1.5249,44.4757,1.1333,0,2.3563,5.2,8.3615,8.465,0.3244,8.7416,25.5333,26,8.3141,37.2,44.7333,46,4.8619,49.6,26.667,35
lossaware,50,200K,h2,4,204800,6.0,15,1,48.6473,48.389,1.7804,50.8842,33.7183,33.8589,1.1496,34.8272,42.0507,41.939,1.8127,44.2356,1.6,0,3.247,7.5,8.3175,8.406,0.2441,8.598,26.4667,26,8.6012,37.5,43.6,44,4.8668,50.0,26.667,32
lossaware,50,200K,h2,5,204800,6.0,15,1,48.7619,48.768,1.655,50.9635,33.6344,33.5958,1.0866,34.8916,42.2312,42.402,1.5341,44.0864,1.4,0,2.5857,5.9,8.2802,8.357,0.3112,8.5731,26.1333,26,8.5094,37.2,43.0667,42,5.3515,50.3,26.667,32
lossaware,50,200K,h2,6,204800,6.0,15,1,48.6013,48.914,1.5463,50.5065,33.7416,33.4955,1.0296,34.8568,42.0362,42.402,1.4432,43.9124,1.1333,0,2.4746,5.5,8.2635,8.388,0.2707,8.5246,26.0,26,8.3751,37.2,44.6,44,5.2481,51.3,26.667,32
lossaware,50,200K,h2,7,204800,6.0,15,1,49.3256,49.041,2.1651,53.8546,33.2724,33.4088,1.3787,34.63,42.7155,42.708,2.0883,46.9916,1.1333,0,2.2949,5.2,8.2811,8.356,0.2922,8.5679,24.0,23,8.8641,37.2,43.2,42,5.0029,50.6,26.667,37
lossaware,50,200K,h2,8,204800,6.0,15,1,48.6826,48.259,1.6398,51.1227,33.6889,33.9501,1.0875,34.9768,42.0973,41.688,1.6111,44.4727,1.6,0,2.8983,7.0,8.337,8.344,0.2351,8.5965,26.8667,28,8.391,37.9,42.9333,42,4.9348,50.3,26.667,31
lossaware,50,200K,h2,9,204800,6.0,15,1,48.7047,48.467,1.8478,51.1583,33.6818,33.8044,1.1968,34.8601,42.1181,41.772,1.7668,44.5673,1.5333,0,2.9488,6.9,8.2938,8.359,0.2128,8.5145,26.7333,28,8.4046,37.9,42.8,42,4.8285,50.3,26.667,31
lossaware,50,200K,h2,10,204800,6.0,15,1,49.0741,49.096,1.7515,51.6432,33.4244,33.3714,1.1472,34.8406,42.5369,42.436,1.7385,45.1577,1.2,0,2.2104,4.9,8.2663,8.393,0.3106,8.6053,25.6667,25,8.3295,36.2,42.8,42,4.9742,49.3,26.667,32
lossaware,50,200K,h3,1,204800,22.0,15,1,123.3887,116.173,20.6742,163.563,13.5661,14.1031,1.8586,15.4249,96.4656,88.108,20.3394,135.2626,0.3333,0,0.7237,2.0,25.3258,25.305,0.4098,25.8771,97.4667,108,32.634,129.9,147.0,146,7.7552,155.4,20.0,21
lossaware,50,200K,h3,2,204800,22.0,15,1,133.4147,116.199,38.1368,206.2908,12.9887,14.0999,2.6943,15.3578,106.2221,88.168,38.372,179.5005,0.3333,0,0.7237,2.0,25.3581,25.437,0.6824,26.3447,75.0667,79,31.9742,115.3,135.4667,146,29.5511,150.6,20.0,19
lossaware,50,200K,h3,3,204800,22.0,15,1,133.1479,115.436,38.106,199.1782,13.0174,14.1931,2.7152,15.3195,106.9687,90.031,36.9487,170.5426,0.4,0,0.8281,2.0,25.5605,25.563,0.5012,26.3099,85.1333,85,33.7826,129.9,145.2,148,6.9816,150.6,20.0,27
lossaware,50,200K,h3,4,204800,22.0,15,1,125.7133,116.376,22.7659,169.314,13.3594,14.0785,1.9504,15.0784,98.6914,90.07,22.1637,141.8747,0.4,0,0.9103,2.3,25.4395,25.521,0.6727,26.0669,85.1333,92,29.9353,120.6,145.0667,146,5.5093,150.6,20.0,28
lossaware,50,200K,h3,5,204800,22.0,15,1,129.8986,116.461,33.3332,195.0483,13.1793,14.0682,2.416,15.2961,103.3317,89.55,33.0352,167.5057,0.4667,0,0.8338,2.0,25.3256,25.267,0.4641,25.9199,88.6667,95,31.2836,123.8,144.6667,146,5.5377,150.0,26.667,27
lossaware,50,200K,h3,6,204800,22.0,15,1,132.8443,117.069,31.6432,191.9354,12.8372,13.9952,2.3098,14.6488,105.9469,89.599,30.7396,163.459,0.4,0,0.7368,2.0,25.5605,25.591,0.4566,26.3403,75.9333,76,32.001,119.1,143.5333,146,8.8871,148.6,26.667,38
lossaware,50,200K,h3,7,204800,22.0,15,1,120.9818,114.441,13.867,144.4079,13.6877,14.3165,1.3628,14.6854,93.5774,87.982,14.1999,118.387,0.3333,0,0.7237,2.0,25.3583,25.457,0.3658,25.7534,96.9333,108,32.44,128.6,144.9333,146,5.0067,150.0,20.0,23
lossaware,50,200K,h3,8,204800,22.0,15,1,125.2434,117.382,20.3556,166.6416,13.3398,13.9578,1.7153,14.7144,97.4031,89.84,20.4498,137.7795,0.4,0,0.8281,2.0,25.4943,25.541,0.4334,26.0415,98.2667,109,32.6682,129.9,146.2,146,5.5575,151.2,20.0,21
lossaware,50,200K,h3,9,204800,22.0,15,1,127.9571,117.114,27.1909,170.5239,13.1981,13.9898,2.0333,15.0095,101.7215,89.611,27.2713,144.8165,0.4667,0,0.9155,2.3,25.337,25.4,0.3311,25.6974,76.2667,77,33.9295,130.9,143.6667,147,9.1626,151.2,26.667,32
lossaware,50,200K,h3,10,204800,22.0,15,1,130.2705,118.39,32.1729,180.3384,13.0658,13.839,2.1821,14.9027,102.6991,89.888,32.2587,152.8028,0.5333,0,0.9904,2.3,25.445,25.437,0.4719,26.1517,89.7333,95,32.5828,130.9,145.2667,146,5.4572,151.2,26.667,25
lossaware,50,200K,h4,1,204800,52.0,15,1,268.7345,256.851,52.027,323.828,6.2329,6.3788,0.7602,6.8098,203.9553,194.156,52.9158,260.0026,0.0,0,0.0,0.0,55.1453,53.757,2.5915,59.3189,86.0667,103,31.4244,108.0,107.6667,109,22.5124,129.6,0.0,0
lossaware,50,200K,h4,2,204800,52.0,15,1,263.1217,259.822,24.7769,293.0825,6.2692,6.3059,0.4865,6.809,201.0358,194.573,23.4322,232.0934,0.0,0,0.0,0.0,55.3809,54.478,2.447,60.7749,133.2,142,34.0823,142.0,142.7333,142,2.8402,145.3,0.0,0
lossaware,50,200K,h4,3,204800,52.0,15,1,260.7012,257.86,17.8101,285.0231,6.3086,6.3538,0.3783,6.66,198.5736,193.194,18.7538,223.3132,0.0,0,0.0,0.0,55.3626,55.025,1.6559,58.6988,133.2,142,34.0823,142.0,142.7333,142,2.8402,145.3,0.0,0
lossaware,50,200K,h4,4,204800,52.0,15,1,262.6323,256.522,34.1254,302.0633,6.3109,6.387,0.6028,6.7867,198.5098,193.477,33.9736,235.8478,0.0,0,0.0,0.0,56.3761,54.231,4.02,64.7098,93.1333,109,29.4227,113.0,112.1333,113,17.5412,125.9,0.0,0
lossaware,50,200K,h4,5,204800,52.0,15,1,258.4612,258.784,14.8931,279.485,6.3573,6.3311,0.3405,6.7716,194.9389,193.343,16.145,217.6927,0.0,0,0.0,0.0,54.8359,54.592,1.2884,56.9375,133.2,142,34.0823,142.0,142.7333,142,2.8402,145.3,0.0,0
lossaware,50,200K,h4,6,204800,52.0,15,1,264.5613,255.953,34.4674,309.0575,6.265,6.4012,0.5973,6.6755,201.4446,194.973,33.4038,239.9589,0.0,0,0.0,0.0,54.2827,53.714,1.3953,57.0313,91.2,108,27.9775,108.0,108.6667,108,16.8297,125.3,0.0,0
lossaware,50,200K,h4,7,204800,52.0,15,1,263.4053,256.294,31.2285,299.4156,6.282,6.3927,0.5631,6.7343,199.6805,192.801,29.4617,234.8546,0.0,0,0.0,0.0,55.6288,55.038,2.236,59.5015,106.5333,114,26.7845,114.0,114.9333,114,6.1814,120.6,0.0,0
lossaware,50,200K,h4,8,204800,52.0,15,1,265.1609,256.857,32.8741,302.4031,6.2441,6.3786,0.5661,6.6447,200.2697,193.641,31.6977,238.0591,0.0,0,0.0,0.0,56.2785,55.361,3.1406,62.3794,105.2,112,26.3363,112.0,112.0,112,0.0,112.0,0.0,0
lossaware,50,200K,h4,9,204800,52.0,15,1,264.0004,260.173,18.3728,287.5309,6.2298,6.2973,0.3661,6.5141,198.9834,194.424,16.6047,219.1743,0.0,0,0.0,0.0,56.1565,54.605,3.3607,63.3644,133.2,142,34.0823,142.0,142.7333,142,2.8402,145.3,0.0,0
lossaware,50,200K,h4,10,204800,52.0,15,1,260.6354,254.062,25.3429,291.6435,6.3297,6.4488,0.4809,6.6768,196.983,192.443,23.5839,225.4137,0.0,0,0.0,0.0,55.2598,54.489,1.8108,58.9055,133.2,142,34.0823,142.0,142.7333,142,2.8402,145.3,0.0,0
lossaware-disc,50,200K,h2,1,204800,6.0,15,1,48.6093,48.409,1.6862,50.9576,33.7416,33.8449,1.1147,34.886,42.0313,41.849,1.625,44.2159,1.1333,0,2.4456,5.5,8.2479,8.207,0.2787,8.5407,26.4667,28,8.0876,36.5,43.5333,43,4.6116,49.3,33.333,30
lossaware-disc,50,200K,h2,2,204800,6.0,15,1,48.7247,48.484,1.6471,50.8928,33.6598,33.7926,1.083,34.8508,42.1103,41.703,1.5987,44.2259,1.3333,0,2.6637,6.9,8.293,8.383,0.2907,8.6746,25.4667,26,8.4165,36.5,43.8667,44,4.7036,49.6,33.333,29
lossaware-disc,50,200K,h2,3,204800,6.0,15,1,48.7613,48.535,1.4348,50.6151,33.6267,33.7571,0.9562,34.6951,42.1457,42.219,1.4794,43.9791,1.2,0,2.4553,5.5,8.2265,8.299,0.2667,8.4888,25.5333,26,8.3312,37.2,43.8,44,4.8873,50.3,33.333,31
lossaware-disc,50,200K,h2,4,204800,6.0,15,1,48.8884,49.028,1.4801,50.683,33.5405,33.4176,0.9717,34.6126,42.3047,42.427,1.4977,44.1418,1.4,0,2.5857,7.0,8.3736,8.487,0.2467,8.6508,26.5333,27,8.5846,37.2,44.4667,46,5.6299,51.9,26.667,32
lossaware-disc,50,200K,h2,5,204800,6.0,15,1,48.5139,48.378,1.4767,50.4539,33.7999,33.8666,0.9921,34.8484,41.9349,41.89,1.4874,43.8155,1.4,0,2.8234,7.6,8.2084,8.23,0.3015,8.519,26.2667,27,8.0042,37.2,43.0667,42,4.4636,48.3,33.333,29
lossaware-disc,50,200K,h2,6,204800,6.0,15,1,48.3268,47.356,1.75,50.8311,33.942,34.5975,1.1696,34.9407,41.7543,40.849,1.6312,43.9645,1.4,0,2.3238,6.3,8.1385,8.276,0.3416,8.5375,27.7333,31,8.0309,37.2,44.5333,46,5.0124,50.9,46.667,25
lossaware-disc,50,200K,h2,7,204800,6.0,15,1,48.4442,47.954,1.6232,50.7229,33.8538,34.1661,1.0703,34.8141,41.7959,41.341,1.5747,43.953,1.6667,0,3.0394,7.6,8.2343,8.318,0.273,8.5508,27.2,29,8.2997,37.2,44.8667,46,4.7489,50.3,33.333,31
lossaware-disc,50,200K,h2,8,204800,6.0,15,1,48.5275,48.33,1.637,50.7497,33.7962,33.9003,1.0801,34.9106,41.903,41.622,1.6056,44.1052,1.1333,0,2.669,6.9,8.2241,8.276,0.3349,8.511,26.1333,26,7.9899,37.2,44.0667,44,4.5114,50.3,26.667,28
lossaware-disc,50,200K,h2,9,204800,6.0,15,1,48.6802,47.995,1.9251,51.0809,33.7023,34.1369,1.245,34.7562,41.9507,41.214,1.9115,44.3525,1.2667,0,2.3135,5.2,8.1928,8.191,0.3166,8.5425,26.8,29,7.948,36.9,44.4667,47,5.1251,50.6,40.0,25
lossaware-disc,50,200K,h2,10,204800,6.0,15,1,48.6714,48.433,1.7,50.9117,33.6986,33.8282,1.1105,34.8882,42.0313,41.701,1.6722,44.2457,1.3333,0,2.4398,6.6,8.2413,8.291,0.3236,8.5975,27.0,29,8.1679,37.2,44.4,45,4.8815,50.0,40.0,26
lossaware-disc,50,200K,h3,1,204800,22.0,15,1,132.6231,115.931,32.5824,193.6982,12.8784,14.1325,2.3204,14.5076,106.6217,90.392,31.6047,165.9969,0.5333,0,0.9155,2.0,25.5503,25.528,0.4716,26.3197,87.8,95,31.8528,124.1,146.0,148,5.438,150.6,26.667,24
lossaware-disc,50,200K,h3,2,204800,22.0,15,1,135.6109,115.147,65.0472,217.4692,13.2665,14.2288,2.7716,15.3561,109.9905,90.001,64.4,191.2407,0.4,0,0.9103,2.3,25.3639,25.336,0.274,25.7063,87.0667,95,30.4525,121.9,145.8667,148,5.3301,152.0,20.0,27
lossaware-disc,50,200K,h3,3,204800,22.0,15,1,136.6259,115.88,40.413,219.6759,12.7515,14.1388,2.7944,14.9746,109.7223,87.888,40.2045,192.0375,0.6,0,1.0556,2.3,25.4762,25.477,0.4193,26.1897,88.6667,96,31.622,125.5,145.5333,148,5.9145,152.0,26.667,20
lossaware-disc,50,200K,h3,4,204800,22.0,15,1,127.0001,116.553,29.8262,177.5712,13.3591,14.0571,2.1398,15.2653,99.7994,89.098,29.9971,149.4183,0.4,0,0.8281,2.0,25.4853,25.528,0.4569,26.2063,93.6667,99,32.5306,128.6,145.0667,146,5.23,150.6,20.0,20
lossaware-disc,50,200K,h3,5,204800,22.0,15,1,131.4895,118.046,32.749,191.3653,12.9965,13.8793,2.3676,15.1445,104.0766,90.081,32.2435,163.7137,0.4667,0,0.8338,2.0,25.4459,25.443,0.3826,26.0003,82.2,84,30.1525,120.6,146.0,148,5.2236,150.0,26.667,27
lossaware-disc,50,200K,h3,6,204800,22.0,15,1,125.1081,117.17,26.0383,179.2238,13.488,13.9831,2.0443,15.3863,98.3392,89.898,25.781,152.0176,0.2,0,0.5606,1.3,25.2815,25.386,0.5061,25.7532,85.8667,96,33.1961,121.3,138.4667,146,30.6847,156.0,13.333,8
lossaware-disc,50,200K,h3,7,204800,22.0,15,1,128.5344,117.349,26.6594,184.4004,13.1661,13.9618,2.1817,15.0161,100.7405,89.593,26.4905,156.5144,0.3333,0,0.7237,2.0,25.5429,25.457,0.5659,26.6073,86.8,93,30.5619,124.0,144.4667,146,4.8236,150.0,20.0,28
lossaware-disc,50,200K,h3,8,204800,22.0,15,1,120.7753,115.369,13.2154,144.4748,13.7025,14.2014,1.3447,15.2516,94.7414,89.822,13.6831,119.9696,0.3333,0,0.7237,2.0,25.352,25.424,0.2703,25.7032,87.0667,90,32.365,129.2,145.5333,146,5.4885,150.0,20.0,27
lossaware-disc,50,200K,h3,9,204800,22.0,15,1,132.1878,117.03,33.1521,192.6971,12.9493,13.9998,2.4231,15.17,104.972,90.068,32.4446,164.1185,0.4,0,0.7368,2.0,25.3982,25.486,0.702,26.4369,81.4667,84,28.8193,115.0,144.6667,146,5.5506,150.0,26.667,29
lossaware-disc,50,200K,h3,10,204800,22.0,15,1,144.2469,117.972,47.7283,228.7453,12.3237,13.888,3.1655,15.2162,118.0081,89.705,47.479,203.0439,0.7333,0,1.0998,2.3,25.5715,25.543,0.5091,26.401,84.8667,84,30.3076,120.3,146.0,146,5.8554,151.2,33.333,21
lossaware-disc,50,200K,h4,1,204800,52.0,15,1,268.9392,261.103,35.0078,310.988,6.1633,6.2749,0.5905,6.6302,202.9042,192.253,33.7567,242.2523,0.0,0,0.0,0.0,54.8034,53.758,2.6451,58.9954,90.6667,104,27.7326,108.0,108.2,109,16.4021,123.9,0.0,0
lossaware-disc,50,200K,h4,2,204800,52.0,15,1,268.8216,255.69,47.0174,324.5179,6.2104,6.4078,0.7139,6.7508,204.2695,191.039,49.5326,259.0897,0.0,0,0.0,0.0,54.3153,53.949,0.9879,56.1462,84.6667,97,30.9346,108.0,106.0667,108,21.4658,129.6,0.0,0
lossaware-disc,50,200K,h4,3,204800,52.0,15,1,262.0455,261.707,22.0032,288.3145,6.2885,6.2604,0.4654,6.8509,198.0423,192.386,21.2846,225.1082,0.0,0,0.0,0.0,56.8902,56.995,2.9089,61.8723,133.2,142,34.0823,142.0,142.7333,142,2.8402,145.3,0.0,0
lossaware-disc,50,200K,h4,4,204800,52.0,15,1,261.6209,256.147,20.9274,287.8436,6.2936,6.3963,0.418,6.6612,198.0441,193.345,21.8138,223.2056,0.0,0,0.0,0.0,55.2325,54.826,1.3646,57.6586,133.2,142,34.0823,142.0,142.7333,142,2.8402,145.3,0.0,0
lossaware-disc,50,200K,h4,5,204800,52.0,15,1,269.9002,257.708,44.8402,318.8581,6.1751,6.3576,0.6792,6.5888,206.089,193.479,44.8942,255.1799,0.0,0,0.0,0.0,54.4505,53.898,1.385,57.204,86.0,102,31.7175,109.0,107.7333,109,21.7895,126.1,0.0,0
lossaware-disc,50,200K,h4,6,204800,52.0,15,1,261.8371,257.323,15.4282,283.2852,6.2761,6.3671,0.3418,6.6616,198.5691,196.44,15.315,218.4386,0.0,0,0.0,0.0,55.0895,54.606,1.4861,57.5314,133.2,142,34.0823,142.0,142.7333,142,2.8402,145.3,0.0,0
lossaware-disc,50,200K,h4,7,204800,52.0,15,1,266.8046,255.484,51.0152,321.4473,6.2755,6.4129,0.7618,6.7988,202.8214,191.277,51.5008,257.1886,0.0,0,0.0,0.0,54.2048,53.744,0.8943,55.7447,85.6,99,30.759,109.0,107.1333,110,20.8528,119.7,0.0,0
lossaware-disc,50,200K,h4,8,204800,52.0,15,1,259.6797,256.577,22.9806,286.9411,6.3474,6.3856,0.4648,6.8582,195.7725,189.399,20.3843,221.1573,0.0,0,0.0,0.0,56.3014,54.597,2.9317,61.9344,133.2,142,34.0823,142.0,142.7333,142,2.8402,145.3,0.0,0
lossaware-disc,50,200K,h4,9,204800,52.0,15,1,263.1996,254.797,25.0762,299.0383,6.2683,6.4302,0.4911,6.7494,198.838,192.11,22.9752,229.4376,0.0,0,0.0,0.0,55.9074,54.704,2.6807,60.9622,133.2,142,34.0823,142.0,142.7333,142,2.8402,145.3,0.0,0
lossaware-disc,50,200K,h4,10,204800,52.0,15,1,261.8,256.214,21.3649,291.3571,6.2906,6.3947,0.4271,6.6483,196.748,191.891,19.177,221.0873,0.0,0,0.0,0.0,55.0043,54.499,1.7235,57.3938,133.2,142,34.0823,142.0,142.7333,142,2.8402,145.3,0.0,0
metrics,50,200K,h2,1,204800,6.0,15,1,53.9548,53.885,0.7456,55.0965,30.3716,30.4055,0.4183,30.9158,47.2451,47.243,0.7842,48.3721,0.0,0,0.0,0.0,8.2093,8.221,0.0496,8.2779,10.0,10,0.0,10.0,40.1333,40,0.5164,41.0,0.0,0
metrics,50,200K,h2,2,204800,6.0,15,1,52.9195,52.873,0.4351,53.7099,30.9622,30.9875,0.2533,31.2696,46.4418,46.363,0.4347,47.1885,0.0,0,0.0,0.0,8.1467,8.14,0.0253,8.186,10.0,10,0.0,10.0,40.4667,40,0.6399,41.3,0.0,0
metrics,50,200K,h2,3,204800,6.0,15,1,53.623,53.625,0.4701,54.3778,30.5562,30.5529,0.2668,30.9215,46.9807,46.962,0.4342,47.65,0.0,0,0.0,0.0,8.2028,8.216,0.066,8.2873,10.0,10,0.0,10.0,40.1333,40,0.3519,41.0,0.0,0
metrics,50,200K,h2,4,204800,6.0,15,1,53.4304,53.346,0.7358,54.692,30.6695,30.7127,0.4155,31.0751,46.7861,46.589,0.6894,48.06,0.0,0,0.0,0.0,8.2145,8.206,0.0527,8.2932,10.0,10,0.0,10.0,40.2,40,0.6761,41.3,0.0,0
metrics,50,200K,h2,5,204800,6.0,15,1,53.1937,53.016,0.6576,54.4187,30.8049,30.9039,0.3749,31.1818,46.6198,46.373,0.6256,47.7533,0.0,0,0.0,0.0,8.1957,8.204,0.0414,8.2399,10.0,10,0.0,10.0,40.4,40,0.7368,41.3,0.0,0
metrics,50,200K,h2,6,204800,6.0,15,1,53.5879,53.355,0.825,54.7649,30.5808,30.7075,0.4684,31.1687,46.9904,46.896,0.8063,48.1581,0.0,0,0.0,0.0,8.2332,8.226,0.0515,8.318,10.0,10,0.0,10.0,40.3333,40,0.488,41.0,0.0,0
metrics,50,200K,h2,7,204800,6.0,15,1,53.4095,53.256,0.6351,54.4428,30.6802,30.7646,0.3629,31.1081,46.8069,46.592,0.6956,47.9564,0.0,0,0.0,0.0,8.2133,8.186,0.077,8.353,10.0,10,0.0,10.0,40.2667,40,0.5936,41.0,0.0,0
metrics,50,200K,h2,8,204800,6.0,15,1,53.7589,53.582,0.8451,55.1991,30.4837,30.5774,0.474,31.1558,47.1391,47.089,0.7135,48.3154,0.0,0,0.0,0.0,8.1974,8.212,0.0711,8.2802,10.0,10,0.0,10.0,40.0,40,0.8452,41.3,0.0,0
metrics,50,200K,h2,9,204800,6.0,15,1,53.3777,53.007,0.8573,54.9088,30.7017,30.9091,0.4854,31.152,46.7823,46.475,0.8068,48.3589,0.0,0,0.0,0.0,8.1947,8.191,0.0492,8.2639,10.0,10,0.0,10.0,39.9333,40,0.4577,40.3,0.0,0
metrics,50,200K,h2,10,204800,6.0,15,1,53.6617,53.452,0.8765,55.0499,30.5396,30.6518,0.4946,31.0845,47.0658,46.857,0.8622,48.5475,0.0,0,0.0,0.0,8.1966,8.173,0.0631,8.2873,10.0,10,0.0,10.0,40.1333,40,0.5164,41.0,0.0,0
metrics,50,200K,h3,1,204800,22.0,15,1,153.5387,153.491,2.4039,157.5143,10.6733,10.6742,0.1659,10.8898,126.225,125.85,2.8422,131.2762,0.0,0,0.0,0.0,24.4939,24.527,0.3455,24.7876,10.0,10,0.0,10.0,129.4667,129,0.7432,130.3,0.0,0
metrics,50,200K,h3,2,204800,22.0,15,1,142.562,142.372,1.879,145.1824,11.4944,11.5079,0.1506,11.6749,117.9099,118.304,1.5377,119.6461,0.0,0,0.0,0.0,24.2965,24.251,0.2743,24.576,10.0,10,0.0,10.0,130.0667,130,0.2582,130.3,0.0,0
metrics,50,200K,h3,3,204800,22.0,15,1,152.0583,151.983,4.0992,157.8466,10.7821,10.7802,0.2915,11.1849,125.7661,125.727,3.1218,130.138,0.0,0,0.0,0.0,24.4975,24.632,0.4099,24.7916,10.0,10,0.0,10.0,129.4667,129,0.7432,130.3,0.0,0
metrics,50,200K,h3,4,204800,22.0,15,1,158.6883,154.518,13.3381,189.6999,10.3837,10.6033,0.7532,10.9519,131.3522,127.913,14.0351,165.1907,0.0,0,0.0,0.0,24.4669,24.553,0.3301,24.7376,10.0,10,0.0,10.0,116.8667,130,33.6492,130.0,0.0,0
metrics,50,200K,h3,5,204800,22.0,15,1,153.4344,153.841,3.3683,157.8657,10.683,10.65,0.2337,11.0044,125.9923,126.009,2.7871,130.8596,0.0,0,0.0,0.0,24.5568,24.509,0.1508,24.7528,10.0,10,0.0,10.0,129.2,129,0.8619,130.3,0.0,0
metrics,50,200K,h3,6,204800,22.0,15,1,156.5529,154.615,10.2951,168.9076,10.5022,10.5966,0.6012,11.1523,129.7493,127.211,11.1755,142.7002,0.0,0,0.0,0.0,24.4615,24.456,0.309,24.8052,10.0,10,0.0,10.0,123.6,130,25.3569,132.0,0.0,0
metrics,50,200K,h3,7,204800,22.0,15,1,158.0162,155.814,12.3026,173.6645,10.4174,10.5151,0.6753,10.9711,130.2543,127.912,12.2729,146.2489,0.0,0,0.0,0.0,24.2833,24.458,0.4541,24.6316,10.0,10,0.0,10.0,123.5333,130,24.7815,131.0,0.0,0
metrics,50,200K,h3,8,204800,22.0,15,1,151.4807,152.506,4.6691,156.7562,10.8256,10.7432,0.3387,11.4254,124.6273,126.057,4.4093,130.5213,0.0,0,0.0,0.0,24.4577,24.467,0.3451,24.8887,10.0,10,0.0,10.0,129.8667,130,0.8338,131.0,0.0,0
metrics,50,200K,h3,9,204800,22.0,15,1,156.1967,156.689,3.4387,160.516,10.4941,10.4564,0.2335,10.8822,129.0915,129.186,2.5025,131.8703,0.0,0,0.0,0.0,24.4384,24.478,0.3843,24.8221,10.0,10,0.0,10.0,129.7333,130,0.4577,130.0,0.0,0
metrics,50,200K,h3,10,204800,22.0,15,1,161.3228,157.305,14.8071,195.718,10.2257,10.4154,0.8149,11.0388,133.9911,130.679,15.4624,170.1461,0.0,0,0.0,0.0,24.2563,24.418,0.5321,24.7685,10.0,10,0.0,10.0,116.8667,129,33.6577,131.0,0.0,0
metrics,50,200K,h4,1,204800,52.0,15,1,365.5057,355.258,48.6575,441.3079,4.5533,4.6119,0.5721,5.2541,301.9515,287.35,46.9842,378.0144,0.0,0,0.0,0.0,55.2983,54.923,2.3788,59.4618,10.0,10,0.0,10.0,113.5333,138,51.7271,153.0,0.0,0
metrics,50,200K,h4,2,204800,52.0,15,1,321.1069,311.688,28.2281,367.9499,5.1334,5.2565,0.3804,5.3879,262.4527,251.7,28.8769,310.092,0.0,0,0.0,0.0,53.3552,53.209,0.4425,54.2197,10.0,10,0.0,10.0,137.4,153,38.4852,153.0,0.0,0
metrics,50,200K,h4,3,204800,52.0,15,1,336.0485,328.336,35.2653,378.8832,4.9149,4.99,0.4046,5.2952,272.0565,262.674,37.2695,315.5973,0.0,0,0.0,0.0,54.2266,53.269,3.7183,57.7313,10.0,10,0.0,10.0,145.0667,153,30.7257,153.0,0.0,0
metrics,50,200K,h4,4,204800,52.0,15,1,371.0059,349.147,52.9884,445.0542,4.4966,4.6926,0.6059,5.2009,307.8406,279.862,54.0263,383.5226,0.0,0,0.0,0.0,54.9032,53.318,3.0247,61.1559,10.0,10,0.0,10.0,106.6667,153,58.9209,153.0,0.0,0
metrics,50,200K,h4,5,204800,52.0,15,1,357.5795,366.284,22.9243,384.0897,4.5997,4.473,0.2977,4.9937,293.592,305.869,22.3277,317.0214,0.0,0,0.0,0.0,55.5051,53.46,3.013,60.446,10.0,10,0.0,10.0,106.8,107,48.039,153.0,0.0,0
metrics,50,200K,h4,6,204800,52.0,15,1,368.6763,344.45,52.6007,442.855,4.5243,4.7566,0.605,5.1993,305.9754,279.836,52.8213,381.2348,0.0,0,0.0,0.0,54.7336,53.311,2.7205,60.3397,10.0,10,0.0,10.0,108.0,153,55.8263,153.0,0.0,0
metrics,50,200K,h4,7,204800,52.0,15,1,343.8947,339.437,34.5926,423.872,4.8034,4.8268,0.4189,5.1651,281.7149,269.009,35.5667,364.7756,0.0,0,0.0,0.0,53.659,53.283,1.4385,55.0308,10.0,10,0.0,10.0,137.1333,153,41.872,153.0,0.0,0
metrics,50,200K,h4,8,204800,52.0,15,1,361.2557,338.727,34.0906,417.7523,4.5718,4.8369,0.4155,5.0618,297.7329,279.42,34.4716,358.7911,0.0,0,0.0,0.0,55.3787,53.318,3.2686,61.1285,10.0,10,0.0,10.0,115.1333,153,51.5916,153.0,0.0,0
metrics,50,200K,h4,9,204800,52.0,15,1,371.152,369.14,48.4987,449.9237,4.4816,4.4384,0.5535,5.1331,307.9113,304.093,49.8588,387.8311,0.0,0,0.0,0.0,55.7319,53.768,3.9711,63.42,10.0,10,0.0,10.0,98.2667,114,55.5909,153.0,0.0,0
metrics,50,200K,h4,10,204800,52.0,15,1,356.7203,333.305,45.9089,433.3272,4.6591,4.9156,0.5518,5.1785,291.9651,266.219,46.5679,368.1132,0.0,0,0.0,0.0,55.0396,53.284,3.1579,60.9119,10.0,10,0.0,10.0,114.6,153,56.395,153.0,0.0,0
static10,50,200K,h2,1,204800,6.0,15,1,53.4024,53.251,0.7479,54.5771,30.6859,30.7675,0.4272,31.2155,46.7944,46.683,0.7676,47.9779,0.0,0,0.0,0.0,8.1828,8.192,0.0716,8.2458,10.0,10,0.0,10.0,40.1333,40,0.5164,41.0,0.0,0
static10,50,200K,h2,2,204800,6.0,15,1,52.9912,52.964,0.3706,53.454,30.9198,30.9342,0.2167,31.2562,46.5614,46.646,0.3298,46.9425,0.0,0,0.0,0.0,8.1493,8.138,0.0451,8.2163,10.0,10,0.0,10.0,40.4667,40,0.8338,42.0,0.0,0
static10,50,200K,h2,3,204800,6.0,15,1,53.5836,53.382,0.9221,54.9335,30.5849,30.692,0.5216,31.1619,46.9725,46.737,0.7915,48.2459,0.0,0,0.0,0.0,8.2335,8.22,0.0761,8.3428,10.0,10,0.0,10.0,40.0,40,0.5345,41.0,0.0,0
static10,50,200K,h2,4,204800,6.0,15,1,53.2041,52.815,0.8842,54.7656,30.8024,31.0215,0.5044,31.2633,46.6767,46.297,0.8244,48.1466,0.0,0,0.0,0.0,8.2107,8.204,0.0597,8.3155,10.0,10,0.0,10.0,40.3333,40,0.488,41.0,0.0,0
static10,50,200K,h2,5,204800,6.0,15,1,53.4288,53.157,0.6379,54.5021,30.6691,30.8219,0.3614,31.0488,46.8654,46.651,0.6436,48.0441,0.0,0,0.0,0.0,8.2057,8.199,0.0495,8.2943,10.0,10,0.0,10.0,40.2667,40,0.7037,41.3,0.0,0
static10,50,200K,h2,6,204800,6.0,15,1,53.1811,53.192,0.4725,53.9889,30.8102,30.8016,0.272,31.1674,46.5747,46.489,0.4244,47.1898,0.0,0,0.0,0.0,8.2009,8.195,0.0321,8.2521,10.0,10,0.0,10.0,40.2,40,0.414,41.0,0.0,0
static10,50,200K,h2,7,204800,6.0,15,1,53.3675,53.18,0.8465,54.9468,30.7074,30.8086,0.481,31.2375,46.7007,46.603,0.7567,48.0393,0.0,0,0.0,0.0,8.2106,8.212,0.0376,8.2627,10.0,10,0.0,10.0,40.2667,40,0.5936,41.3,0.0,0
static10,50,200K,h2,8,204800,6.0,15,1,53.414,53.061,0.7721,54.5548,30.6795,30.8777,0.439,31.095,46.72,46.428,0.7174,47.7637,0.0,0,0.0,0.0,8.2075,8.215,0.0556,8.2871,10.0,10,0.0,10.0,40.2,40,0.8619,41.3,0.0,0
static10,50,200K,h2,9,204800,6.0,15,1,53.5083,53.481,0.7471,54.6444,30.6251,30.6352,0.4274,31.1767,46.8729,47.008,0.6335,47.817,0.0,0,0.0,0.0,8.2191,8.216,0.0449,8.2835,10.0,10,0.0,10.0,40.2667,40,0.7037,41.3,0.0,0
static10,50,200K,h2,10,204800,6.0,15,1,53.4658,53.135,0.8023,54.7078,30.6503,30.8347,0.4564,31.1569,46.8805,46.481,0.8089,48.1188,0.0,0,0.0,0.0,8.1856,8.187,0.062,8.2717,10.0,10,0.0,10.0,40.3333,40,0.8165,41.3,0.0,0
static10,50,200K,h3,1,204800,22.0,15,1,155.8005,153.8,10.9473,170.0092,10.5585,10.6528,0.6504,11.2331,129.4591,127.876,10.0285,141.5686,0.0,0,0.0,0.0,24.3732,24.502,0.4508,24.7054,10.0,10,0.0,10.0,123.3333,129,24.7261,131.0,0.0,0
static10,50,200K,h3,2,204800,22.0,15,1,141.5803,141.629,1.7783,144.331,11.5739,11.5683,0.1456,11.7846,116.8051,117.578,1.9064,118.7581,0.0,0,0.0,0.0,24.3844,24.453,0.1973,24.5864,10.0,10,0.0,10.0,130.1333,130,0.3519,131.0,0.0,0
static10,50,200K,h3,3,204800,22.0,15,1,158.7038,152.806,16.2027,197.9527,10.408,10.7221,0.8868,11.0674,131.4704,127.131,15.6302,169.0756,0.0,0,0.0,0.0,24.3347,24.421,0.3651,24.7278,10.0,10,0.0,10.0,116.8667,130,33.647,130.0,0.0,0
static10,50,200K,h3,4,204800,22.0,15,1,155.5149,154.049,10.9724,169.7568,10.5772,10.6356,0.6379,11.2092,128.2978,126.422,10.4152,141.4891,0.0,0,0.0,0.0,24.4459,24.608,0.4406,24.7911,10.0,10,0.0,10.0,123.0667,129,24.6445,130.0,0.0,0
static10,50,200K,h3,5,204800,22.0,15,1,156.4143,155.62,10.5193,168.8297,10.5135,10.5282,0.6199,11.1538,130.2056,127.647,10.6675,141.8298,0.0,0,0.0,0.0,24.4232,24.534,0.3609,24.6862,10.0,10,0.0,10.0,123.5333,130,24.7844,131.0,0.0,0
static10,50,200K,h3,6,204800,22.0,15,1,152.7337,153.304,5.3256,159.2047,10.7398,10.6873,0.3884,11.3026,125.8163,126.97,4.7441,131.8262,0.0,0,0.0,0.0,24.5491,24.567,0.1292,24.7233,10.0,10,0.0,10.0,129.8,130,0.7746,131.0,0.0,0
static10,50,200K,h3,7,204800,22.0,15,1,157.5043,152.458,14.8663,192.4898,10.4766,10.7466,0.8455,11.1587,130.1913,124.64,14.6852,163.878,0.0,0,0.0,0.0,24.3209,24.567,0.4852,24.7475,10.0,10,0.0,10.0,116.8667,130,33.6513,130.3,0.0,0
static10,50,200K,h3,8,204800,22.0,15,1,156.2375,153.924,11.9531,170.9072,10.5336,10.6442,0.6601,10.9775,129.633,127.147,11.642,142.7993,0.0,0,0.0,0.0,24.5261,24.508,0.5518,25.5144,10.0,10,0.0,10.0,126.2667,130,27.3299,153.0,0.0,0
static10,50,200K,h3,9,204800,22.0,15,1,152.0581,151.406,4.9836,158.1542,10.7859,10.8212,0.3609,11.4751,125.485,126.496,4.2311,130.2953,0.0,0,0.0,0.0,24.538,24.561,0.1478,24.7139,10.0,10,0.0,10.0,131.5333,130,5.9626,137.6,0.0,0
static10,50,200K,h3,10,204800,22.0,15,1,151.8831,151.938,3.5704,156.7682,10.7928,10.7833,0.2536,11.1639,124.7831,125.394,4.1029,130.2559,0.0,0,0.0,0.0,24.4765,24.521,0.2682,24.6983,10.0,10,0.0,10.0,129.7333,130,0.7037,131.0,0.0,0
static10,50,200K,h4,1,204800,52.0,15,1,358.7023,367.544,33.8815,403.8697,4.6047,4.4577,0.4231,5.1188,294.1755,302.243,34.2392,340.4846,0.0,0,0.0,0.0,56.4506,53.505,4.2054,63.3196,10.0,10,0.0,10.0,108.6,114,46.7987,153.0,0.0,0
static10,50,200K,h4,2,204800,52.0,15,1,309.2275,308.7,4.9618,317.1281,5.2996,5.3074,0.0852,5.4515,249.6252,248.119,5.0601,256.0512,0.0,0,0.0,0.0,53.1946,53.204,0.0401,53.2402,10.0,10,0.0,10.0,153.0,153,0.0,153.0,0.0,0
static10,50,200K,h4,3,204800,52.0,15,1,356.2128,362.326,28.2882,390.9122,4.6273,4.5219,0.3757,5.1509,292.6746,296.663,27.2461,328.1358,0.0,0,0.0,0.0,56.4899,53.722,3.914,63.6272,10.0,10,0.0,10.0,105.2,114,46.5145,153.0,0.0,0
static10,50,200K,h4,4,204800,52.0,15,1,365.6416,347.306,45.7107,434.5045,4.5433,4.7175,0.5365,5.1578,302.1446,283.273,46.1881,370.7547,0.0,0,0.0,0.0,54.2739,53.292,1.6854,57.3375,10.0,10,0.0,10.0,101.2667,153,57.6312,153.0,0.0,0
static10,50,200K,h4,5,204800,52.0,15,1,374.5292,374.171,40.2444,441.3867,4.4203,4.3787,0.4589,5.0859,310.8237,308.979,40.4627,378.7387,0.0,0,0.0,0.0,56.6709,56.774,3.1524,61.1213,10.0,10,0.0,10.0,92.5333,53,52.8406,153.0,0.0,0
static10,50,200K,h4,6,204800,52.0,15,1,347.1027,338.666,24.8155,383.0619,4.7425,4.8378,0.3349,5.1523,282.6629,270.824,22.8708,312.0101,0.0,0,0.0,0.0,54.3859,53.303,1.6222,57.1788,10.0,10,0.0,10.0,121.2,153,44.3125,153.0,0.0,0
static10,50,200K,h4,7,204800,52.0,15,1,346.6436,335.055,32.129,397.7305,4.7621,4.8899,0.4135,5.2886,284.2775,272.828,33.7737,335.5854,0.0,0,0.0,0.0,54.8564,53.291,2.4291,58.687,10.0,10,0.0,10.0,125.4,153,43.2679,153.0,0.0,0
static10,50,200K,h4,8,204800,52.0,15,1,349.5317,343.785,30.7223,394.8306,4.7178,4.7658,0.3728,5.1462,286.5036,276.418,31.1643,333.4752,0.0,0,0.0,0.0,54.4749,53.321,2.1614,58.8241,10.0,10,0.0,10.0,129.8667,153,40.8444,153.0,0.0,0
static10,50,200K,h4,9,204800,52.0,15,1,379.337,372.475,49.319,464.2322,4.3847,4.3987,0.5435,5.0429,314.644,309.065,48.1501,392.9275,0.0,0,0.0,0.0,56.4626,56.013,3.7141,63.3334,10.0,10,0.0,10.0,99.4,138,56.0252,153.0,0.0,0
static10,50,200K,h4,10,204800,52.0,15,1,358.1556,351.429,31.3781,399.6524,4.6051,4.6621,0.3761,5.0259,293.6834,290.209,31.3661,339.0223,0.0,0,0.0,0.0,54.5631,53.456,2.2022,59.4433,10.0,10,0.0,10.0,105.7333,110,49.7902,153.0,0.0,0
statichigh,50,200K,h2,1,204800,6.0,15,1,51.2142,47.973,12.7257,63.2257,33.0296,34.1525,4.4791,34.447,44.4967,41.25,12.3804,56.0784,0.0,0,0.0,0.0,8.5348,8.533,0.1621,8.7489,24.0,24,0.0,24.0,46.2,46,3.6292,51.0,0.0,0
statichigh,50,200K,h2,2,204800,6.0,15,1,47.9612,47.859,0.292,48.3556,34.1621,34.2339,0.2073,34.4142,41.3485,41.315,0.1954,41.6543,0.0,0,0.0,0.0,8.5171,8.455,0.1649,8.8099,24.0,24,0.0,24.0,45.0667,45,1.7512,47.3,0.0,0
statichigh,50,200K,h2,3,204800,6.0,15,1,47.8473,47.811,0.2288,48.1868,34.243,34.2683,0.1635,34.4454,41.2823,41.28,0.1561,41.5077,0.0,0,0.0,0.0,8.5078,8.459,0.1427,8.7641,24.0,24,0.0,24.0,45.1333,44,1.5055,47.0,0.0,0
statichigh,50,200K,h2,4,204800,6.0,15,1,47.8725,47.903,0.2115,48.1417,34.2249,34.2025,0.1511,34.4299,41.2913,41.275,0.1803,41.5733,0.0,0,0.0,0.0,8.4979,8.466,0.1118,8.6784,24.0,24,0.0,24.0,44.7333,44,1.3345,47.0,0.0,0
statichigh,50,200K,h2,5,204800,6.0,15,1,47.932,47.9,0.3235,48.5189,34.1832,34.2046,0.2297,34.4953,41.2989,41.266,0.2213,41.7527,0.0,0,0.0,0.0,8.4884,8.48,0.0877,8.6276,24.0,24,0.0,24.0,44.8667,44,1.3558,47.0,0.0,0
statichigh,50,200K,h2,6,204800,6.0,15,1,47.889,47.858,0.2844,48.3363,34.2136,34.2346,0.2027,34.4699,41.3301,41.29,0.1892,41.6466,0.0,0,0.0,0.0,8.4485,8.434,0.1163,8.6947,24.0,24,0.0,24.0,44.4667,44,1.4075,47.0,0.0,0
statichigh,50,200K,h2,7,204800,6.0,15,1,48.0451,47.99,0.2969,48.5181,34.1025,34.1404,0.2091,34.3507,41.3794,41.29,0.2974,41.792,0.0,0,0.0,0.0,8.5667,8.523,0.1315,8.7591,24.0,24,0.0,24.0,45.4,46,1.2421,47.0,0.0,0
statichigh,50,200K,h2,8,204800,6.0,15,1,47.8885,47.862,0.1705,48.1257,34.2132,34.2317,0.1222,34.3597,41.3273,41.315,0.1519,41.5785,0.0,0,0.0,0.0,8.5337,8.49,0.1449,8.7098,24.0,24,0.0,24.0,45.1333,46,1.302,47.0,0.0,0
statichigh,50,200K,h2,9,204800,6.0,15,1,47.9715,47.978,0.2648,48.4839,34.1546,34.149,0.1877,34.3605,41.3416,41.333,0.2351,41.694,0.0,0,0.0,0.0,8.5091,8.464,0.171,8.7335,24.0,24,0.0,24.0,44.8667,44,1.5055,47.3,0.0,0
statichigh,50,200K,h2,10,204800,6.0,15,1,47.791,47.806,0.2176,48.1974,34.2833,34.2718,0.1559,34.5129,41.3161,41.343,0.1122,41.4611,0.0,0,0.0,0.0,8.5029,8.483,0.1356,8.7289,24.0,24,0.0,24.0,44.9333,44,1.5796,47.3,0.0,0
statichigh,50,200K,h3,1,204800,22.0,15,1,122.9098,123.357,3.8168,127.7597,13.3423,13.2818,0.4215,14.1499,95.6036,95.155,3.1608,99.0776,0.0,0,0.0,0.0,24.8129,24.816,0.0837,24.9052,24.0,24,0.0,24.0,144.2667,145,1.831,146.0,0.0,0
statichigh,50,200K,h3,2,204800,22.0,15,1,124.2331,125.435,3.1248,127.2903,13.1961,13.0617,0.3424,13.7495,97.1199,97.919,2.3749,99.3709,0.0,0,0.0,0.0,24.8151,24.818,0.0525,24.8953,24.0,24,0.0,24.0,143.8667,145,2.2636,146.3,0.0,0
statichigh,50,200K,h3,3,204800,22.0,15,1,123.9748,124.587,2.9206,127.9117,13.2226,13.1506,0.3172,13.7679,97.2579,97.535,1.8273,99.1549,0.0,0,0.0,0.0,24.8193,24.808,0.0522,24.907,24.0,24,0.0,24.0,144.4,145,2.1647,147.0,0.0,0
statichigh,50,200K,h3,4,204800,22.0,15,1,123.3809,123.464,3.8821,127.6088,13.2916,13.2703,0.4221,13.9585,96.7833,97.058,2.5584,99.6876,0.0,0,0.0,0.0,24.8225,24.837,0.0377,24.8632,24.0,24,0.0,24.0,144.2667,145,2.0862,147.0,0.0,0
statichigh,50,200K,h3,5,204800,22.0,15,1,123.1875,123.414,2.9271,126.39,13.3072,13.2756,0.3218,13.9202,97.1964,98.116,2.3104,99.4477,0.0,0,0.0,0.0,24.8032,24.823,0.054,24.862,24.0,24,0.0,24.0,144.2667,145,1.7915,146.3,0.0,0
statichigh,50,200K,h3,6,204800,22.0,15,1,122.4404,121.344,3.5303,127.3902,13.3915,13.5021,0.3835,13.8422,96.7201,96.821,2.6573,99.2969,0.0,0,0.0,0.0,24.8256,24.839,0.0739,24.9122,24.0,24,0.0,24.0,143.8667,145,1.9223,146.3,0.0,0
statichigh,50,200K,h3,7,204800,22.0,15,1,122.4307,122.715,3.3941,127.0661,13.3919,13.3513,0.3723,13.9615,95.6316,95.386,3.1167,99.5752,0.0,0,0.0,0.0,24.8186,24.813,0.0607,24.8972,24.0,24,0.0,24.0,143.5333,145,1.9591,146.0,0.0,0
statichigh,50,200K,h3,8,204800,22.0,15,1,123.3989,123.878,4.0662,127.9742,13.2915,13.2259,0.4635,13.94,95.6156,96.44,3.3659,98.9469,0.0,0,0.0,0.0,24.7865,24.818,0.0742,24.8682,24.0,24,0.0,24.0,144.3333,145,2.1269,147.0,0.0,0
statichigh,50,200K,h3,9,204800,22.0,15,1,123.9315,123.583,3.0303,127.9058,13.2276,13.2575,0.3241,13.7661,96.4999,96.206,2.4388,99.3887,0.0,0,0.0,0.0,24.7959,24.779,0.0697,24.908,24.0,24,0.0,24.0,144.2667,145,2.219,147.0,0.0,0
statichigh,50,200K,h3,10,204800,22.0,15,1,124.0641,123.596,2.9837,127.2487,13.2133,13.2561,0.3201,13.6569,96.6557,97.774,2.8496,99.5664,0.0,0,0.0,0.0,24.8229,24.849,0.0569,24.8918,24.0,24,0.0,24.0,143.6667,145,2.0931,146.0,0.0,0
statichigh,50,200K,h4,1,204800,52.0,15,1,260.5739,260.882,8.9041,276.0051,6.2945,6.2802,0.2134,6.6005,197.6761,198.055,8.6249,211.1711,0.0,0,0.0,0.0,53.6178,53.613,0.0358,53.6895,24.0,24,0.0,24.0,160.9333,167,13.7398,167.0,0.0,0
statichigh,50,200K,h4,2,204800,52.0,15,1,267.3238,268.805,10.4858,278.1105,6.1379,6.0951,0.2471,6.5648,203.2331,203.125,9.5662,215.3972,0.0,0,0.0,0.0,53.6231,53.613,0.0337,53.6823,24.0,24,0.0,24.0,157.1333,167,21.9313,167.0,0.0,0
statichigh,50,200K,h4,3,204800,52.0,15,1,269.0151,268.788,8.2999,280.4705,6.0958,6.0955,0.1883,6.349,205.9456,205.43,8.2369,215.851,0.0,0,0.0,0.0,53.5788,53.604,0.087,53.6225,24.0,24,0.0,24.0,163.9333,167,8.1281,167.0,0.0,0
statichigh,50,200K,h4,4,204800,52.0,15,1,268.6392,271.368,8.932,280.2023,6.1052,6.0376,0.2045,6.4096,202.6431,204.744,7.1371,210.7503,0.0,0,0.0,0.0,53.5941,53.613,0.0902,53.6579,24.0,24,0.0,24.0,163.0,167,15.4919,167.0,0.0,0
statichigh,50,200K,h4,5,204800,52.0,15,1,268.0159,268.294,10.6895,282.6212,6.1223,6.1067,0.2469,6.5596,202.3559,201.267,9.8665,214.75,0.0,0,0.0,0.0,53.6187,53.619,0.0378,53.6574,24.0,24,0.0,24.0,167.0667,167,0.2582,167.3,0.0,0
statichigh,50,200K,h4,6,204800,52.0,15,1,267.8305,268.549,6.6494,276.1796,6.1209,6.1009,0.1548,6.3873,204.0875,205.687,6.4764,214.0799,0.0,0,0.0,0.0,53.5915,53.608,0.0902,53.647,24.0,24,0.0,24.0,163.0,167,15.4919,167.0,0.0,0
statichigh,50,200K,h4,7,204800,52.0,15,1,265.2913,264.833,8.0895,276.2563,6.1812,6.1865,0.1877,6.4598,202.1727,202.828,7.3753,213.167,0.0,0,0.0,0.0,53.6192,53.617,0.0196,53.6486,24.0,24,0.0,24.0,163.0,167,15.4919,167.0,0.0,0
statichigh,50,200K,h4,8,204800,52.0,15,1,265.8116,264.178,8.7875,277.9674,6.1701,6.2019,0.2053,6.4839,200.9708,200.568,7.6779,211.5362,0.0,0,0.0,0.0,53.6036,53.609,0.0956,53.7118,24.0,24,0.0,24.0,161.1333,167,17.0665,167.0,0.0,0
statichigh,50,200K,h4,9,204800,52.0,15,1,268.3675,262.056,16.3149,296.5324,6.124,6.2521,0.3346,6.3857,205.0895,201.183,17.2078,232.397,0.0,0,0.0,0.0,53.8223,53.61,0.8148,54.5837,24.0,24,0.0,24.0,155.9333,167,30.4712,167.0,0.0,0
statichigh,50,200K,h4,10,204800,52.0,15,1,266.6756,271.233,7.8298,273.8946,6.1489,6.0406,0.1857,6.5089,201.807,202.042,7.0436,213.334,0.0,0,0.0,0.0,53.6313,53.617,0.0362,53.6927,24.0,24,0.0,24.0,159.0,167,21.1119,167.0,0.0,0
ewma,50,30K,h2,1,30720,6.0,15,1,18.3601,18.072,1.0544,19.4827,13.4205,13.5989,0.6521,13.7432,11.7513,11.444,1.0532,12.8541,0.0,0,0.0,0.0,8.074,8.121,0.2764,8.2328,21.2,22,3.0984,22.0,38.2,38,1.5675,39.3,0.0,0
ewma,50,30K,h2,2,30720,6.0,15,1,18.3758,18.119,1.1974,19.6783,13.4185,13.5637,0.7304,13.9222,11.8272,11.555,1.1465,13.081,0.0,0,0.0,0.0,8.0802,8.133,0.2473,8.2091,21.2,22,3.0984,22.0,38.4,39,1.6388,40.0,0.0,0
ewma,50,30K,h2,3,30720,6.0,15,1,18.4305,18.091,1.2905,19.7959,13.3846,13.5847,0.7677,13.8186,11.8349,11.571,1.2372,13.1432,0.0,0,0.0,0.0,8.1009,8.156,0.2027,8.2029,21.2,22,3.0984,22.0,37.9333,38,1.4376,39.0,0.0,0
ewma,50,30K,h2,4,30720,6.0,15,1,18.3881,18.023,1.179,20.0334,13.4083,13.6359,0.7219,13.7468,11.8533,11.54,1.1198,13.4041,0.0,0,0.0,0.0,8.0442,8.103,0.2387,8.1757,21.2,22,3.0984,22.0,37.9333,38,1.4864,39.3,0.0,0
ewma,50,30K,h2,5,30720,6.0,15,1,18.409,18.146,1.0944,19.6382,13.3873,13.5435,0.673,13.7876,11.8011,11.558,1.0397,12.9093,0.0,0,0.0,0.0,8.0824,8.098,0.255,8.3149,21.2,22,3.0984,22.0,38.0667,38,1.5337,39.3,0.0,0
ewma,50,30K,h2,6,30720,6.0,15,1,18.4503,18.193,1.1166,19.8551,13.3587,13.5085,0.6843,13.7936,11.8097,11.592,1.0804,13.0026,0.0,0,0.0,0.0,8.0978,8.156,0.2406,8.2298,21.2,22,3.0984,22.0,37.9333,38,1.4376,39.0,0.0,0
ewma,50,30K,h2,7,30720,6.0,15,1,18.3407,18.066,1.2247,19.6893,13.4457,13.6035,0.7388,13.8239,11.8181,11.552,1.2294,13.0616,0.0,0,0.0,0.0,8.0887,8.155,0.2168,8.2193,21.2,22,3.0984,22.0,38.0667,38,1.5796,40.0,0.0,0
ewma,50,30K,h2,8,30720,6.0,15,1,18.5549,18.324,1.0951,19.9715,13.2816,13.4119,0.6654,13.6648,11.972,11.667,1.1359,13.5835,0.0,0,0.0,0.0,8.0694,8.126,0.2152,8.1902,21.2,22,3.0984,22.0,38.2,38,1.5675,39.3,0.0,0
ewma,50,30K,h2,9,30720,6.0,15,1,18.3801,18.155,1.1633,19.56,13.4126,13.5368,0.7048,13.791,11.753,11.453,1.1314,12.9686,0.0,0,0.0,0.0,8.0867,8.134,0.2709,8.2479,21.2,22,3.0984,22.0,38.2,38,1.6125,40.0,0.0,0
ewma,50,30K,h2,10,30720,6.0,15,1,18.3341,18.065,1.1478,19.5551,13.4454,13.6042,0.7006,13.8486,11.807,11.592,1.0823,12.9194,0.0,0,0.0,0.0,8.0847,8.13,0.2547,8.2395,21.2,22,3.0984,22.0,38.0667,38,1.5796,40.0,0.0,0
ewma,50,30K,h3,1,30720,22.0,15,1,60.0228,58.489,6.8635,67.9773,4.1327,4.2018,0.3606,4.432,33.4205,32.504,6.7322,40.4898,0.0,0,0.0,0.0,24.7725,24.263,1.1723,26.2603,21.2,22,3.0984,22.0,44.2,45,3.0984,45.0,0.0,0
ewma,50,30K,h3,2,30720,22.0,15,1,61.0638,59.771,7.7409,70.2278,4.0699,4.1117,0.3857,4.4267,33.613,32.369,7.6191,41.4937,0.0,0,0.0,0.0,24.2311,23.841,0.9523,26.2,21.2,22,3.0984,22.0,44.2,45,3.0984,45.0,0.0,0
ewma,50,30K,h3,3,30720,22.0,15,1,59.238,57.421,7.4476,68.8488,4.1956,4.28,0.4031,4.5268,33.4521,32.466,7.6969,41.3121,0.0,0,0.0,0.0,24.8674,24.444,1.3166,26.6507,21.2,22,3.0984,22.0,44.2,45,3.0984,45.0,0.0,0
ewma,50,30K,h3,4,30720,22.0,15,1,60.2907,58.759,6.932,68.4721,4.1151,4.1825,0.3652,4.4091,33.8591,32.512,6.2142,39.9997,0.0,0,0.0,0.0,24.3809,23.86,1.0336,26.0971,21.2,22,3.0984,22.0,44.2,45,3.0984,45.0,0.0,0
ewma,50,30K,h3,5,30720,22.0,15,1,59.7731,57.275,6.1909,67.4027,4.1444,4.2909,0.3418,4.3899,32.9415,32.47,6.2035,39.5046,0.0,0,0.0,0.0,24.451,24.132,0.9278,26.1253,21.2,22,3.0984,22.0,44.2,45,3.0984,45.0,0.0,0
ewma,50,30K,h3,6,30720,22.0,15,1,60.8397,60.169,7.4854,69.8622,4.0855,4.0845,0.4076,4.5726,33.4717,32.594,7.2886,41.2277,0.0,0,0.0,0.0,25.4143,26.0,1.1242,26.6119,21.2,22,3.0984,22.0,44.2,45,3.0984,45.0,0.0,0
ewma,50,30K,h3,7,30720,22.0,15,1,60.9567,59.671,6.7179,69.0579,4.0683,4.1186,0.3595,4.4533,33.6438,32.629,6.2152,40.0914,0.0,0,0.0,0.0,24.7216,23.851,1.2273,26.4038,21.2,22,3.0984,22.0,44.2,45,3.0984,45.0,0.0,0
ewma,50,30K,h3,8,30720,22.0,15,1,60.4295,60.423,6.8572,68.0254,4.107,4.0673,0.3843,4.5624,33.3291,32.519,6.9332,40.6923,0.0,0,0.0,0.0,25.401,25.863,1.5674,27.2604,21.2,22,3.0984,22.0,44.2,45,3.0984,45.0,0.0,0
ewma,50,30K,h3,9,30720,22.0,15,1,60.2522,59.714,6.9973,68.1136,4.1201,4.1156,0.3867,4.5369,33.9894,32.712,7.1374,41.3608,0.0,0,0.0,0.0,24.6759,24.045,1.2134,26.3658,21.2,22,3.0984,22.0,44.2,45,3.0984,45.0,0.0,0
ewma,50,30K,h3,10,30720,22.0,15,1,60.8429,59.155,6.6064,69.4042,4.0749,4.1545,0.3549,4.3914,33.7529,32.602,7.4972,41.5179,0.0,0,0.0,0.0,24.8342,24.059,1.2921,26.5914,21.2,22,3.0984,22.0,44.2,45,3.0984,45.0,0.0,0
ewma,50,30K,h4,1,30720,52.0,15,1,133.3843,128.8,18.2823,157.8279,1.8669,1.9081,0.1927,2.0388,68.4509,63.917,17.3544,89.6083,0.0,0,0.0,0.0,60.1687,60.066,3.2706,64.3005,21.2,22,3.0984,22.0,44.2,45,3.0984,45.0,0.0,0
ewma,50,30K,h4,2,30720,52.0,15,1,134.2047,130.746,20.069,156.1805,1.8588,1.8797,0.1997,2.0318,70.7813,67.72,19.3517,92.4906,0.0,0,0.0,0.0,61.557,60.882,4.2868,66.7963,21.2,22,3.0984,22.0,44.2,45,3.0984,45.0,0.0,0
ewma,50,30K,h4,3,30720,52.0,15,1,131.2211,128.278,19.7227,154.3517,1.9021,1.9158,0.2118,2.1385,68.2398,64.352,18.6696,89.351,0.0,0,0.0,0.0,60.1547,61.178,4.4438,66.0317,21.2,22,3.0984,22.0,44.2,45,3.0984,45.0,0.0,0
ewma,50,30K,h4,4,30720,52.0,15,1,136.3735,132.952,16.3846,156.163,1.8203,1.8485,0.1634,1.9395,70.8119,67.654,15.0966,88.1276,0.0,0,0.0,0.0,60.919,61.429,4.4755,66.9979,21.2,22,3.0984,22.0,44.2,45,3.0984,45.0,0.0,0
ewma,50,30K,h4,5,30720,52.0,15,1,136.2484,133.635,17.3004,156.2699,1.8241,1.839,0.1733,1.9963,70.8591,67.736,16.3113,89.5775,0.0,0,0.0,0.0,62.5375,61.961,4.6799,68.1651,21.2,22,3.0984,22.0,44.2,45,3.0984,45.0,0.0,0
ewma,50,30K,h4,6,30720,52.0,15,1,132.1997,128.652,17.7353,157.8943,1.883,1.9103,0.1937,2.0978,68.6935,64.841,14.7587,86.8854,0.0,0,0.0,0.0,61.4288,61.752,4.2711,67.0602,21.2,22,3.0984,22.0,44.2,45,3.0984,45.0,0.0,0
ewma,50,30K,h4,7,30720,52.0,15,1,133.5589,129.268,21.2936,157.5666,1.8708,1.9012,0.2093,2.0471,69.8271,64.212,20.7686,93.6873,0.0,0,0.0,0.0,61.0453,60.739,3.7793,66.834,21.2,22,3.0984,22.0,44.2,45,3.0984,45.0,0.0,0
ewma,50,30K,h4,8,30720,52.0,15,1,133.4329,128.577,15.6346,154.1471,1.8614,1.9114,0.1809,2.0676,69.1759,67.584,12.5608,84.3261,0.0,0,0.0,0.0,59.1463,57.913,4.9085,66.4835,21.2,22,3.0984,22.0,44.2,45,3.0984,45.0,0.0,0
ewma,50,30K,h4,9,30720,52.0,15,1,134.3392,132.403,15.4624,152.803,1.8471,1.8562,0.1664,2.0101,69.6632,67.093,16.5894,88.8878,0.0,0,0.0,0.0,60.8092,60.218,4.3696,66.7108,21.2,22,3.0984,22.0,44.2,45,3.0984,45.0,0.0,0
ewma,50,30K,h4,10,30720,52.0,15,1,135.2477,133.938,17.689,158.2207,1.8408,1.8349,0.1973,2.0711,71.0412,68.512,16.2944,89.3651,0.0,0,0.0,0.0,62.6791,62.908,4.7039,68.798,21.2,22,3.0984,22.0,44.2,45,3.0984,45.0,0.0,0
lossaware,50,30K,h2,1,30720,6.0,15,1,18.4983,18.225,1.0761,19.9339,13.3215,13.4848,0.6622,13.7613,11.9259,11.652,1.0852,13.3953,0.0,0,0.0,0.0,8.1001,8.141,0.2739,8.2764,21.2,22,3.0984,22.0,38.3333,38,1.6762,40.0,0.0,0
lossaware,50,30K,h2,2,30720,6.0,15,1,18.4177,18.143,1.1299,19.6057,13.3829,13.5457,0.6859,13.7304,11.8395,11.555,1.1246,13.0417,0.0,0,0.0,0.0,8.0807,8.141,0.2406,8.1986,21.2,22,3.0984,22.0,37.9333,38,1.4376,39.0,0.0,0
lossaware,50,30K,h2,3,30720,6.0,15,1,18.5632,18.213,1.5376,20.7041,13.3075,13.4937,0.887,13.8315,11.9628,11.533,1.4494,14.0296,0.0,0,0.0,0.0,8.1059,8.155,0.2433,8.2394,21.2,22,3.0984,22.0,38.1333,38,1.5523,39.3,0.0,0
lossaware,50,30K,h2,4,30720,6.0,15,1,18.4229,18.072,1.3218,19.8869,13.3926,13.5989,0.7883,13.9234,11.8704,11.547,1.2312,13.1367,0.0,0,0.0,0.0,8.1155,8.136,0.2065,8.261,21.2,22,3.0984,22.0,38.0667,38,1.5337,39.3,0.0,0
lossaware,50,30K,h2,5,30720,6.0,15,1,18.5586,18.141,1.196,20.6793,13.2864,13.5472,0.7328,13.6837,11.9021,11.604,1.152,13.757,0.0,0,0.0,0.0,8.0781,8.136,0.2591,8.2139,21.2,22,3.0984,22.0,38.0667,38,1.5337,39.3,0.0,0
lossaware,50,30K,h2,6,30720,6.0,15,1,18.5795,18.295,1.1489,20.1128,13.2675,13.4332,0.694,13.7174,11.8959,11.578,1.1608,13.6208,0.0,0,0.0,0.0,8.0722,8.127,0.2335,8.2478,21.2,22,3.0984,22.0,38.0667,38,1.4864,39.0,0.0,0
lossaware,50,30K,h2,7,30720,6.0,15,1,18.3097,18.149,1.1114,19.5502,13.4614,13.5412,0.6897,13.9779,11.7687,11.499,1.1169,12.9548,0.0,0,0.0,0.0,8.1061,8.175,0.2843,8.2366,21.2,22,3.0984,22.0,38.0667,38,1.5337,39.3,0.0,0
lossaware,50,30K,h2,8,30720,6.0,15,1,18.5022,18.281,1.0728,19.7711,13.3183,13.4435,0.6582,13.7644,11.8951,11.611,1.1081,13.3792,0.0,0,0.0,0.0,8.0811,8.115,0.2797,8.2633,21.2,22,3.0984,22.0,38.0667,38,1.5337,39.3,0.0,0
lossaware,50,30K,h2,9,30720,6.0,15,1,18.4353,18.137,1.4006,19.9063,13.3889,13.5502,0.8182,13.8216,11.8647,11.564,1.3351,13.2143,0.0,0,0.0,0.0,8.1007,8.155,0.2115,8.2562,21.2,22,3.0984,22.0,38.2667,38,1.6242,40.0,0.0,0
lossaware,50,30K,h2,10,30720,6.0,15,1,18.4534,18.149,1.1597,20.0162,13.3592,13.5412,0.706,13.7742,11.8568,11.566,1.1153,13.4706,0.0,0,0.0,0.0,8.0524,8.114,0.2694,8.2293,21.2,22,3.0984,22.0,38.5333,39,1.6847,40.0,0.0,0
lossaware,50,30K,h3,1,30720,22.0,15,1,60.7757,59.451,6.9355,68.9217,4.0821,4.1338,0.3631,4.4389,33.8793,32.907,6.7044,40.6823,0.0,0,0.0,0.0,25.1349,25.529,1.0754,26.3049,21.2,22,3.0984,22.0,44.2,45,3.0984,45.0,0.0,0
lossaware,50,30K,h3,2,30720,22.0,15,1,60.1727,59.088,7.269,68.7102,4.1279,4.1592,0.3917,4.5888,33.3811,32.766,6.2716,40.1247,0.0,0,0.0,0.0,24.7913,24.033,1.3414,26.7384,21.2,22,3.0984,22.0,44.2,45,3.0984,45.0,0.0,0
lossaware,50,30K,h3,3,30720,22.0,15,1,59.7335,59.188,6.772,67.9916,4.1542,4.1522,0.3816,4.5515,33.3557,32.748,7.1762,40.8318,0.0,0,0.0,0.0,24.8436,24.081,1.2488,26.6061,21.2,22,3.0984,22.0,44.2,45,3.0984,45.0,0.0,0
lossaware,50,30K,h3,4,30720,22.0,15,1,61.7196,60.525,7.6597,69.5353,4.0239,4.0605,0.3651,4.3457,34.5595,32.7,7.6165,42.0689,0.0,0,0.0,0.0,24.5031,23.948,1.209,26.6857,21.2,22,3.0984,22.0,44.2,45,3.0984,45.0,0.0,0
lossaware,50,30K,h3,5,30720,22.0,15,1,60.6191,58.866,8.4855,69.7676,4.1097,4.1749,0.4326,4.5404,33.7504,32.687,7.8975,42.0526,0.0,0,0.0,0.0,25.1569,24.739,1.3408,26.9902,21.2,22,3.0984,22.0,44.2,45,3.0984,45.0,0.0,0
lossaware,50,30K,h3,6,30720,22.0,15,1,60.4667,59.029,7.7473,69.1537,4.1105,4.1634,0.3882,4.4176,33.7026,32.71,7.3862,41.2186,0.0,0,0.0,0.0,24.8159,23.982,1.4135,27.1609,21.2,22,3.0984,22.0,44.2,45,3.0984,45.0,0.0,0
lossaware,50,30K,h3,7,30720,22.0,15,1,60.8163,59.713,6.3958,68.532,4.0738,4.1157,0.3364,4.3604,33.7389,32.682,6.0473,39.8543,0.0,0,0.0,0.0,25.0742,24.296,1.6893,27.4255,21.2,22,3.0984,22.0,44.2,45,3.0984,45.0,0.0,0
lossaware,50,30K,h3,8,30720,22.0,15,1,60.6099,58.746,7.3066,69.5196,4.0961,4.1834,0.3696,4.3524,34.275,32.764,7.4224,41.8017,0.0,0,0.0,0.0,24.5433,23.739,1.3237,26.869,21.2,22,3.0984,22.0,44.2,45,3.0984,45.0,0.0,0
lossaware,50,30K,h3,9,30720,22.0,15,1,61.2078,60.774,6.4543,67.8578,4.0478,4.0438,0.3335,4.3618,34.0981,32.447,7.2386,41.1797,0.0,0,0.0,0.0,24.4075,24.011,0.8238,25.9917,21.2,22,3.0984,22.0,44.2,45,3.0984,45.0,0.0,0
lossaware,50,30K,h3,10,30720,22.0,15,1,61.2986,60.966,7.4443,69.4966,4.0518,4.0311,0.3793,4.457,34.2869,32.894,8.0532,42.3419,0.0,0,0.0,0.0,25.4433,26.113,1.4101,27.2794,21.2,22,3.0984,22.0,44.2,45,3.0984,45.0,0.0,0
lossaware,50,30K,h4,1,30720,52.0,15,1,134.4717,130.192,18.1441,155.5861,1.8505,1.8877,0.1834,1.9925,69.3775,65.362,17.5239,88.1057,0.0,0,0.0,0.0,60.9365,62.166,4.4225,66.282,21.2,22,3.0984,22.0,44.2,45,3.0984,45.0,0.0,0
lossaware,50,30K,h4,2,30720,52.0,15,1,131.9012,129.758,15.5264,150.135,1.8819,1.894,0.1715,2.0768,69.4889,67.042,13.7342,85.7158,0.0,0,0.0,0.0,60.4919,60.745,3.2468,65.7722,21.2,22,3.0984,22.0,44.2,45,3.0984,45.0,0.0,0
lossaware,50,30K,h4,3,30720,52.0,15,1,132.0602,126.747,18.583,156.2583,1.8864,1.939,0.1954,2.0337,68.9549,64.487,17.391,90.225,0.0,0,0.0,0.0,61.1561,62.165,3.3974,64.9657,21.2,22,3.0984,22.0,44.2,45,3.0984,45.0,0.0,0
lossaware,50,30K,h4,4,30720,52.0,15,1,135.7383,131.18,18.3353,161.0775,1.8338,1.8735,0.1866,2.0007,69.5517,67.632,16.8293,89.5474,0.0,0,0.0,0.0,60.6345,61.063,4.2593,66.5164,21.2,22,3.0984,22.0,44.2,45,3.0984,45.0,0.0,0
lossaware,50,30K,h4,5,30720,52.0,15,1,133.2541,129.087,17.4958,154.6215,1.866,1.9038,0.1785,2.0143,68.0981,64.083,16.0326,87.374,0.0,0,0.0,0.0,60.2995,60.028,4.0326,66.1169,21.2,22,3.0984,22.0,44.2,45,3.0984,45.0,0.0,0
lossaware,50,30K,h4,6,30720,52.0,15,1,134.3345,132.153,15.4794,155.1072,1.8478,1.8597,0.1728,2.0252,70.4389,67.462,14.834,87.5149,0.0,0,0.0,0.0,60.2875,60.855,3.5544,63.8264,21.2,22,3.0984,22.0,44.2,45,3.0984,45.0,0.0,0
lossaware,50,30K,h4,7,30720,52.0,15,1,135.7631,131.017,17.7468,157.9872,1.832,1.8758,0.1802,2.0145,72.2114,68.647,16.6298,90.2512,0.0,0,0.0,0.0,62.0414,62.127,3.5514,66.4239,21.2,22,3.0984,22.0,44.2,45,3.0984,45.0,0.0,0
lossaware,50,30K,h4,8,30720,52.0,15,1,131.8588,128.894,15.1773,151.0667,1.8819,1.9067,0.1703,2.0353,67.4269,62.363,15.59,87.3205,0.0,0,0.0,0.0,59.6205,60.956,4.3543,65.0714,21.2,22,3.0984,22.0,44.2,45,3.0984,45.0,0.0,0
lossaware,50,30K,h4,9,30720,52.0,15,1,133.1009,128.588,18.6075,155.1268,1.8709,1.9112,0.1895,2.0271,70.0073,66.721,18.3965,89.6472,0.0,0,0.0,0.0,59.7938,60.216,3.8455,64.887,21.2,22,3.0984,22.0,44.2,45,3.0984,45.0,0.0,0
lossaware,50,30K,h4,10,30720,52.0,15,1,134.735,129.825,15.6887,153.9557,1.8422,1.893,0.1689,2.0055,70.145,67.766,15.783,88.6026,0.0,0,0.0,0.0,60.7959,61.962,3.8568,65.3012,21.2,22,3.0984,22.0,44.2,45,3.0984,45.0,0.0,0
lossaware-disc,50,30K,h2,1,30720,6.0,15,1,18.4417,18.183,1.0772,19.6542,13.3625,13.5159,0.6642,13.7683,11.8168,11.567,1.125,13.058,0.0,0,0.0,0.0,8.1172,8.155,0.2689,8.3446,21.2,22,3.0984,22.0,37.8667,38,1.4075,39.0,0.0,0
lossaware-disc,50,30K,h2,2,30720,6.0,15,1,18.4747,18.21,1.282,19.8542,13.3518,13.4959,0.7623,13.7945,11.8579,11.572,1.2688,13.2212,0.0,0,0.0,0.0,8.1105,8.156,0.2094,8.2575,21.2,22,3.0984,22.0,38.0,38,1.4639,39.0,0.0,0
lossaware-disc,50,30K,h2,3,30720,6.0,15,1,18.5365,18.169,1.1879,20.3777,13.3014,13.5263,0.7244,13.7331,11.9006,11.606,1.094,13.6224,0.0,0,0.0,0.0,8.0661,8.146,0.2633,8.191,21.2,22,3.0984,22.0,37.9333,38,1.4864,39.3,0.0,0
lossaware-disc,50,30K,h2,4,30720,6.0,15,1,18.4517,18.217,1.3329,19.919,13.3722,13.4907,0.7883,13.881,11.7863,11.482,1.2352,13.0749,0.0,0,0.0,0.0,8.0879,8.112,0.2272,8.2581,21.2,22,3.0984,22.0,38.2,38,1.5675,39.3,0.0,0
lossaware-disc,50,30K,h2,5,30720,6.0,15,1,18.4985,18.2,1.4695,20.0198,13.3481,13.5033,0.8459,13.8383,11.8966,11.497,1.4507,13.4349,0.0,0,0.0,0.0,8.1311,8.124,0.213,8.3439,21.2,22,3.0984,22.0,38.2667,39,1.5796,39.3,0.0,0
lossaware-disc,50,30K,h2,6,30720,6.0,15,1,18.5069,18.197,1.3456,19.8879,13.3326,13.5055,0.7845,13.7236,11.8735,11.583,1.2666,13.2024,0.0,0,0.0,0.0,8.0657,8.102,0.1922,8.1894,21.2,22,3.0984,22.0,38.3333,39,1.633,40.0,0.0,0
lossaware-disc,50,30K,h2,7,30720,6.0,15,1,18.6457,18.198,1.546,20.5914,13.2481,13.5048,0.8738,13.7002,11.9865,11.582,1.5239,13.8877,0.0,0,0.0,0.0,8.0864,8.102,0.2253,8.3155,21.2,22,3.0984,22.0,38.3333,39,1.633,40.0,0.0,0
lossaware-disc,50,30K,h2,8,30720,6.0,15,1,18.4249,18.175,1.083,19.6472,13.3749,13.5219,0.6642,13.7298,11.8098,11.54,1.1089,12.9726,0.0,0,0.0,0.0,8.0824,8.108,0.2455,8.2602,21.2,22,3.0984,22.0,38.2667,38,1.6676,40.0,0.0,0
lossaware-disc,50,30K,h2,9,30720,6.0,15,1,18.4309,18.178,1.2299,19.7702,13.3803,13.5196,0.7417,13.8409,11.8257,11.442,1.1843,13.1399,0.0,0,0.0,0.0,8.1117,8.146,0.2164,8.2515,21.2,22,3.0984,22.0,38.3333,39,1.633,40.0,0.0,0
lossaware-disc,50,30K,h2,10,30720,6.0,15,1,18.4271,18.186,1.1023,19.6792,13.3744,13.5137,0.672,13.7148,11.789,11.508,1.1048,13.0627,0.0,0,0.0,0.0,8.0931,8.149,0.2661,8.2399,21.2,22,3.0984,22.0,38.1333,38,1.5523,39.3,0.0,0
lossaware-disc,50,30K,h3,1,30720,22.0,15,1,60.92,60.043,6.0918,68.0274,4.0636,4.0931,0.3176,4.312,33.8729,32.626,6.7189,40.7878,0.0,0,0.0,0.0,24.6129,24.064,1.0924,26.4383,21.2,22,3.0984,22.0,44.2,45,3.0984,45.0,0.0,0
lossaware-disc,50,30K,h3,2,30720,22.0,15,1,60.0645,58.457,7.5488,68.5912,4.1363,4.2041,0.3841,4.4257,33.9368,32.72,7.8365,41.8735,0.0,0,0.0,0.0,24.5916,23.912,1.061,26.1397,21.2,22,3.0984,22.0,44.2,45,3.0984,45.0,0.0,0
lossaware-disc,50,30K,h3,3,30720,22.0,15,1,58.6204,57.551,6.7552,66.6542,4.2339,4.2703,0.3908,4.6905,32.1557,31.629,6.1619,39.0616,0.0,0,0.0,0.0,24.3703,23.921,1.0936,26.4702,21.2,22,3.0984,22.0,44.2,45,3.0984,45.0,0.0,0
lossaware-disc,50,30K,h3,4,30720,22.0,15,1,61.5203,59.821,9.075,71.2639,4.054,4.1083,0.4373,4.4654,34.4069,32.742,8.3333,42.6559,0.0,0,0.0,0.0,24.9395,24.446,1.3555,27.1315,21.2,22,3.0984,22.0,44.2,45,3.0984,45.0,0.0,0
lossaware-disc,50,30K,h3,5,30720,22.0,15,1,59.7236,58.361,7.5407,69.6285,4.1628,4.211,0.4121,4.5371,32.6593,32.629,6.9504,40.0904,0.0,0,0.0,0.0,24.2674,23.881,1.1315,26.4022,21.2,22,3.0984,22.0,44.2,45,3.0984,45.0,0.0,0
lossaware-disc,50,30K,h3,6,30720,22.0,15,1,60.8953,59.74,7.203,69.3581,4.0763,4.1138,0.3698,4.4267,33.9166,32.527,6.6698,40.5957,0.0,0,0.0,0.0,24.4746,24.036,1.0455,26.4982,21.2,22,3.0984,22.0,44.2,45,3.0984,45.0,0.0,0
lossaware-disc,50,30K,h3,7,30720,22.0,15,1,62.4311,61.399,6.226,71.5808,3.9657,4.0027,0.3158,4.2344,34.2498,32.859,6.0157,42.8569,0.0,0,0.0,0.0,24.7059,24.063,1.4273,27.2728,21.2,22,3.0984,22.0,44.2,45,3.0984,45.0,0.0,0
lossaware-disc,50,30K,h3,8,30720,22.0,15,1,61.6733,60.46,7.3036,69.8556,4.0236,4.0648,0.3515,4.2681,33.936,32.477,7.8706,41.7062,0.0,0,0.0,0.0,24.5226,23.917,1.1525,26.632,21.2,22,3.0984,22.0,44.2,45,3.0984,45.0,0.0,0
lossaware-disc,50,30K,h3,9,30720,22.0,15,1,60.6559,59.173,7.9808,69.383,4.0994,4.1532,0.3912,4.4134,33.2712,32.338,7.8607,41.7987,0.0,0,0.0,0.0,24.8689,24.531,1.3524,26.6792,21.2,22,3.0984,22.0,44.2,45,3.0984,45.0,0.0,0
lossaware-disc,50,30K,h3,10,30720,22.0,15,1,61.9849,60.452,7.9443,70.4532,4.0088,4.0654,0.369,4.2389,34.1688,32.609,7.6763,41.986,0.0,0,0.0,0.0,24.668,23.911,1.2791,26.6025,21.2,22,3.0984,22.0,44.2,45,3.0984,45.0,0.0,0
lossaware-disc,50,30K,h4,1,30720,52.0,15,1,133.6801,133.456,13.3623,151.9233,1.8532,1.8415,0.1598,2.0173,70.3893,67.81,14.0501,86.4267,0.0,0,0.0,0.0,61.3369,61.981,4.3127,67.1453,21.2,22,3.0984,22.0,43.8667,45,4.3894,45.0,0.0,0
lossaware-disc,50,30K,h4,2,30720,52.0,15,1,131.9727,129.044,15.4563,151.26,1.8807,1.9045,0.1706,2.0601,69.5131,66.598,15.1679,87.8435,0.0,0,0.0,0.0,59.7597,60.145,4.0198,66.0869,21.2,22,3.0984,22.0,43.8667,45,4.3894,45.0,0.0,0
lossaware-disc,50,30K,h4,3,30720,52.0,15,1,133.0491,130.493,17.4915,154.2916,1.8706,1.8833,0.1945,2.1009,70.0107,66.983,16.5469,88.3773,0.0,0,0.0,0.0,58.6323,58.797,3.2892,62.892,21.2,22,3.0984,22.0,44.2,45,3.0984,45.0,0.0,0
lossaware-disc,50,30K,h4,4,30720,52.0,15,1,133.3889,130.586,17.8088,154.0771,1.8664,1.882,0.1952,2.0779,69.9942,65.565,17.8363,90.5332,0.0,0,0.0,0.0,59.2962,59.132,4.0692,65.5797,21.2,22,3.0984,22.0,44.2,45,3.0984,45.0,0.0,0
lossaware-disc,50,30K,h4,5,30720,52.0,15,1,131.7351,125.298,18.0109,153.4613,1.8892,1.9614,0.187,2.0175,68.6302,64.354,16.5895,87.1853,0.0,0,0.0,0.0,60.1457,60.968,3.9902,65.2156,21.2,22,3.0984,22.0,44.2,45,3.0984,45.0,0.0,0
lossaware-disc,50,30K,h4,6,30720,52.0,15,1,132.9933,127.023,19.7171,155.4309,1.8745,1.9348,0.193,2.0097,68.541,63.579,18.5632,90.6776,0.0,0,0.0,0.0,59.9669,59.981,4.1919,66.5074,21.2,22,3.0984,22.0,44.2,45,3.0984,45.0,0.0,0
lossaware-disc,50,30K,h4,7,30720,52.0,15,1,133.2431,131.24,17.2591,154.5193,1.8673,1.8726,0.1916,2.0662,68.8279,65.669,16.6798,87.5261,0.0,0,0.0,0.0,59.1547,59.963,3.5338,64.7731,21.2,22,3.0984,22.0,44.2,45,3.0984,45.0,0.0,0
lossaware-disc,50,30K,h4,8,30720,52.0,15,1,131.8963,128.809,17.9022,154.3727,1.8875,1.9079,0.1938,2.0829,68.5317,62.649,18.3109,91.0566,0.0,0,0.0,0.0,59.9486,59.987,4.1532,65.5006,21.2,22,3.0984,22.0,44.2,45,3.0984,45.0,0.0,0
lossaware-disc,50,30K,h4,9,30720,52.0,15,1,132.1125,130.65,16.2769,153.135,1.881,1.8811,0.1834,2.1143,69.8027,67.766,15.8277,88.4717,0.0,0,0.0,0.0,61.462,62.325,3.0865,65.6579,21.2,22,3.0984,22.0,43.8667,45,4.3894,45.0,0.0,0
lossaware-disc,50,30K,h4,10,30720,52.0,15,1,136.0247,133.368,16.9871,158.3579,1.8273,1.8427,0.1788,1.9935,69.7391,64.161,18.1234,90.9512,0.0,0,0.0,0.0,60.7443,61.632,4.8097,66.9306,21.2,22,3.0984,22.0,44.2,45,3.0984,45.0,0.0,0
metrics,50,30K,h2,1,30720,6.0,15,1,22.7855,22.485,0.9191,24.7733,10.8013,10.93,0.4119,11.1871,16.2007,15.911,0.8508,18.1865,0.0,0,0.0,0.0,7.2658,7.243,0.121,7.4699,10.0,10,0.0,10.0,33.0,33,0.0,33.0,0.0,0
metrics,50,30K,h2,2,30720,6.0,15,1,22.2111,22.039,0.3825,22.7862,11.0678,11.1511,0.1892,11.3033,15.7267,15.559,0.3827,16.3332,0.0,0,0.0,0.0,7.1875,7.154,0.0872,7.3292,10.0,10,0.0,10.0,33.0,33,0.0,33.0,0.0,0
metrics,50,30K,h2,3,30720,6.0,15,1,22.6468,22.428,0.4642,23.4852,10.856,10.9577,0.2173,11.0525,15.9998,15.819,0.4685,16.9052,0.0,0,0.0,0.0,7.2265,7.206,0.1146,7.4158,10.0,10,0.0,10.0,33.0,33,0.0,33.0,0.0,0
metrics,50,30K,h2,4,30720,6.0,15,1,22.7651,22.506,0.6442,24.1008,10.8033,10.9198,0.2961,11.0801,16.1374,15.863,0.5691,17.3972,0.0,0,0.0,0.0,7.3065,7.245,0.1104,7.5361,10.0,10,0.0,10.0,33.0,33,0.0,33.0,0.0,0
metrics,50,30K,h2,5,30720,6.0,15,1,22.9109,22.75,0.7129,24.2016,10.7362,10.8026,0.3255,11.0666,16.2175,15.921,0.7229,17.5976,0.0,0,0.0,0.0,7.3391,7.326,0.1563,7.6216,10.0,10,0.0,10.0,33.0,33,0.0,33.0,0.0,0
metrics,50,30K,h2,6,30720,6.0,15,1,22.8704,22.552,0.825,24.2353,10.7583,10.8975,0.3715,11.095,16.2519,15.877,0.7735,17.483,0.0,0,0.0,0.0,7.3038,7.288,0.1521,7.5573,10.0,10,0.0,10.0,33.0,33,0.0,33.0,0.0,0
metrics,50,30K,h2,7,30720,6.0,15,1,22.4229,22.353,0.3496,23.0082,10.9627,10.9945,0.1702,11.1949,15.9063,15.837,0.3209,16.4075,0.0,0,0.0,0.0,7.2695,7.24,0.0963,7.4114,10.0,10,0.0,10.0,33.0,33,0.0,33.0,0.0,0
metrics,50,30K,h2,8,30720,6.0,15,1,22.6141,22.467,0.3498,23.1689,10.8699,10.9387,0.1667,11.0625,15.9386,15.803,0.3432,16.5447,0.0,0,0.0,0.0,7.2625,7.258,0.0866,7.4089,10.0,10,0.0,10.0,33.0,33,0.0,33.0,0.0,0
metrics,50,30K,h2,9,30720,6.0,15,1,22.465,22.375,0.3268,23.0427,10.9418,10.9837,0.1576,11.1591,15.8225,15.719,0.3012,16.3121,0.0,0,0.0,0.0,7.2339,7.225,0.0837,7.3565,10.0,10,0.0,10.0,33.0,33,0.0,33.0,0.0,0
metrics,50,30K,h2,10,30720,6.0,15,1,22.6294,22.507,0.5398,23.6938,10.8658,10.9193,0.2533,11.1515,16.0845,15.869,0.499,17.113,0.0,0,0.0,0.0,7.3251,7.29,0.1124,7.5688,10.0,10,0.0,10.0,33.0,33,0.0,33.0,0.0,0
metrics,50,30K,h3,1,30720,22.0,15,1,86.3507,86.098,2.4908,90.1099,2.8483,2.8544,0.0816,2.9557,58.3293,58.078,2.2053,61.3858,0.0,0,0.0,0.0,26.7711,26.854,1.31,29.308,10.0,10,0.0,10.0,33.0,33,0.0,33.0,0.0,0
metrics,50,30K,h3,2,30720,22.0,15,1,78.2324,78.149,1.5782,80.5896,3.1426,3.1448,0.063,3.2135,53.4857,53.684,1.3651,55.1564,0.0,0,0.0,0.0,23.9768,24.11,0.3364,24.3754,10.0,10,0.0,10.0,33.0,33,0.0,33.0,0.0,0
metrics,50,30K,h3,3,30720,22.0,15,1,86.1301,86.533,4.4916,92.0105,2.861,2.8401,0.1576,3.1123,59.3591,58.945,4.0031,64.5986,0.0,0,0.0,0.0,26.1298,26.674,1.581,27.775,10.0,10,0.0,10.0,33.0,33,0.0,33.0,0.0,0
metrics,50,30K,h3,4,30720,22.0,15,1,85.5482,85.98,4.6689,90.9908,2.8811,2.8583,0.1641,3.1994,57.883,57.738,3.957,62.6766,0.0,0,0.0,0.0,25.7971,26.027,1.3886,27.515,10.0,10,0.0,10.0,33.0,33,0.0,33.0,0.0,0
metrics,50,30K,h3,5,30720,22.0,15,1,87.4104,88.253,2.8074,90.7016,2.8143,2.7847,0.0903,2.9471,61.1508,61.643,2.8175,64.5263,0.0,0,0.0,0.0,26.6214,26.821,0.9929,27.6683,10.0,10,0.0,10.0,33.0,33,0.0,33.0,0.0,0
metrics,50,30K,h3,6,30720,22.0,15,1,86.4457,85.709,3.3194,91.3857,2.8469,2.8674,0.1095,3.0016,59.4707,59.387,2.8624,63.3134,0.0,0,0.0,0.0,25.5282,24.932,1.2592,27.2485,10.0,10,0.0,10.0,33.0,33,0.0,33.0,0.0,0
metrics,50,30K,h3,7,30720,22.0,15,1,87.2965,88.256,2.8086,90.55,2.818,2.7846,0.0932,2.9825,60.1717,59.644,2.5683,64.0202,0.0,0,0.0,0.0,25.9153,25.879,1.2906,27.5186,10.0,10,0.0,10.0,33.0,33,0.0,33.0,0.0,0
metrics,50,30K,h3,8,30720,22.0,15,1,85.239,84.946,3.2548,90.4672,2.8871,2.8931,0.1096,3.0531,57.8075,58.483,3.133,61.7087,0.0,0,0.0,0.0,26.0591,26.497,1.4051,27.694,10.0,10,0.0,10.0,33.0,33,0.0,33.0,0.0,0
metrics,50,30K,h3,9,30720,22.0,15,1,86.1323,87.712,3.4153,89.4729,2.8576,2.8019,0.1177,3.0721,58.9633,59.321,3.6362,63.5129,0.0,0,0.0,0.0,26.384,26.508,0.8275,27.4201,10.0,10,0.0,10.0,33.0,33,0.0,33.0,0.0,0
metrics,50,30K,h3,10,30720,22.0,15,1,86.6693,86.387,3.708,92.1023,2.8404,2.8449,0.1205,2.9942,60.2417,60.544,3.6181,65.0308,0.0,0,0.0,0.0,26.2837,26.706,1.2797,27.6977,10.0,10,0.0,10.0,33.0,33,0.0,33.0,0.0,0
metrics,50,30K,h4,1,30720,52.0,15,1,190.9618,190.46,5.69,199.6206,1.288,1.2903,0.0381,1.3345,129.6995,132.168,6.2499,137.1194,0.0,0,0.0,0.0,61.2793,62.741,4.2865,66.0699,10.0,10,0.0,10.0,32.6667,33,1.291,33.0,0.0,0
metrics,50,30K,h4,2,30720,52.0,15,1,175.1157,174.946,4.0237,180.8584,1.4041,1.4048,0.0318,1.451,117.5921,116.85,4.2281,124.387,0.0,0,0.0,0.0,57.2076,57.635,1.9436,59.6722,10.0,10,0.0,10.0,33.0,33,0.0,33.0,0.0,0
metrics,50,30K,h4,3,30720,52.0,15,1,191.2707,191.401,3.7364,195.3762,1.2853,1.284,0.0257,1.3235,127.7509,128.176,6.78,134.7698,0.0,0,0.0,0.0,61.8098,62.807,2.9259,65.7312,10.0,10,0.0,10.0,33.0,33,0.0,33.0,0.0,0
metrics,50,30K,h4,4,30720,52.0,15,1,192.1147,192.835,6.6168,200.0122,1.2807,1.2745,0.0442,1.3543,128.5157,127.806,5.1964,137.1232,0.0,0,0.0,0.0,62.4726,62.359,3.1736,67.9995,10.0,10,0.0,10.0,32.3333,33,1.7593,33.0,0.0,0
metrics,50,30K,h4,5,30720,52.0,15,1,189.7012,190.845,6.956,199.5087,1.2972,1.2877,0.048,1.3795,127.3042,128.742,6.277,134.2577,0.0,0,0.0,0.0,61.8458,62.141,3.711,66.2574,10.0,10,0.0,10.0,33.0,33,0.0,33.0,0.0,0
metrics,50,30K,h4,6,30720,52.0,15,1,193.0294,195.208,7.0763,202.0946,1.2748,1.259,0.0472,1.3439,129.2304,132.823,6.8481,137.6734,0.0,0,0.0,0.0,62.1931,61.939,3.4802,66.7439,10.0,10,0.0,10.0,32.3333,33,1.7593,33.0,0.0,0
metrics,50,30K,h4,7,30720,52.0,15,1,191.8409,192.012,5.4031,199.5809,1.282,1.2799,0.036,1.3384,129.114,128.966,5.7821,139.278,0.0,0,0.0,0.0,62.4384,62.802,3.693,67.3864,10.0,10,0.0,10.0,32.0,33,2.0702,33.0,0.0,0
metrics,50,30K,h4,8,30720,52.0,15,1,191.8736,192.632,6.4597,201.2775,1.2822,1.2758,0.0429,1.3415,126.3198,125.292,5.9286,138.3278,0.0,0,0.0,0.0,61.4089,61.662,3.6329,66.75,10.0,10,0.0,10.0,32.3333,33,1.7593,33.0,0.0,0
metrics,50,30K,h4,9,30720,52.0,15,1,196.6151,197.113,7.8088,207.1864,1.2518,1.2468,0.0501,1.33,131.6867,131.106,8.3353,144.07,0.0,0,0.0,0.0,62.6563,62.664,3.8615,67.9336,10.0,10,0.0,10.0,32.6667,33,1.291,33.0,0.0,0
metrics,50,30K,h4,10,30720,52.0,15,1,193.9465,192.204,7.0113,205.5215,1.2687,1.2786,0.0456,1.3326,130.1077,128.841,3.4581,135.7463,0.0,0,0.0,0.0,61.9699,62.693,2.2435,64.3098,10.0,10,0.0,10.0,32.6667,33,1.291,33.0,0.0,0
static10,50,30K,h2,1,30720,6.0,15,1,22.8018,22.663,0.6238,24.0088,10.7854,10.8441,0.288,11.1294,16.1911,16.04,0.5707,17.2967,0.0,0,0.0,0.0,7.2917,7.284,0.1251,7.4949,10.0,10,0.0,10.0,33.0,33,0.0,33.0,0.0,0
static10,50,30K,h2,2,30720,6.0,15,1,22.2951,22.192,0.4965,23.0865,11.0281,11.0743,0.2434,11.3141,15.8328,15.763,0.4667,16.5378,0.0,0,0.0,0.0,7.1747,7.122,0.1109,7.3407,10.0,10,0.0,10.0,33.0,33,0.0,33.0,0.0,0
static10,50,30K,h2,3,30720,6.0,15,1,22.8136,22.612,0.7235,24.2794,10.7823,10.8686,0.33,11.1358,16.2279,15.949,0.7322,17.8547,0.0,0,0.0,0.0,7.3013,7.3,0.1248,7.5399,10.0,10,0.0,10.0,33.0,33,0.0,33.0,0.0,0
static10,50,30K,h2,4,30720,6.0,15,1,22.7557,22.672,0.5237,23.6212,10.8052,10.8398,0.2444,11.0796,16.1853,15.98,0.5308,17.0806,0.0,0,0.0,0.0,7.3166,7.342,0.1512,7.5325,10.0,10,0.0,10.0,33.0,33,0.0,33.0,0.0,0
static10,50,30K,h2,5,30720,6.0,15,1,22.8625,22.646,0.6243,24.0531,10.7568,10.8522,0.2875,11.0765,16.2581,15.98,0.6597,17.493,0.0,0,0.0,0.0,7.3344,7.34,0.1126,7.4885,10.0,10,0.0,10.0,33.0,33,0.0,33.0,0.0,0
static10,50,30K,h2,6,30720,6.0,15,1,22.7133,22.602,0.5737,23.8005,10.8263,10.8734,0.2635,11.0995,16.1804,16.006,0.6277,17.4727,0.0,0,0.0,0.0,7.3043,7.266,0.1112,7.5277,10.0,10,0.0,10.0,33.0,33,0.0,33.0,0.0,0
static10,50,30K,h2,7,30720,6.0,15,1,22.6751,22.597,0.4228,23.3235,10.8417,10.8758,0.1965,11.0504,16.0645,15.966,0.3735,16.6241,0.0,0,0.0,0.0,7.2917,7.318,0.1031,7.4121,10.0,10,0.0,10.0,33.0,33,0.0,33.0,0.0,0
static10,50,30K,h2,8,30720,6.0,15,1,22.8571,22.609,0.7622,24.1632,10.7627,10.87,0.3425,11.1027,16.261,15.987,0.6513,17.5307,0.0,0,0.0,0.0,7.3466,7.358,0.1476,7.6149,10.0,10,0.0,10.0,33.0,33,0.0,33.0,0.0,0
static10,50,30K,h2,9,30720,6.0,15,1,22.783,22.709,0.6053,23.9461,10.7939,10.8221,0.2807,11.0906,16.2014,16.013,0.5664,17.2403,0.0,0,0.0,0.0,7.337,7.333,0.0922,7.4794,10.0,10,0.0,10.0,33.0,33,0.0,33.0,0.0,0
static10,50,30K,h2,10,30720,6.0,15,1,22.9683,22.637,0.8523,24.2844,10.7135,10.8566,0.3892,11.1037,16.36,15.819,0.8276,17.6944,0.0,0,0.0,0.0,7.3081,7.255,0.1405,7.5376,10.0,10,0.0,10.0,33.0,33,0.0,33.0,0.0,0
static10,50,30K,h3,1,30720,22.0,15,1,86.4031,86.717,1.9305,88.8786,2.8457,2.834,0.064,2.9484,59.4279,59.386,2.6111,63.1315,0.0,0,0.0,0.0,26.2833,26.819,1.534,28.0508,10.0,10,0.0,10.0,33.0,33,0.0,33.0,0.0,0
static10,50,30K,h3,2,30720,22.0,15,1,77.7591,78.297,1.8095,80.202,3.1621,3.1388,0.0741,3.2873,52.9435,53.136,1.2947,54.5594,0.0,0,0.0,0.0,24.0433,24.018,0.3732,24.5109,10.0,10,0.0,10.0,33.0,33,0.0,33.0,0.0,0
static10,50,30K,h3,3,30720,22.0,15,1,86.7991,86.493,4.7174,93.1955,2.8393,2.8414,0.1575,3.079,59.6027,57.97,3.8956,64.5017,0.0,0,0.0,0.0,26.2731,26.445,1.3703,27.7686,10.0,10,0.0,10.0,33.0,33,0.0,33.0,0.0,0
static10,50,30K,h3,4,30720,22.0,15,1,87.8899,88.166,3.4734,92.5726,2.8003,2.7875,0.1109,2.9614,60.6101,61.605,2.5178,63.7459,0.0,0,0.0,0.0,26.1279,26.481,1.1992,27.5848,10.0,10,0.0,10.0,33.0,33,0.0,33.0,0.0,0
static10,50,30K,h3,5,30720,22.0,15,1,85.6485,86.143,3.1432,89.0125,2.8731,2.8529,0.1092,3.0715,58.6081,58.579,3.2021,62.6055,0.0,0,0.0,0.0,25.9429,26.356,1.1342,27.2884,10.0,10,0.0,10.0,33.0,33,0.0,33.0,0.0,0
static10,50,30K,h3,6,30720,22.0,15,1,86.1731,86.185,4.3391,92.8273,2.8588,2.8515,0.1469,3.0652,58.9839,59.284,3.8467,64.5244,0.0,0,0.0,0.0,26.0955,25.968,1.3631,27.6553,10.0,10,0.0,10.0,33.0,33,0.0,33.0,0.0,0
static10,50,30K,h3,7,30720,22.0,15,1,87.2311,86.578,4.0403,93.5835,2.823,2.8386,0.1309,2.9885,60.0944,59.84,3.5243,64.4786,0.0,0,0.0,0.0,26.3682,26.771,1.189,27.7409,10.0,10,0.0,10.0,33.0,33,0.0,33.0,0.0,0
static10,50,30K,h3,8,30720,22.0,15,1,86.1742,88.304,4.4508,90.649,2.8593,2.7831,0.1541,3.0972,58.9357,59.261,3.8579,62.9997,0.0,0,0.0,0.0,25.5467,24.909,1.3573,27.5602,10.0,10,0.0,10.0,33.0,33,0.0,33.0,0.0,0
static10,50,30K,h3,9,30720,22.0,15,1,85.9299,85.051,4.3425,92.6569,2.8669,2.8896,0.1476,3.0686,58.5342,58.517,3.7472,64.6111,0.0,0,0.0,0.0,25.9946,26.265,1.3163,27.7367,10.0,10,0.0,10.0,33.0,33,0.0,33.0,0.0,0
static10,50,30K,h3,10,30720,22.0,15,1,86.7389,87.032,4.0014,90.9497,2.8392,2.8238,0.1353,3.0732,59.5274,59.72,3.1108,63.5719,0.0,0,0.0,0.0,26.3145,26.684,1.2209,27.5089,10.0,10,0.0,10.0,33.0,33,0.0,33.0,0.0,0
static10,50,30K,h4,1,30720,52.0,15,1,191.2148,192.453,9.0126,203.3528,1.2879,1.277,0.0608,1.3733,128.4165,129.567,6.8042,138.6352,0.0,0,0.0,0.0,62.4176,62.348,3.9126,68.4037,10.0,10,0.0,10.0,33.0,33,0.0,33.0,0.0,0
static10,50,30K,h4,2,30720,52.0,15,1,178.9693,179.459,4.6333,185.1503,1.3741,1.3694,0.0367,1.4369,118.9929,118.718,4.0715,123.5888,0.0,0,0.0,0.0,57.5094,58.018,2.6222,60.6978,10.0,10,0.0,10.0,33.0,33,0.0,33.0,0.0,0
static10,50,30K,h4,3,30720,52.0,15,1,195.0949,196.495,7.0082,203.8669,1.2612,1.2507,0.0459,1.3374,130.8407,131.333,5.9916,139.0926,0.0,0,0.0,0.0,62.1344,63.506,3.6941,66.9845,10.0,10,0.0,10.0,33.0,33,0.0,33.0,0.0,0
static10,50,30K,h4,4,30720,52.0,15,1,189.5889,187.851,7.8088,201.6012,1.2983,1.3083,0.0526,1.3704,128.2683,126.344,7.5784,138.9416,0.0,0,0.0,0.0,60.8435,60.452,3.9618,65.6485,10.0,10,0.0,10.0,32.6667,33,1.291,33.0,0.0,0
static10,50,30K,h4,5,30720,52.0,15,1,192.0207,190.129,8.205,203.9142,1.282,1.2926,0.0546,1.3649,127.3598,127.786,7.7721,138.2052,0.0,0,0.0,0.0,61.6613,62.936,3.5031,65.7655,10.0,10,0.0,10.0,32.6667,33,1.291,33.0,0.0,0
static10,50,30K,h4,6,30720,52.0,15,1,192.9577,192.514,6.536,200.1996,1.2751,1.2766,0.0445,1.3405,129.4362,128.809,6.1154,138.1736,0.0,0,0.0,0.0,62.0009,63.215,3.0315,65.8379,10.0,10,0.0,10.0,32.6667,33,1.291,33.0,0.0,0
static10,50,30K,h4,7,30720,52.0,15,1,189.7667,190.337,8.0118,200.2071,1.2973,1.2912,0.0556,1.389,125.9218,125.856,6.8477,137.6235,0.0,0,0.0,0.0,61.3131,61.113,3.4371,66.641,10.0,10,0.0,10.0,32.3333,33,1.7593,33.0,0.0,0
static10,50,30K,h4,8,30720,52.0,15,1,192.5949,192.36,5.7276,201.5237,1.2771,1.2776,0.0378,1.3233,129.1229,128.895,4.7939,135.7523,0.0,0,0.0,0.0,62.1018,62.427,2.6058,65.7055,10.0,10,0.0,10.0,32.6667,33,1.291,33.0,0.0,0
static10,50,30K,h4,9,30720,52.0,15,1,193.6261,195.857,10.0892,206.4233,1.2726,1.2548,0.0682,1.3748,129.7215,129.502,7.7742,139.129,0.0,0,0.0,0.0,61.7575,61.96,3.3464,66.152,10.0,10,0.0,10.0,33.0,33,0.0,33.0,0.0,0
static10,50,30K,h4,10,30720,52.0,15,1,191.7389,193.505,4.7674,197.8778,1.2825,1.27,0.0323,1.3335,127.6028,128.158,5.535,135.845,0.0,0,0.0,0.0,61.7511,62.747,3.8974,66.8348,10.0,10,0.0,10.0,32.3333,33,1.7593,33.0,0.0,0
statichigh,50,30K,h2,1,30720,6.0,15,1,18.1726,18.114,0.173,18.4725,13.5248,13.5674,0.1285,13.7315,11.4917,11.503,0.1709,11.7306,0.0,0,0.0,0.0,8.5889,8.573,0.1217,8.768,24.0,24,0.0,24.0,40.6,41,0.6325,41.3,0.0,0
statichigh,50,30K,h2,2,30720,6.0,15,1,18.1617,18.166,0.2155,18.543,13.5335,13.5286,0.1597,13.7296,11.5827,11.553,0.2386,12.054,0.0,0,0.0,0.0,8.5308,8.558,0.1618,8.7585,24.0,24,0.0,24.0,40.5333,40,0.6399,41.3,0.0,0
statichigh,50,30K,h2,3,30720,6.0,15,1,18.1592,18.107,0.2232,18.5135,13.5355,13.5727,0.1644,13.6934,11.4991,11.524,0.1745,11.7907,0.0,0,0.0,0.0,8.5847,8.575,0.1535,8.7795,24.0,24,0.0,24.0,40.6,41,0.6325,41.3,0.0,0
statichigh,50,30K,h2,4,30720,6.0,15,1,18.1365,18.057,0.3755,18.6509,13.5557,13.6102,0.2658,13.752,11.5268,11.47,0.2802,11.8809,0.0,0,0.0,0.0,8.5598,8.567,0.1697,8.7664,24.0,24,0.0,24.0,40.2667,40,0.4577,41.0,0.0,0
statichigh,50,30K,h2,5,30720,6.0,15,1,18.1839,18.125,0.2317,18.5693,13.5173,13.5592,0.1702,13.7008,11.6243,11.568,0.1999,11.9943,0.0,0,0.0,0.0,8.5825,8.589,0.1391,8.766,24.0,24,0.0,24.0,40.3333,40,0.488,41.0,0.0,0
statichigh,50,30K,h2,6,30720,6.0,15,1,18.1998,18.19,0.1647,18.392,13.5045,13.5107,0.1228,13.6946,11.5255,11.529,0.1653,11.7683,0.0,0,0.0,0.0,8.5875,8.586,0.051,8.6645,24.0,24,0.0,24.0,40.4,40,0.5071,41.0,0.0,0
statichigh,50,30K,h2,7,30720,6.0,15,1,18.0869,18.007,0.2318,18.5859,13.5898,13.648,0.1716,13.7479,11.5087,11.437,0.1741,11.8161,0.0,0,0.0,0.0,8.5596,8.554,0.109,8.7118,24.0,24,0.0,24.0,40.9333,41,0.7988,42.0,0.0,0
statichigh,50,30K,h2,8,30720,6.0,15,1,18.1538,18.139,0.2647,18.5499,13.5403,13.5487,0.1945,13.7636,11.5704,11.54,0.2459,12.0297,0.0,0,0.0,0.0,8.5611,8.568,0.1475,8.787,24.0,24,0.0,24.0,40.5333,41,0.5164,41.0,0.0,0
statichigh,50,30K,h2,9,30720,6.0,15,1,18.2281,18.255,0.2013,18.499,13.484,13.4626,0.1496,13.7117,11.5842,11.643,0.1791,11.7981,0.0,0,0.0,0.0,8.5681,8.584,0.1463,8.7559,24.0,24,0.0,24.0,40.3333,40,0.488,41.0,0.0,0
statichigh,50,30K,h2,10,30720,6.0,15,1,18.1464,18.18,0.1985,18.354,13.5447,13.5182,0.1503,13.8565,11.5172,11.537,0.1396,11.6906,0.0,0,0.0,0.0,8.5997,8.585,0.0732,8.7402,24.0,24,0.0,24.0,40.5333,41,0.5164,41.0,0.0,0
statichigh,50,30K,h3,1,30720,22.0,15,1,57.6698,57.969,2.6121,61.161,4.2697,4.2395,0.1948,4.5818,31.3683,32.327,1.6833,32.9013,0.0,0,0.0,0.0,24.5954,24.031,1.1175,26.2902,24.0,24,0.0,24.0,46.9333,47,0.2582,47.0,0.0,0
statichigh,50,30K,h3,2,30720,22.0,15,1,59.8541,59.952,1.3517,61.4145,4.108,4.0993,0.0938,4.2734,31.8391,32.481,1.702,33.2218,0.0,0,0.0,0.0,24.4427,23.771,1.1047,26.2375,24.0,24,0.0,24.0,47.0,47,0.0,47.0,0.0,0
statichigh,50,30K,h3,3,30720,22.0,15,1,59.3481,59.602,1.7924,61.7063,4.1446,4.1234,0.1269,4.3457,32.0921,32.51,1.3221,33.3042,0.0,0,0.0,0.0,24.4919,23.903,1.0915,26.4542,24.0,24,0.0,24.0,46.8,47,0.414,47.0,0.0,0
statichigh,50,30K,h3,4,30720,22.0,15,1,58.1635,58.011,2.2921,62.1565,4.2314,4.2364,0.1658,4.4758,31.9253,32.522,1.649,33.018,0.0,0,0.0,0.0,24.2608,23.803,1.0058,26.1626,24.0,24,0.0,24.0,47.0,47,0.0,47.0,0.0,0
statichigh,50,30K,h3,5,30720,22.0,15,1,59.2622,60.287,2.778,61.7756,4.1562,4.0765,0.2117,4.5152,31.9615,32.571,1.6448,33.0789,0.0,0,0.0,0.0,24.9481,24.441,1.3556,27.3104,24.0,24,0.0,24.0,46.6667,47,0.488,47.0,0.0,0
statichigh,50,30K,h3,6,30720,22.0,15,1,58.3141,58.145,1.7816,61.1869,4.218,4.2267,0.1274,4.3753,31.5815,32.407,1.7364,33.2199,0.0,0,0.0,0.0,25.0915,25.479,1.2562,26.6614,24.0,24,0.0,24.0,46.8667,47,0.3519,47.0,0.0,0
statichigh,50,30K,h3,7,30720,22.0,15,1,59.8245,60.087,1.9682,62.0748,4.1123,4.0901,0.1402,4.3916,31.8459,32.425,1.6254,33.1785,0.0,0,0.0,0.0,24.6003,23.935,1.0707,26.3026,24.0,24,0.0,24.0,46.9333,47,0.2582,47.0,0.0,0
statichigh,50,30K,h3,8,30720,22.0,15,1,59.1566,59.479,2.83,62.4068,4.1637,4.1319,0.2085,4.4994,32.4091,32.574,1.1397,33.7368,0.0,0,0.0,0.0,24.2129,23.969,0.8572,26.057,24.0,24,0.0,24.0,47.0,47,0.0,47.0,0.0,0
statichigh,50,30K,h3,9,30720,22.0,15,1,58.956,58.965,1.9981,61.6217,4.173,4.1679,0.1428,4.4005,31.4391,32.564,1.9888,33.211,0.0,0,0.0,0.0,24.8779,23.791,1.925,27.6913,24.0,24,0.0,24.0,46.9333,47,0.2582,47.0,0.0,0
statichigh,50,30K,h3,10,30720,22.0,15,1,58.554,58.53,2.3285,61.6668,4.2035,4.1989,0.1711,4.5169,31.5029,32.239,1.5615,32.9308,0.0,0,0.0,0.0,24.7031,23.863,1.2458,26.8211,24.0,24,0.0,24.0,46.8667,47,0.3519,47.0,0.0,0
statichigh,50,30K,h4,1,30720,52.0,15,1,128.4165,129.245,6.3328,137.6997,1.9181,1.9015,0.0943,2.0581,63.9885,63.364,3.6212,69.1961,0.0,0,0.0,0.0,59.2594,58.741,3.6035,64.774,24.0,24,0.0,24.0,46.9333,47,0.2582,47.0,0.0,0
statichigh,50,30K,h4,2,30720,52.0,15,1,128.5435,129.185,5.5191,135.9134,1.9152,1.9024,0.0838,2.0449,66.2151,66.604,3.0376,70.6267,0.0,0,0.0,0.0,60.4991,60.08,4.9929,68.3209,24.0,24,0.0,24.0,46.8667,47,0.3519,47.0,0.0,0
statichigh,50,30K,h4,3,30720,52.0,15,1,126.9031,126.757,6.1043,137.6531,1.9408,1.9388,0.093,2.0759,63.8355,63.8,3.317,68.4824,0.0,0,0.0,0.0,59.9934,60.26,3.633,65.0929,24.0,24,0.0,24.0,46.8667,47,0.3519,47.0,0.0,0
statichigh,50,30K,h4,4,30720,52.0,15,1,129.5623,130.631,6.5122,138.3214,1.9014,1.8813,0.0964,2.0449,65.8882,65.73,5.3435,72.7738,0.0,0,0.0,0.0,60.0725,60.76,4.3111,65.6925,24.0,24,0.0,24.0,46.9333,47,0.2582,47.0,0.0,0
statichigh,50,30K,h4,5,30720,52.0,15,1,127.7414,128.434,4.3471,132.3762,1.926,1.9135,0.0665,2.0529,65.0834,64.363,3.7179,70.8112,0.0,0,0.0,0.0,59.1567,60.318,4.2173,64.5704,24.0,24,0.0,24.0,46.8667,47,0.3519,47.0,0.0,0
statichigh,50,30K,h4,6,30720,52.0,15,1,128.4764,127.34,5.8188,137.0713,1.9165,1.93,0.0854,2.0175,65.4028,66.958,3.7432,69.1719,0.0,0,0.0,0.0,60.0905,60.123,3.9802,64.866,24.0,24,0.0,24.0,46.8,47,0.414,47.0,0.0,0
statichigh,50,30K,h4,7,30720,52.0,15,1,130.0566,129.996,4.2908,136.1166,1.8916,1.8905,0.0627,1.9941,66.1837,65.211,3.4153,71.9887,0.0,0,0.0,0.0,59.1925,59.348,4.2151,66.1757,24.0,24,0.0,24.0,46.9333,47,0.2582,47.0,0.0,0
statichigh,50,30K,h4,8,30720,52.0,15,1,131.8717,131.728,5.6226,139.936,1.8668,1.8657,0.08,1.9897,67.1858,67.941,3.9498,72.7492,0.0,0,0.0,0.0,60.5211,60.537,4.1293,66.1128,24.0,24,0.0,24.0,46.8667,47,0.3519,47.0,0.0,0
statichigh,50,30K,h4,9,30720,52.0,15,1,127.3511,125.977,4.3909,135.4854,1.9319,1.9508,0.0643,1.9922,64.9321,65.735,3.3205,69.0215,0.0,0,0.0,0.0,59.1982,59.231,3.9908,65.4291,24.0,24,0.0,24.0,46.8667,47,0.3519,47.0,0.0,0
statichigh,50,30K,h4,10,30720,52.0,15,1,130.2925,128.855,5.9313,139.5276,1.8898,1.9073,0.0848,1.9959,64.8828,65.091,3.7454,69.9606,0.0,0,0.0,0.0,60.1952,60.92,4.0754,66.7231,24.0,24,0.0,24.0,46.8667,47,0.3519,47.0,0.0,0
ewma,100,10K,h2,1,10240,6.0,15,1,13.9791,13.893,0.1993,14.2835,5.8613,5.8965,0.0827,5.9492,7.327,7.299,0.1423,7.6333,0.0,0,0.0,0.0,6.5563,6.449,0.2139,6.9661,10.0,10,0.0,10.0,18.0,18,0.0,18.0,0.0,0
ewma,100,10K,h2,2,10240,6.0,15,1,13.9693,13.944,0.1632,14.2325,5.865,5.8749,0.0681,5.9571,7.3661,7.361,0.1307,7.5698,0.0,0,0.0,0.0,6.545,6.457,0.1706,6.8363,10.0,10,0.0,10.0,18.0,18,0.0,18.0,0.0,0
ewma,100,10K,h2,3,10240,6.0,15,1,13.8575,13.911,0.1935,14.0524,5.9127,5.8889,0.0837,6.08,7.2585,7.24,0.0971,7.4171,0.0,0,0.0,0.0,6.4637,6.487,0.0697,6.5369,10.0,10,0.0,10.0,18.0,18,0.0,18.0,0.0,0
ewma,100,10K,h2,4,10240,6.0,15,1,13.796,13.801,0.1662,14.0238,5.9388,5.9358,0.0717,6.0528,7.2515,7.245,0.085,7.3628,0.0,0,0.0,0.0,6.5142,6.434,0.1472,6.7142,10.0,10,0.0,10.0,18.0,18,0.0,18.0,0.0,0
ewma,100,10K,h2,5,10240,6.0,15,1,13.8714,13.88,0.2778,14.2212,5.9079,5.902,0.1166,6.0626,7.2801,7.28,0.1457,7.5021,0.0,0,0.0,0.0,6.4989,6.452,0.1669,6.7876,10.0,10,0.0,10.0,18.0,18,0.0,18.0,0.0,0
ewma,100,10K,h2,6,10240,6.0,15,1,14.0234,13.932,0.3863,14.62,5.8456,5.88,0.1541,5.9947,7.4047,7.355,0.286,7.8311,0.0,0,0.0,0.0,6.5625,6.448,0.2704,7.0831,10.0,10,0.0,10.0,18.0667,18,0.2582,18.3,0.0,0
ewma,100,10K,h2,7,10240,6.0,15,1,13.908,13.872,0.1794,14.1593,5.891,5.9054,0.0746,5.9848,7.3128,7.293,0.2024,7.5893,0.0,0,0.0,0.0,6.5183,6.483,0.1689,6.8076,10.0,10,0.0,10.0,18.0,18,0.0,18.0,0.0,0
ewma,100,10K,h2,8,10240,6.0,15,1,13.9281,13.869,0.2596,14.3582,5.8835,5.9067,0.1074,6.0045,7.3793,7.281,0.2193,7.7518,0.0,0,0.0,0.0,6.5608,6.455,0.2315,6.9697,10.0,10,0.0,10.0,18.0,18,0.0,18.0,0.0,0
ewma,100,10K,h2,9,10240,6.0,15,1,14.1015,13.992,0.4146,14.9198,5.8138,5.8548,0.1644,5.9847,7.471,7.328,0.3778,8.3051,0.0,0,0.0,0.0,6.6322,6.48,0.3318,7.2761,10.0,10,0.0,10.0,18.0,18,0.0,18.0,0.0,0
ewma,100,10K,h2,10,10240,6.0,15,1,13.9371,13.933,0.2023,14.2107,5.879,5.8796,0.0856,6.0165,7.3323,7.271,0.1869,7.6023,0.0,0,0.0,0.0,6.5479,6.549,0.1418,6.7582,10.0,10,0.0,10.0,18.0,18,0.0,18.0,0.0,0
ewma,100,10K,h3,1,10240,22.0,15,1,56.4081,56.766,3.097,60.5853,1.4564,1.4431,0.0798,1.5715,29.0819,29.036,3.3096,33.5401,0.0,0,0.0,0.0,26.3978,26.323,1.6651,28.7262,10.0,10,0.0,10.0,18.0,18,0.0,18.0,0.0,0
ewma,100,10K,h3,2,10240,22.0,15,1,56.4909,56.232,3.073,61.2259,1.4541,1.4568,0.0789,1.5657,30.1875,29.866,1.7095,33.0155,0.0,0,0.0,0.0,26.5229,25.967,1.4886,28.8817,10.0,10,0.0,10.0,18.0,18,0.0,18.0,0.0,0
ewma,100,10K,h3,3,10240,22.0,15,1,55.7759,57.022,3.5084,59.4122,1.4745,1.4366,0.0992,1.6384,28.9447,29.04,2.1656,32.2227,0.0,0,0.0,0.0,26.228,26.451,1.4348,28.0355,10.0,10,0.0,10.0,18.0,18,0.0,18.0,0.0,0
ewma,100,10K,h3,4,10240,22.0,15,1,56.9208,57.825,3.1875,60.8287,1.4436,1.4167,0.085,1.5727,29.9028,29.376,2.035,32.553,0.0,0,0.0,0.0,26.7261,26.215,1.7772,29.2873,10.0,10,0.0,10.0,18.0,18,0.0,18.0,0.0,0
ewma,100,10K,h3,5,10240,22.0,15,1,57.639,57.287,2.2215,62.2225,1.4232,1.43,0.0527,1.4769,30.1747,29.508,1.9866,33.1118,0.0,0,0.0,0.0,26.8151,26.526,1.2476,28.8875,10.0,10,0.0,10.0,18.0,18,0.0,18.0,0.0,0
ewma,100,10K,h3,6,10240,22.0,15,1,56.7242,57.567,3.0001,59.8099,1.4481,1.423,0.0798,1.5753,29.6127,30.0,2.9061,32.6168,0.0,0,0.0,0.0,26.8335,27.0,1.6345,29.0441,10.0,10,0.0,10.0,18.0667,18,0.2582,18.3,0.0,0
ewma,100,10K,h3,7,10240,22.0,15,1,56.4855,56.565,2.7867,60.61,1.4536,1.4482,0.0727,1.5687,30.3507,30.226,2.6654,33.4179,0.0,0,0.0,0.0,26.6003,26.48,1.488,28.7175,10.0,10,0.0,10.0,18.0,18,0.0,18.0,0.0,0
ewma,100,10K,h3,8,10240,22.0,15,1,56.4655,56.558,2.7322,60.5618,1.4539,1.4484,0.0693,1.5484,29.3817,29.041,2.7038,32.9358,0.0,0,0.0,0.0,26.3784,26.3,1.421,28.4304,10.0,10,0.0,10.0,18.0,18,0.0,18.0,0.0,0
ewma,100,10K,h3,9,10240,22.0,15,1,57.0267,57.485,2.8624,60.96,1.44,1.4251,0.0745,1.5664,29.7717,30.006,2.8141,33.3742,0.0,0,0.0,0.0,26.6675,26.412,1.5158,29.0995,10.0,10,0.0,10.0,18.0,18,0.0,18.0,0.0,0
ewma,100,10K,h3,10,10240,22.0,15,1,57.3205,58.076,2.9544,61.4094,1.4328,1.4106,0.0748,1.5569,30.0973,29.65,2.4,33.1673,0.0,0,0.0,0.0,26.7205,26.414,1.3952,28.9343,10.0,10,0.0,10.0,18.0,18,0.0,18.0,0.0,0
ewma,100,10K,h4,1,10240,52.0,15,1,126.8849,128.377,5.5344,132.0269,0.6469,0.6381,0.0303,0.694,63.5949,64.153,3.7235,69.2329,0.0,0,0.0,0.0,62.33,63.736,3.4362,65.9163,10.0,10,0.0,10.0,18.0,18,0.0,18.0,0.0,0
ewma,100,10K,h4,2,10240,52.0,15,1,128.0906,127.658,8.8543,140.8506,0.6424,0.6417,0.0448,0.7157,63.6503,63.355,5.3561,71.6104,0.0,0,0.0,0.0,60.8811,62.067,3.9538,65.8108,10.0,10,0.0,10.0,18.0,18,0.0,18.0,0.0,0
ewma,100,10K,h4,3,10240,52.0,15,1,125.7047,125.72,8.2484,138.5258,0.6543,0.6516,0.0426,0.7121,62.4713,63.512,4.8632,68.2602,0.0,0,0.0,0.0,61.7205,63.087,3.8998,66.3453,10.0,10,0.0,10.0,18.0,18,0.0,18.0,0.0,0
ewma,100,10K,h4,4,10240,52.0,15,1,132.0645,132.898,6.1028,140.6492,0.6216,0.6164,0.0295,0.6773,67.1672,68.427,4.7597,72.7473,0.0,0,0.0,0.0,64.0546,64.634,3.43,68.7672,10.0,10,0.0,10.0,18.0,18,0.0,18.0,0.0,0
ewma,100,10K,h4,5,10240,52.0,15,1,128.6003,130.103,5.6811,137.1607,0.6382,0.6297,0.0286,0.685,64.1505,63.793,4.0544,70.5032,0.0,0,0.0,0.0,62.7043,62.05,2.8769,66.7725,10.0,10,0.0,10.0,18.0,18,0.0,18.0,0.0,0
ewma,100,10K,h4,6,10240,52.0,15,1,126.1276,124.734,5.2563,134.5094,0.6506,0.6568,0.0271,0.6929,62.1256,61.36,5.1124,70.7497,0.0,0,0.0,0.0,60.7443,60.673,3.7666,66.3388,10.0,10,0.0,10.0,18.0,18,0.0,18.0,0.0,0
ewma,100,10K,h4,7,10240,52.0,15,1,128.7905,129.053,6.496,137.8827,0.6376,0.6348,0.0328,0.6878,64.4755,63.601,4.7191,71.0112,0.0,0,0.0,0.0,62.0133,61.414,3.5359,67.594,10.0,10,0.0,10.0,18.0,18,0.0,18.0,0.0,0
ewma,100,10K,h4,8,10240,52.0,15,1,127.9073,128.826,5.3823,134.6676,0.6415,0.6359,0.0275,0.6814,64.1963,65.045,4.4265,70.7352,0.0,0,0.0,0.0,61.7718,61.36,2.5849,65.3031,10.0,10,0.0,10.0,18.0667,18,0.2582,18.3,0.0,0
ewma,100,10K,h4,9,10240,52.0,15,1,127.6608,127.448,5.6623,135.1745,0.6429,0.6428,0.0288,0.6862,62.8679,65.287,5.8382,70.1935,0.0,0,0.0,0.0,61.4914,61.411,4.7271,69.4906,10.0,10,0.0,10.0,18.0,18,0.0,18.0,0.0,0
ewma,100,10K,h4,10,10240,52.0,15,1,126.1691,126.705,7.6824,136.3083,0.6516,0.6465,0.0415,0.7168,62.2636,62.836,6.2312,71.4679,0.0,0,0.0,0.0,61.0957,61.407,3.9907,65.9466,10.0,10,0.0,10.0,18.0,18,0.0,18.0,0.0,0
lossaware,100,10K,h2,1,10240,6.0,15,1,13.9702,13.967,0.1775,14.2328,5.8648,5.8653,0.0744,5.9747,7.3495,7.308,0.1401,7.6135,0.0,0,0.0,0.0,6.5189,6.434,0.1929,6.8872,10.0,10,0.0,10.0,18.0,18,0.0,18.0,0.0,0
lossaware,100,10K,h2,2,10240,6.0,15,1,15.8201,14.007,7.0799,22.9023,5.5993,5.8485,1.013,6.0484,8.991,7.401,5.9261,14.9952,0.0,0,0.0,0.0,6.8819,6.468,1.3563,8.3815,10.0,10,0.0,10.0,18.0,18,0.0,18.0,0.0,0
lossaware,100,10K,h2,3,10240,6.0,15,1,13.9573,13.945,0.3436,14.4874,5.8725,5.8745,0.1395,6.0203,7.3733,7.28,0.3356,7.943,0.0,0,0.0,0.0,6.5013,6.404,0.234,6.9328,10.0,10,0.0,10.0,18.0,18,0.0,18.0,0.0,0
lossaware,100,10K,h2,4,10240,6.0,15,1,13.8492,13.843,0.2185,14.1812,5.9165,5.9178,0.0934,6.0463,7.3291,7.285,0.162,7.6738,0.0,0,0.0,0.0,6.534,6.479,0.1937,6.8716,10.0,10,0.0,10.0,18.0,18,0.0,18.0,0.0,0
lossaware,100,10K,h2,5,10240,6.0,15,1,13.9235,13.918,0.2986,14.3505,5.8861,5.8859,0.1257,6.0564,7.3901,7.364,0.2109,7.744,0.0,0,0.0,0.0,6.5817,6.477,0.2372,7.0247,10.0,10,0.0,10.0,18.0,18,0.0,18.0,0.0,0
lossaware,100,10K,h2,6,10240,6.0,15,1,13.9687,13.963,0.2446,14.334,5.8662,5.8669,0.1024,6.0036,7.3745,7.365,0.21,7.769,0.0,0,0.0,0.0,6.5177,6.457,0.1826,6.9431,10.0,10,0.0,10.0,18.0,18,0.0,18.0,0.0,0
lossaware,100,10K,h2,7,10240,6.0,15,1,14.0213,13.927,0.3247,14.4809,5.8454,5.8821,0.1315,6.0151,7.4237,7.356,0.2885,7.8462,0.0,0,0.0,0.0,6.5746,6.473,0.2616,7.0863,10.0,10,0.0,10.0,18.0,18,0.0,18.0,0.0,0
lossaware,100,10K,h2,8,10240,6.0,15,1,13.9553,13.921,0.2866,14.4609,5.8725,5.8846,0.1189,6.018,7.3995,7.329,0.208,7.7946,0.0,0,0.0,0.0,6.5691,6.555,0.1643,6.8713,10.0,10,0.0,10.0,18.0,18,0.0,18.0,0.0,0
lossaware,100,10K,h2,9,10240,6.0,15,1,13.8791,13.889,0.2441,14.1975,5.9041,5.8982,0.1033,6.0556,7.288,7.249,0.1376,7.517,0.0,0,0.0,0.0,6.4461,6.412,0.138,6.6442,10.0,10,0.0,10.0,18.0,18,0.0,18.0,0.0,0
lossaware,100,10K,h2,10,10240,6.0,15,1,14.0484,13.985,0.3244,14.5295,5.8341,5.8577,0.1336,6.0208,7.4577,7.451,0.2213,7.7584,0.0,0,0.0,0.0,6.6277,6.518,0.2825,7.1073,10.0,10,0.0,10.0,18.0,18,0.0,18.0,0.0,0
lossaware,100,10K,h3,1,10240,22.0,15,1,58.1376,58.522,2.4812,62.5996,1.4114,1.3998,0.0596,1.4889,30.6628,30.374,1.7433,33.1104,0.0,0,0.0,0.0,27.2259,27.346,1.165,29.1251,10.0,10,0.0,10.0,18.0,18,0.0,18.0,0.0,0
lossaware,100,10K,h3,2,10240,22.0,15,1,56.6493,57.345,3.1918,60.0678,1.4509,1.4285,0.0922,1.5862,29.5582,29.721,2.314,32.4555,0.0,0,0.0,0.0,26.4237,26.509,1.2623,28.1719,10.0,10,0.0,10.0,18.0,18,0.0,18.0,0.0,0
lossaware,100,10K,h3,3,10240,22.0,15,1,55.5989,55.924,2.9103,58.9187,1.4774,1.4648,0.0813,1.5943,29.1325,29.619,2.7038,31.9939,0.0,0,0.0,0.0,26.1462,26.109,1.3589,28.0701,10.0,10,0.0,10.0,18.0,18,0.0,18.0,0.0,0
lossaware,100,10K,h3,4,10240,22.0,15,1,56.6718,57.031,2.5589,59.7239,1.4482,1.4364,0.0629,1.5364,29.4223,29.026,2.012,33.0934,0.0,0,0.0,0.0,26.1599,25.942,1.2512,28.4168,10.0,10,0.0,10.0,18.0,18,0.0,18.0,0.0,0
lossaware,100,10K,h3,5,10240,22.0,15,1,55.4194,55.208,3.6714,60.6272,1.4843,1.4838,0.0987,1.6379,29.2859,28.65,2.8722,32.909,0.0,0,0.0,0.0,26.0205,25.538,1.696,28.6571,10.0,10,0.0,10.0,18.0,18,0.0,18.0,0.0,0
lossaware,100,10K,h3,6,10240,22.0,15,1,56.2232,56.441,3.2824,60.5307,1.4619,1.4514,0.0888,1.6172,29.3455,28.692,2.6496,33.4977,0.0,0,0.0,0.0,26.5971,26.012,1.7757,29.3015,10.0,10,0.0,10.0,18.0,18,0.0,18.0,0.0,0
lossaware,100,10K,h3,7,10240,22.0,15,1,56.6787,56.97,2.9,60.1631,1.449,1.4379,0.0761,1.5788,29.8054,29.003,1.7493,32.5441,0.0,0,0.0,0.0,26.5281,26.33,1.4257,28.473,10.0,10,0.0,10.0,18.1333,18,0.3519,19.0,0.0,0
lossaware,100,10K,h3,8,10240,22.0,15,1,56.7165,57.472,2.5212,59.5274,1.4471,1.4254,0.0657,1.5478,29.9866,30.445,2.7679,33.3803,0.0,0,0.0,0.0,26.6879,26.822,1.3094,28.2638,10.0,10,0.0,10.0,18.0,18,0.0,18.0,0.0,0
lossaware,100,10K,h3,9,10240,22.0,15,1,56.0816,56.777,3.5664,60.309,1.4668,1.4428,0.1025,1.6454,29.1343,29.437,2.5281,32.6475,0.0,0,0.0,0.0,26.6257,27.101,1.733,28.6727,10.0,10,0.0,10.0,18.0,18,0.0,18.0,0.0,0
lossaware,100,10K,h3,10,10240,22.0,15,1,57.5091,57.92,3.3954,61.5593,1.4294,1.4144,0.0891,1.6117,30.2769,30.329,1.7904,32.4789,0.0,0,0.0,0.0,26.6477,26.974,1.4812,28.3928,10.0,10,0.0,10.0,18.0,18,0.0,18.0,0.0,0
lossaware,100,10K,h4,1,10240,52.0,15,1,128.6377,129.527,6.5197,136.845,0.6384,0.6325,0.0332,0.6831,64.5254,65.377,5.7871,72.1915,0.0,0,0.0,0.0,62.8075,63.657,4.0307,67.8694,10.0,10,0.0,10.0,18.0667,18,0.2582,18.3,0.0,0
lossaware,100,10K,h4,2,10240,52.0,15,1,126.9889,125.344,6.6751,138.9707,0.6467,0.6536,0.0329,0.6855,63.9333,63.574,4.6793,70.936,0.0,0,0.0,0.0,62.3209,62.083,3.0455,67.219,10.0,10,0.0,10.0,18.0,18,0.0,18.0,0.0,0
lossaware,100,10K,h4,3,10240,52.0,15,1,127.8581,129.832,5.8457,134.8131,0.642,0.631,0.0306,0.701,63.2311,63.502,3.864,69.2578,0.0,0,0.0,0.0,61.5348,62.032,2.3777,64.7804,10.0,10,0.0,10.0,18.0667,18,0.2582,18.3,0.0,0
lossaware,100,10K,h4,4,10240,52.0,15,1,127.1722,126.487,7.3249,138.8491,0.6461,0.6477,0.0366,0.6968,62.8703,61.234,5.7559,70.572,0.0,0,0.0,0.0,60.8133,60.649,4.3649,67.7433,10.0,10,0.0,10.0,18.0,18,0.0,18.0,0.0,0
lossaware,100,10K,h4,5,10240,52.0,15,1,129.7483,131.051,6.6245,138.8323,0.633,0.6251,0.0333,0.6823,65.5086,65.905,5.419,72.1169,0.0,0,0.0,0.0,63.0725,63.204,3.0596,66.9921,10.0,10,0.0,10.0,18.0,18,0.0,18.0,0.0,0
lossaware,100,10K,h4,6,10240,52.0,15,1,128.2173,126.283,5.6381,137.6377,0.6401,0.6487,0.0277,0.6729,64.5074,63.613,2.8649,69.4548,0.0,0,0.0,0.0,61.7183,61.921,2.6856,65.4018,10.0,10,0.0,10.0,18.0667,18,0.2582,18.3,0.0,0
lossaware,100,10K,h4,7,10240,52.0,15,1,126.5301,127.254,5.351,132.9875,0.6485,0.6438,0.0281,0.6969,63.7947,63.012,4.0098,69.6241,0.0,0,0.0,0.0,62.3128,62.652,2.5371,65.9816,10.0,10,0.0,10.0,18.0,18,0.0,18.0,0.0,0
lossaware,100,10K,h4,8,10240,52.0,15,1,127.6874,130.248,7.6295,136.7994,0.6437,0.629,0.039,0.7042,63.1705,63.732,5.8375,72.1911,0.0,0,0.0,0.0,62.8116,62.632,3.9783,67.8289,10.0,10,0.0,10.0,18.0,18,0.0,18.0,0.0,0
lossaware,100,10K,h4,9,10240,52.0,15,1,127.4911,127.527,5.7272,136.0104,0.6437,0.6424,0.0285,0.6789,63.4049,63.02,5.2599,71.9245,0.0,0,0.0,0.0,62.2568,61.893,3.1318,66.6883,10.0,10,0.0,10.0,18.0,18,0.0,18.0,0.0,0
lossaware,100,10K,h4,10,10240,52.0,15,1,126.6267,128.443,5.2895,133.4297,0.648,0.6378,0.0274,0.6891,64.1811,65.583,4.4088,69.2819,0.0,0,0.0,0.0,61.3171,61.545,3.3461,65.8553,10.0,10,0.0,10.0,18.0,18,0.0,18.0,0.0,0
lossaware-disc,100,10K,h2,1,10240,6.0,15,1,13.9056,13.917,0.2105,14.1954,5.8924,5.8863,0.0893,6.0202,7.2823,7.21,0.1609,7.5225,0.0,0,0.0,0.0,6.4861,6.434,0.143,6.7554,10.0,10,0.0,10.0,18.0,18,0.0,18.0,0.0,0
lossaware-disc,100,10K,h2,2,10240,6.0,15,1,14.0059,14.073,0.196,14.2544,5.8501,5.8211,0.0822,5.9754,7.3947,7.385,0.1321,7.5898,0.0,0,0.0,0.0,6.5703,6.537,0.176,6.8953,10.0,10,0.0,10.0,18.0,18,0.0,18.0,0.0,0
lossaware-disc,100,10K,h2,3,10240,6.0,15,1,13.9081,13.91,0.2408,14.2357,5.8917,5.8893,0.1023,6.0498,7.3385,7.258,0.1867,7.7118,0.0,0,0.0,0.0,6.5092,6.448,0.1606,6.8067,10.0,10,0.0,10.0,18.0,18,0.0,18.0,0.0,0
lossaware-disc,100,10K,h2,4,10240,6.0,15,1,13.9811,13.989,0.3484,14.5452,5.8627,5.856,0.1431,6.0184,7.3837,7.297,0.2925,7.926,0.0,0,0.0,0.0,6.5613,6.448,0.2899,7.1159,10.0,10,0.0,10.0,18.0,18,0.0,18.0,0.0,0
lossaware-disc,100,10K,h2,5,10240,6.0,15,1,14.1208,14.042,0.38,14.6853,5.8052,5.8339,0.1519,5.9762,7.5071,7.373,0.304,7.9938,0.0,0,0.0,0.0,6.5832,6.526,0.1849,6.9562,10.0,10,0.0,10.0,18.0,18,0.0,18.0,0.0,0
lossaware-disc,100,10K,h2,6,10240,6.0,15,1,13.9608,13.952,0.2361,14.3099,5.8694,5.8716,0.0992,6.0031,7.3474,7.323,0.172,7.6818,0.0,0,0.0,0.0,6.4894,6.475,0.0651,6.5784,10.0,10,0.0,10.0,18.0,18,0.0,18.0,0.0,0
lossaware-disc,100,10K,h2,7,10240,6.0,15,1,13.8987,13.926,0.2865,14.2649,5.8964,5.8825,0.1207,6.0815,7.3053,7.216,0.2028,7.6727,0.0,0,0.0,0.0,6.5241,6.437,0.2132,6.9237,10.0,10,0.0,10.0,18.0,18,0.0,18.0,0.0,0
lossaware-disc,100,10K,h2,8,10240,6.0,15,1,14.091,14.117,0.2611,14.5347,5.8155,5.8029,0.107,5.9509,7.4522,7.373,0.2061,7.7779,0.0,0,0.0,0.0,6.5885,6.488,0.2207,6.9815,10.0,10,0.0,10.0,18.0,18,0.0,18.0,0.0,0
lossaware-disc,100,10K,h2,9,10240,6.0,15,1,13.9269,13.893,0.199,14.2209,5.8832,5.8965,0.0836,5.9814,7.3325,7.307,0.1178,7.5171,0.0,0,0.0,0.0,6.5121,6.48,0.152,6.7396,10.0,10,0.0,10.0,18.0,18,0.0,18.0,0.0,0
lossaware-disc,100,10K,h2,10,10240,6.0,15,1,13.9752,13.922,0.3104,14.5201,5.8645,5.8842,0.1291,6.0538,7.3668,7.332,0.1775,7.6277,0.0,0,0.0,0.0,6.5152,6.466,0.1703,6.7991,10.0,10,0.0,10.0,18.0,18,0.0,18.0,0.0,0
lossaware-disc,100,10K,h3,1,10240,22.0,15,1,56.3081,57.663,4.2607,61.4563,1.4633,1.4207,0.1199,1.7127,29.3267,29.725,2.7298,33.2034,0.0,0,0.0,0.0,26.4382,26.637,1.664,28.8238,10.0,10,0.0,10.0,18.0,18,0.0,18.0,0.0,0
lossaware-disc,100,10K,h3,2,10240,22.0,15,1,57.0697,57.575,2.7781,60.6782,1.4388,1.4228,0.0752,1.5347,29.4996,29.547,2.0423,32.1021,0.0,0,0.0,0.0,26.6251,26.46,1.5746,28.8442,10.0,10,0.0,10.0,18.0,18,0.0,18.0,0.0,0
lossaware-disc,100,10K,h3,3,10240,22.0,15,1,57.6597,58.197,3.3553,60.8733,1.4258,1.4076,0.0931,1.5597,30.1539,30.14,2.5994,33.232,0.0,0,0.0,0.0,26.9297,27.345,1.5968,28.8474,10.0,10,0.0,10.0,18.0,18,0.0,18.0,0.0,0
lossaware-disc,100,10K,h3,4,10240,22.0,15,1,56.7906,57.883,4.3769,61.6855,1.4508,1.4153,0.1157,1.6073,30.0751,31.674,3.0497,32.9223,0.0,0,0.0,0.0,26.8529,27.462,1.9057,28.9873,10.0,10,0.0,10.0,18.0,18,0.0,18.0,0.0,0
lossaware-disc,100,10K,h3,5,10240,22.0,15,1,56.9907,56.859,3.5922,61.0764,1.4431,1.4408,0.0962,1.5736,30.0075,30.967,2.8047,33.2272,0.0,0,0.0,0.0,26.9185,27.351,1.667,28.8978,10.0,10,0.0,10.0,18.0,18,0.0,18.0,0.0,0
lossaware-disc,100,10K,h3,6,10240,22.0,15,1,56.2697,55.34,2.9876,60.8173,1.4597,1.4803,0.0775,1.5663,29.3979,29.339,1.8935,32.7376,0.0,0,0.0,0.0,26.3012,25.814,1.4718,28.8122,10.0,10,0.0,10.0,18.0,18,0.0,18.0,0.0,0
lossaware-disc,100,10K,h3,7,10240,22.0,15,1,56.0651,56.19,2.2067,59.4734,1.4633,1.4579,0.0575,1.5554,28.8393,28.803,2.0604,31.4738,0.0,0,0.0,0.0,25.8788,25.958,0.9517,27.2218,10.0,10,0.0,10.0,18.0,18,0.0,18.0,0.0,0
lossaware-disc,100,10K,h3,8,10240,22.0,15,1,56.4785,56.065,1.9347,59.7205,1.4521,1.4612,0.0497,1.5133,30.1262,30.08,1.3372,31.8932,0.0,0,0.0,0.0,26.5771,26.693,0.9466,27.7407,10.0,10,0.0,10.0,18.0,18,0.0,18.0,0.0,0
lossaware-disc,100,10K,h3,9,10240,22.0,15,1,56.1481,56.712,3.4095,59.8673,1.4643,1.4445,0.0939,1.6078,30.8242,31.178,2.1567,33.1394,0.0,0,0.0,0.0,26.7104,27.406,1.4918,28.4443,10.0,10,0.0,10.0,18.0,18,0.0,18.0,0.0,0
lossaware-disc,100,10K,h3,10,10240,22.0,15,1,57.7904,57.967,3.1591,61.8946,1.4216,1.4132,0.0794,1.5481,30.5627,31.86,2.7566,33.3416,0.0,0,0.0,0.0,26.9406,27.23,1.6927,28.9823,10.0,10,0.0,10.0,18.0,18,0.0,18.0,0.0,0
lossaware-disc,100,10K,h4,1,10240,52.0,15,1,128.5756,128.879,5.6928,136.772,0.6383,0.6356,0.0287,0.6878,64.5153,65.408,3.9447,68.8953,0.0,0,0.0,0.0,62.887,62.198,2.333,66.2746,10.0,10,0.0,10.0,18.0,18,0.0,18.0,0.0,0
lossaware-disc,100,10K,h4,2,10240,52.0,15,1,127.7315,130.233,7.7865,136.6467,0.6437,0.629,0.0414,0.7225,63.8529,64.233,4.9913,69.7331,0.0,0,0.0,0.0,61.3384,61.276,3.9186,66.6619,10.0,10,0.0,10.0,18.0,18,0.0,18.0,0.0,0
lossaware-disc,100,10K,h4,3,10240,52.0,15,1,127.7497,126.518,5.5949,135.3641,0.6424,0.6475,0.028,0.6861,65.0706,65.373,4.4431,71.3122,0.0,0,0.0,0.0,61.7443,61.657,3.9063,66.4801,10.0,10,0.0,10.0,18.0,18,0.0,18.0,0.0,0
lossaware-disc,100,10K,h4,4,10240,52.0,15,1,128.3203,129.776,6.8638,137.7763,0.6401,0.6312,0.0342,0.6874,64.7895,65.308,5.0672,72.2293,0.0,0,0.0,0.0,62.6731,62.758,3.7361,68.1256,10.0,10,0.0,10.0,18.0,18,0.0,18.0,0.0,0
lossaware-disc,100,10K,h4,5,10240,52.0,15,1,127.1384,126.972,5.9083,135.4383,0.6456,0.6452,0.0294,0.6866,63.7059,63.481,4.5773,70.6161,0.0,0,0.0,0.0,62.4437,62.972,3.7624,67.403,10.0,10,0.0,10.0,18.0,18,0.0,18.0,0.0,0
lossaware-disc,100,10K,h4,6,10240,52.0,15,1,127.6411,127.629,4.548,134.3398,0.6426,0.6419,0.0227,0.6745,64.0621,64.136,2.3751,67.718,0.0,0,0.0,0.0,61.0736,61.289,3.042,64.6589,10.0,10,0.0,10.0,18.0667,18,0.2582,18.3,0.0,0
lossaware-disc,100,10K,h4,7,10240,52.0,15,1,127.7823,126.507,5.9854,137.1794,0.6424,0.6476,0.0298,0.6869,63.5665,63.948,3.7859,68.5077,0.0,0,0.0,0.0,62.3912,62.341,3.7691,67.5044,10.0,10,0.0,10.0,18.0,18,0.0,18.0,0.0,0
lossaware-disc,100,10K,h4,8,10240,52.0,15,1,127.4107,129.338,8.2688,136.9263,0.6457,0.6334,0.0449,0.7382,63.9787,65.79,5.1085,69.2899,0.0,0,0.0,0.0,61.4329,63.0,3.8723,65.1127,10.0,10,0.0,10.0,18.0,18,0.0,18.0,0.0,0
lossaware-disc,100,10K,h4,9,10240,52.0,15,1,126.0478,127.01,6.9548,136.825,0.6517,0.645,0.035,0.6944,63.34,63.088,4.8963,71.5209,0.0,0,0.0,0.0,61.3245,61.001,2.6767,65.5487,10.0,10,0.0,10.0,18.0,18,0.0,18.0,0.0,0
lossaware-disc,100,10K,h4,10,10240,52.0,15,1,127.5981,126.87,8.2794,140.3579,0.6445,0.6457,0.0418,0.7049,62.9547,63.056,5.9094,71.3278,0.0,0,0.0,0.0,61.2493,62.098,3.6664,65.5049,10.0,10,0.0,10.0,18.0,18,0.0,18.0,0.0,0
metrics,100,10K,h2,1,10240,6.0,15,1,14.0068,13.936,0.3352,14.5218,5.8516,5.8783,0.1348,5.9964,7.4533,7.31,0.2988,7.9774,0.0,0,0.0,0.0,6.6129,6.451,0.2627,7.0412,10.0,10,0.0,10.0,18.0,18,0.0,18.0,0.0,0
metrics,100,10K,h2,2,10240,6.0,15,1,13.8075,13.901,0.2325,14.0333,5.9346,5.8931,0.1014,6.1293,7.2639,7.195,0.1622,7.5203,0.0,0,0.0,0.0,6.4887,6.461,0.1765,6.7812,10.0,10,0.0,10.0,18.0,18,0.0,18.0,0.0,0
metrics,100,10K,h2,3,10240,6.0,15,1,13.9995,13.961,0.2503,14.3729,5.8533,5.8678,0.1012,5.9562,7.2942,7.258,0.1977,7.5558,0.0,0,0.0,0.0,6.5029,6.462,0.1578,6.8563,10.0,10,0.0,10.0,18.0,18,0.0,18.0,0.0,0
metrics,100,10K,h2,4,10240,6.0,15,1,13.9451,13.97,0.2521,14.3575,5.8762,5.864,0.1052,6.0187,7.3369,7.29,0.1903,7.6711,0.0,0,0.0,0.0,6.4935,6.489,0.1442,6.6789,10.0,10,0.0,10.0,18.0,18,0.0,18.0,0.0,0
metrics,100,10K,h2,5,10240,6.0,15,1,13.9238,13.928,0.4285,14.4844,5.8885,5.8817,0.1753,6.1493,7.3386,7.254,0.3353,7.8191,0.0,0,0.0,0.0,6.5293,6.416,0.2752,7.0119,10.0,10,0.0,10.0,18.0,18,0.0,18.0,0.0,0
metrics,100,10K,h2,6,10240,6.0,15,1,13.9107,13.957,0.1732,14.133,5.8899,5.8695,0.073,5.9983,7.3147,7.318,0.1341,7.4892,0.0,0,0.0,0.0,6.5227,6.463,0.187,6.8027,10.0,10,0.0,10.0,18.0,18,0.0,18.0,0.0,0
metrics,100,10K,h2,7,10240,6.0,15,1,13.859,13.856,0.0971,14.0091,5.9112,5.9122,0.0413,5.9639,7.2891,7.287,0.1112,7.4438,0.0,0,0.0,0.0,6.4616,6.449,0.1122,6.5889,10.0,10,0.0,10.0,18.0,18,0.0,18.0,0.0,0
metrics,100,10K,h2,8,10240,6.0,15,1,14.0101,13.947,0.4916,14.9495,5.8535,5.8737,0.1938,6.0508,7.365,7.224,0.3392,7.9458,0.0,0,0.0,0.0,6.5357,6.497,0.1788,6.8659,10.0,10,0.0,10.0,18.0,18,0.0,18.0,0.0,0
metrics,100,10K,h2,9,10240,6.0,15,1,14.0113,13.875,0.4669,14.7017,5.8524,5.9041,0.1825,6.0199,7.4339,7.299,0.4417,8.0655,0.0,0,0.0,0.0,6.5679,6.509,0.2101,6.9049,10.0,10,0.0,10.0,18.0,18,0.0,18.0,0.0,0
metrics,100,10K,h2,10,10240,6.0,15,1,13.9007,13.947,0.2511,14.2794,5.895,5.8737,0.107,6.049,7.2875,7.255,0.1586,7.6044,0.0,0,0.0,0.0,6.5412,6.484,0.2179,7.0344,10.0,10,0.0,10.0,18.0,18,0.0,18.0,0.0,0
metrics,100,10K,h3,1,10240,22.0,15,1,56.7301,57.318,2.3829,59.522,1.4464,1.4292,0.0613,1.5422,29.5695,29.795,2.1829,32.9927,0.0,0,0.0,0.0,26.6515,26.593,1.1369,28.3984,10.0,10,0.0,10.0,18.0,18,0.0,18.0,0.0,0
metrics,100,10K,h3,2,10240,22.0,15,1,56.4015,57.207,2.8385,60.0416,1.456,1.432,0.0752,1.5905,29.5359,28.569,2.7203,33.279,0.0,0,0.0,0.0,26.3187,25.627,1.6098,28.4796,10.0,10,0.0,10.0,18.0,18,0.0,18.0,0.0,0
metrics,100,10K,h3,3,10240,22.0,15,1,56.7698,56.946,2.4,60.5309,1.4455,1.4386,0.0627,1.5422,29.8117,29.68,1.2308,31.9064,0.0,0,0.0,0.0,26.4211,26.37,1.1098,28.0564,10.0,10,0.0,10.0,18.0667,18,0.2582,18.3,0.0,0
metrics,100,10K,h3,4,10240,22.0,15,1,55.532,55.535,4.3495,62.1244,1.4835,1.4751,0.1138,1.6266,29.6143,28.837,2.756,33.4157,0.0,0,0.0,0.0,26.3657,25.887,1.7731,29.0346,10.0,10,0.0,10.0,18.0,18,0.0,18.0,0.0,0
metrics,100,10K,h3,5,10240,22.0,15,1,56.9433,56.146,2.5078,60.3593,1.4412,1.4591,0.0627,1.5165,30.5788,30.504,1.5455,33.0635,0.0,0,0.0,0.0,27.1404,27.1,1.165,28.6796,10.0,10,0.0,10.0,18.0,18,0.0,18.0,0.0,0
metrics,100,10K,h3,6,10240,22.0,15,1,56.5599,56.441,3.8313,61.2549,1.4549,1.4514,0.1031,1.6324,30.2827,30.536,1.928,32.8525,0.0,0,0.0,0.0,26.7579,27.235,1.675,28.7372,10.0,10,0.0,10.0,18.0,18,0.0,18.0,0.0,0
metrics,100,10K,h3,7,10240,22.0,15,1,56.2463,56.956,3.4501,61.4043,1.4615,1.4383,0.0887,1.5769,29.2447,29.146,2.8827,33.51,0.0,0,0.0,0.0,26.7188,26.416,1.4854,29.1147,10.0,10,0.0,10.0,18.0,18,0.0,18.0,0.0,0
metrics,100,10K,h3,8,10240,22.0,15,1,56.0641,56.461,2.9404,60.3508,1.465,1.4509,0.0776,1.5818,29.6148,29.369,1.9912,32.9373,0.0,0,0.0,0.0,26.3973,26.058,1.2369,28.5937,10.0,10,0.0,10.0,18.0,18,0.0,18.0,0.0,0
metrics,100,10K,h3,9,10240,22.0,15,1,56.6354,56.401,3.3098,61.605,1.451,1.4525,0.0837,1.5641,29.1475,28.795,3.4229,33.404,0.0,0,0.0,0.0,26.5481,26.176,1.7627,29.0714,10.0,10,0.0,10.0,18.0,18,0.0,18.0,0.0,0
metrics,100,10K,h3,10,10240,22.0,15,1,56.3287,56.179,2.4415,60.3645,1.4569,1.4582,0.0629,1.5402,30.1412,29.624,1.784,33.0825,0.0,0,0.0,0.0,26.45,25.511,1.4019,28.5532,10.0,10,0.0,10.0,18.0,18,0.0,18.0,0.0,0
metrics,100,10K,h4,1,10240,52.0,15,1,129.8331,128.011,5.701,136.5527,0.6321,0.6399,0.028,0.6722,66.2183,66.858,4.0176,71.5541,0.0,0,0.0,0.0,63.5511,63.479,2.3488,66.8602,10.0,10,0.0,10.0,18.0,18,0.0,18.0,0.0,0
metrics,100,10K,h4,2,10240,52.0,15,1,130.7682,131.73,6.7689,140.5492,0.628,0.6219,0.0329,0.6709,65.8728,65.74,4.7427,72.7741,0.0,0,0.0,0.0,64.0925,63.463,3.4184,69.0197,10.0,10,0.0,10.0,18.0,18,0.0,18.0,0.0,0
metrics,100,10K,h4,3,10240,52.0,15,1,128.1815,128.965,6.8875,137.1685,0.6409,0.6352,0.0351,0.7039,64.0066,65.85,6.2192,71.8304,0.0,0,0.0,0.0,63.1234,63.884,3.7736,68.0642,10.0,10,0.0,10.0,18.0,18,0.0,18.0,0.0,0
metrics,100,10K,h4,4,10240,52.0,15,1,128.5637,128.601,5.2045,134.8418,0.6382,0.637,0.0264,0.6768,64.9847,65.125,4.5224,72.6648,0.0,0,0.0,0.0,61.6828,61.247,4.1585,67.7823,10.0,10,0.0,10.0,18.0,18,0.0,18.0,0.0,0
metrics,100,10K,h4,5,10240,52.0,15,1,131.4462,131.054,6.8164,142.215,0.6248,0.6251,0.0336,0.671,65.027,65.514,4.5017,72.7142,0.0,0,0.0,0.0,63.0043,63.44,3.597,67.6562,10.0,10,0.0,10.0,18.0,18,0.0,18.0,0.0,0
metrics,100,10K,h4,6,10240,52.0,15,1,128.1737,127.736,6.9121,138.0249,0.6409,0.6413,0.0358,0.6924,64.1815,64.959,6.2479,72.5074,0.0,0,0.0,0.0,61.7927,62.398,3.264,66.9767,10.0,10,0.0,10.0,18.0,18,0.0,18.0,0.0,0
metrics,100,10K,h4,7,10240,52.0,15,1,127.0739,127.196,5.9383,134.3135,0.646,0.644,0.0305,0.6915,62.9989,61.797,5.0566,70.5029,0.0,0,0.0,0.0,60.9769,61.664,3.4505,65.2829,10.0,10,0.0,10.0,18.0,18,0.0,18.0,0.0,0
metrics,100,10K,h4,8,10240,52.0,15,1,128.0487,128.757,7.4379,140.791,0.6418,0.6362,0.0369,0.6943,65.5361,64.001,5.4491,72.6779,0.0,0,0.0,0.0,63.0322,63.113,3.2152,67.4439,10.0,10,0.0,10.0,18.0,18,0.0,18.0,0.0,0
metrics,100,10K,h4,9,10240,52.0,15,1,128.6155,127.929,5.6289,137.4301,0.6381,0.6404,0.0278,0.6778,64.3405,65.126,5.6478,72.0657,0.0,0,0.0,0.0,61.9048,61.817,3.7086,67.0834,10.0,10,0.0,10.0,18.0,18,0.0,18.0,0.0,0
metrics,100,10K,h4,10,10240,52.0,15,1,125.0101,124.184,3.5738,130.1608,0.6558,0.6597,0.0188,0.6815,63.5227,63.538,4.1889,69.5853,0.0,0,0.0,0.0,59.8055,59.804,3.0796,64.2278,10.0,10,0.0,10.0,18.0,18,0.0,18.0,0.0,0
static10,100,10K,h2,1,10240,6.0,15,1,14.0013,13.888,0.2372,14.342,5.8525,5.8986,0.0987,5.9725,7.3662,7.266,0.2129,7.6963,0.0,0,0.0,0.0,6.5967,6.462,0.2405,6.9972,10.0,10,0.0,10.0,18.0,18,0.0,18.0,0.0,0
static10,100,10K,h2,2,10240,6.0,15,1,14.0107,13.985,0.4079,14.6258,5.8515,5.8577,0.1671,6.0601,7.4596,7.412,0.2844,7.9147,0.0,0,0.0,0.0,6.6391,6.464,0.3176,7.202,10.0,10,0.0,10.0,18.0,18,0.0,18.0,0.0,0
static10,100,10K,h2,3,10240,6.0,15,1,13.9912,13.976,0.3325,14.4818,5.8582,5.8615,0.1389,6.0578,7.4139,7.373,0.232,7.8256,0.0,0,0.0,0.0,6.6138,6.485,0.3047,7.1858,10.0,10,0.0,10.0,18.0,18,0.0,18.0,0.0,0
static10,100,10K,h2,4,10240,6.0,15,1,14.0417,13.91,0.4399,14.8429,5.8392,5.8893,0.1769,6.0254,7.4407,7.305,0.3666,8.0883,0.0,0,0.0,0.0,6.589,6.449,0.3016,7.1915,10.0,10,0.0,10.0,18.0,18,0.0,18.0,0.0,0
static10,100,10K,h2,5,10240,6.0,15,1,13.8575,13.77,0.2329,14.2489,5.9131,5.9492,0.0984,6.0352,7.2777,7.265,0.1691,7.5408,0.0,0,0.0,0.0,6.4723,6.442,0.0898,6.6148,10.0,10,0.0,10.0,18.0,18,0.0,18.0,0.0,0
static10,100,10K,h2,6,10240,6.0,15,1,13.9573,13.945,0.2465,14.3749,5.871,5.8745,0.1019,5.9929,7.3318,7.312,0.1954,7.5754,0.0,0,0.0,0.0,6.5258,6.448,0.183,6.8768,10.0,10,0.0,10.0,18.0,18,0.0,18.0,0.0,0
static10,100,10K,h2,7,10240,6.0,15,1,13.884,13.87,0.2473,14.2377,5.9021,5.9063,0.1054,6.0664,7.2597,7.258,0.1116,7.4137,0.0,0,0.0,0.0,6.4647,6.422,0.1747,6.6818,10.0,10,0.0,10.0,18.0,18,0.0,18.0,0.0,0
static10,100,10K,h2,8,10240,6.0,15,1,14.0537,13.976,0.3234,14.7102,5.8319,5.8615,0.13,5.9631,7.4726,7.465,0.245,7.8893,0.0,0,0.0,0.0,6.6405,6.548,0.2696,7.1551,10.0,10,0.0,10.0,18.0,18,0.0,18.0,0.0,0
static10,100,10K,h2,9,10240,6.0,15,1,14.1339,13.972,0.4258,15.0221,5.8007,5.8632,0.1667,5.9335,7.4949,7.339,0.4893,8.487,0.0,0,0.0,0.0,6.6194,6.479,0.3357,7.2688,10.0,10,0.0,10.0,18.0,18,0.0,18.0,0.0,0
static10,100,10K,h2,10,10240,6.0,15,1,13.911,13.898,0.3033,14.3292,5.8914,5.8944,0.1256,6.0394,7.2741,7.193,0.2403,7.6845,0.0,0,0.0,0.0,6.5061,6.448,0.1885,6.8151,10.0,10,0.0,10.0,18.0,18,0.0,18.0,0.0,0
static10,100,10K,h3,1,10240,22.0,15,1,55.9119,56.681,3.3364,60.7673,1.4701,1.4453,0.0881,1.6081,29.6401,29.486,2.2232,33.0303,0.0,0,0.0,0.0,26.4457,26.77,1.6639,28.8749,10.0,10,0.0,10.0,18.0,18,0.0,18.0,0.0,0
static10,100,10K,h3,2,10240,22.0,15,1,57.622,58.618,3.0114,61.4009,1.4253,1.3975,0.0751,1.5268,30.8348,31.538,2.2631,33.173,0.0,0,0.0,0.0,27.3604,27.525,1.3359,28.9768,10.0,10,0.0,10.0,18.0,18,0.0,18.0,0.0,0
static10,100,10K,h3,3,10240,22.0,15,1,55.5145,56.326,3.0988,59.3733,1.4802,1.4544,0.0866,1.6144,29.5543,29.933,2.2323,32.5932,0.0,0,0.0,0.0,26.0793,25.957,1.4795,28.085,10.0,10,0.0,10.0,18.0,18,0.0,18.0,0.0,0
static10,100,10K,h3,4,10240,22.0,15,1,55.2267,54.858,3.0493,60.1694,1.4874,1.4933,0.0786,1.5775,28.7197,28.809,2.5685,32.2162,0.0,0,0.0,0.0,25.6744,25.083,1.3483,27.7784,10.0,10,0.0,10.0,18.0,18,0.0,18.0,0.0,0
static10,100,10K,h3,5,10240,22.0,15,1,56.7417,58.05,3.3902,60.7759,1.4488,1.4112,0.0918,1.617,30.0703,29.649,2.3314,33.1963,0.0,0,0.0,0.0,26.8821,26.546,1.359,28.7317,10.0,10,0.0,10.0,18.0,18,0.0,18.0,0.0,0
static10,100,10K,h3,6,10240,22.0,15,1,57.0289,56.793,3.198,61.4638,1.4408,1.4424,0.0833,1.5688,30.2064,29.537,2.6287,33.4503,0.0,0,0.0,0.0,26.8001,26.708,1.769,29.1288,10.0,10,0.0,10.0,18.0,18,0.0,18.0,0.0,0
static10,100,10K,h3,7,10240,22.0,15,1,57.0619,56.689,2.8298,60.7248,1.439,1.4451,0.0721,1.5428,30.3561,30.756,2.2187,32.8362,0.0,0,0.0,0.0,26.7582,26.681,1.462,28.6213,10.0,10,0.0,10.0,18.0,18,0.0,18.0,0.0,0
static10,100,10K,h3,8,10240,22.0,15,1,58.0942,58.737,3.5394,61.7101,1.4153,1.3947,0.0915,1.6007,30.6173,30.626,2.4116,33.4522,0.0,0,0.0,0.0,27.3322,27.496,1.7486,29.0411,10.0,10,0.0,10.0,18.0,18,0.0,18.0,0.0,0
static10,100,10K,h3,9,10240,22.0,15,1,56.8101,58.001,3.025,60.6071,1.446,1.4124,0.0799,1.5871,29.6032,30.138,2.737,33.3417,0.0,0,0.0,0.0,26.5824,26.665,1.6048,28.5025,10.0,10,0.0,10.0,18.0,18,0.0,18.0,0.0,0
static10,100,10K,h3,10,10240,22.0,15,1,56.517,56.513,4.0319,62.222,1.4565,1.4496,0.1052,1.6202,30.3678,30.936,2.3322,33.1703,0.0,0,0.0,0.0,26.5898,26.548,1.7068,28.8284,10.0,10,0.0,10.0,18.0,18,0.0,18.0,0.0,0
static10,100,10K,h4,1,10240,52.0,15,1,129.0345,129.221,6.1343,136.8614,0.6362,0.634,0.031,0.6924,64.6698,65.12,4.6395,71.4157,0.0,0,0.0,0.0,62.7507,62.798,3.8081,67.565,10.0,10,0.0,10.0,18.0,18,0.0,18.0,0.0,0
static10,100,10K,h4,2,10240,52.0,15,1,129.0592,129.944,5.2966,136.0418,0.6358,0.6304,0.0268,0.6749,65.5222,66.022,5.2888,72.0593,0.0,0,0.0,0.0,62.4716,62.509,3.1137,67.6927,10.0,10,0.0,10.0,18.0,18,0.0,18.0,0.0,0
static10,100,10K,h4,3,10240,52.0,15,1,130.5557,130.639,5.6983,141.9875,0.6286,0.6271,0.0266,0.6603,64.9023,63.56,3.6518,71.2026,0.0,0,0.0,0.0,63.5177,63.572,2.6338,66.6648,10.0,10,0.0,10.0,18.0,18,0.0,18.0,0.0,0
static10,100,10K,h4,4,10240,52.0,15,1,128.5057,128.761,5.4668,135.6427,0.6386,0.6362,0.0274,0.6797,64.0183,63.258,4.321,71.2616,0.0,0,0.0,0.0,62.7283,62.99,2.3092,66.7672,10.0,10,0.0,10.0,18.0,18,0.0,18.0,0.0,0
static10,100,10K,h4,5,10240,52.0,15,1,128.1512,126.506,4.8962,136.2475,0.6401,0.6476,0.0238,0.6674,64.4554,63.568,4.7576,71.8766,0.0,0,0.0,0.0,62.4764,62.091,2.4236,66.0035,10.0,10,0.0,10.0,18.0667,18,0.2582,18.3,0.0,0
static10,100,10K,h4,6,10240,52.0,15,1,127.0193,128.141,6.6782,134.3787,0.6467,0.6393,0.0354,0.7124,63.2811,63.521,4.9469,69.3645,0.0,0,0.0,0.0,60.5102,60.634,3.4232,65.8298,10.0,10,0.0,10.0,18.0,18,0.0,18.0,0.0,0
static10,100,10K,h4,7,10240,52.0,15,1,128.9997,128.924,4.8558,135.6773,0.6359,0.6354,0.024,0.6751,64.8338,64.583,3.7295,69.8282,0.0,0,0.0,0.0,62.165,62.632,3.1945,66.9171,10.0,10,0.0,10.0,18.0,18,0.0,18.0,0.0,0
static10,100,10K,h4,8,10240,52.0,15,1,129.1009,130.146,5.4919,136.4117,0.6356,0.6294,0.0276,0.6722,65.3147,65.001,3.7716,70.6299,0.0,0,0.0,0.0,63.0603,62.626,3.046,67.3978,10.0,10,0.0,10.0,18.0667,18,0.2582,18.3,0.0,0
static10,100,10K,h4,9,10240,52.0,15,1,130.4877,131.798,6.1419,137.8607,0.6291,0.6216,0.0302,0.6695,66.5147,65.222,4.877,72.7967,0.0,0,0.0,0.0,64.1013,64.941,3.7311,69.3164,10.0,10,0.0,10.0,18.0,18,0.0,18.0,0.0,0
static10,100,10K,h4,10,10240,52.0,15,1,127.8843,129.468,5.8527,134.1566,0.6419,0.6327,0.0305,0.6943,64.3261,64.003,4.619,71.2224,0.0,0,0.0,0.0,61.5209,61.469,2.8166,65.8199,10.0,10,0.0,10.0,18.0,18,0.0,18.0,0.0,0
statichigh,100,10K,h2,1,10240,6.0,15,1,13.9176,13.952,0.1938,14.1417,5.8872,5.8716,0.0833,6.0546,7.3177,7.306,0.1524,7.5482,0.0,0,0.0,0.0,6.616,6.592,0.1748,6.9701,24.0,24,0.0,24.0,24.0,24,0.0,24.0,0.0,0
statichigh,100,10K,h2,2,10240,6.0,15,1,14.0061,13.957,0.4566,14.7935,5.8545,5.8695,0.1858,6.0618,7.4469,7.292,0.3691,8.0557,0.0,0,0.0,0.0,6.6439,6.558,0.2404,7.0421,24.0,24,0.0,24.0,24.0,24,0.0,24.0,0.0,0
statichigh,100,10K,h2,3,10240,6.0,15,1,13.956,14.016,0.2021,14.1741,5.871,5.8447,0.0862,6.0022,7.3361,7.323,0.1368,7.5858,0.0,0,0.0,0.0,6.6097,6.572,0.1315,6.7813,24.0,24,0.0,24.0,24.0,24,0.0,24.0,0.0,0
statichigh,100,10K,h2,4,10240,6.0,15,1,13.8755,13.822,0.2777,14.3223,5.9061,5.9268,0.1175,6.054,7.3749,7.318,0.2122,7.7432,0.0,0,0.0,0.0,6.6185,6.511,0.2026,6.9786,24.0,24,0.0,24.0,24.0,24,0.0,24.0,0.0,0
statichigh,100,10K,h2,5,10240,6.0,15,1,13.8603,13.805,0.2408,14.2332,5.912,5.9341,0.1017,6.0398,7.2905,7.279,0.1132,7.4793,0.0,0,0.0,0.0,6.5869,6.544,0.1384,6.8103,24.0,24,0.0,24.0,24.0,24,0.0,24.0,0.0,0
statichigh,100,10K,h2,6,10240,6.0,15,1,13.9019,13.912,0.1881,14.1582,5.8937,5.8884,0.0798,6.0,7.3545,7.31,0.1644,7.6106,0.0,0,0.0,0.0,6.6203,6.534,0.2022,7.0375,24.0,24,0.0,24.0,24.0,24,0.0,24.0,0.0,0
statichigh,100,10K,h2,7,10240,6.0,15,1,13.9281,13.813,0.2991,14.3988,5.8841,5.9306,0.1229,5.9992,7.3698,7.279,0.3089,7.8503,0.0,0,0.0,0.0,6.6494,6.528,0.2393,7.1483,24.0,24,0.0,24.0,24.0,24,0.0,24.0,0.0,0
statichigh,100,10K,h2,8,10240,6.0,15,1,13.9357,13.866,0.2029,14.3014,5.8796,5.908,0.0848,5.9703,7.304,7.265,0.1671,7.6136,0.0,0,0.0,0.0,6.6503,6.566,0.2337,7.0984,24.0,24,0.0,24.0,24.0,24,0.0,24.0,0.0,0
statichigh,100,10K,h2,9,10240,6.0,15,1,14.1198,13.973,0.4193,14.9896,5.8064,5.8627,0.1656,5.9671,7.4356,7.32,0.366,8.2439,0.0,0,0.0,0.0,6.7049,6.615,0.2336,7.1278,24.0,24,0.0,24.0,24.0,24,0.0,24.0,0.0,0
statichigh,100,10K,h2,10,10240,6.0,15,1,14.072,14.005,0.421,14.7606,5.8262,5.8493,0.1673,5.9996,7.4667,7.267,0.4124,8.2253,0.0,0,0.0,0.0,6.7224,6.586,0.2932,7.2391,24.0,24,0.0,24.0,24.0,24,0.0,24.0,0.0,0
statichigh,100,10K,h3,1,10240,22.0,15,1,57.0145,56.781,2.44,60.2888,1.4394,1.4427,0.0634,1.5378,29.9411,30.327,2.4551,33.0761,0.0,0,0.0,0.0,26.6075,26.29,1.2184,28.5335,24.0,24,0.0,24.0,24.0,24,0.0,24.0,0.0,0
statichigh,100,10K,h3,2,10240,22.0,15,1,55.8185,56.035,3.8443,61.3174,1.4742,1.4619,0.1032,1.62,28.9543,29.214,3.3192,33.4589,0.0,0,0.0,0.0,26.3115,26.037,1.8522,29.1645,24.0,24,0.0,24.0,24.0,24,0.0,24.0,0.0,0
statichigh,100,10K,h3,3,10240,22.0,15,1,57.5873,58.48,2.7672,60.1543,1.4257,1.4008,0.0712,1.5355,31.221,31.704,1.9521,33.0918,0.0,0,0.0,0.0,27.2262,27.728,1.4834,28.7029,24.0,24,0.0,24.0,24.0,24,0.0,24.0,0.0,0
statichigh,100,10K,h3,4,10240,22.0,15,1,56.9209,56.237,3.236,61.2967,1.4436,1.4567,0.0832,1.5644,30.0381,28.735,2.322,33.1199,0.0,0,0.0,0.0,26.7387,25.687,1.5885,28.8269,24.0,24,0.0,24.0,24.0,24,0.0,24.0,0.0,0
statichigh,100,10K,h3,5,10240,22.0,15,1,55.3422,56.14,3.5183,59.3733,1.4861,1.4592,0.0994,1.6698,29.4697,29.813,2.8051,32.7754,0.0,0,0.0,0.0,26.2085,26.244,1.6087,27.9575,24.0,24,0.0,24.0,24.0,24,0.0,24.0,0.0,0
statichigh,100,10K,h3,6,10240,22.0,15,1,57.4627,57.35,2.8782,61.4065,1.429,1.4284,0.0715,1.5308,30.7308,29.984,1.874,33.2196,0.0,0,0.0,0.0,26.9179,26.491,1.4371,28.9576,24.0,24,0.0,24.0,24.0,24,0.0,24.0,0.0,0
statichigh,100,10K,h3,7,10240,22.0,15,1,55.5109,55.453,3.7337,60.0369,1.4824,1.4773,0.1068,1.6439,29.6265,28.813,3.2569,33.3045,0.0,0,0.0,0.0,26.1422,25.331,1.9005,28.7229,24.0,24,0.0,24.0,24.0,24,0.0,24.0,0.0,0
statichigh,100,10K,h3,8,10240,22.0,15,1,55.2556,55.098,2.5924,58.6604,1.4857,1.4868,0.0709,1.6026,29.326,29.677,1.8336,31.6612,0.0,0,0.0,0.0,26.2111,26.104,1.1339,27.5978,24.0,24,0.0,24.0,24.0,24,0.0,24.0,0.0,0
statichigh,100,10K,h3,9,10240,22.0,15,1,56.1574,56.1,3.1745,60.9342,1.4631,1.4602,0.0821,1.5894,29.156,28.829,2.0687,33.0846,0.0,0,0.0,0.0,26.1508,25.57,1.5829,28.8188,24.0,24,0.0,24.0,24.0,24,0.0,24.0,0.0,0
statichigh,100,10K,h3,10,10240,22.0,15,1,58.6437,58.879,1.6954,60.2994,1.398,1.3913,0.0421,1.4685,30.7685,30.857,1.8752,33.3835,0.0,0,0.0,0.0,27.4937,27.721,1.0835,28.6477,24.0,24,0.0,24.0,24.0,24,0.0,24.0,0.0,0
statichigh,100,10K,h4,1,10240,52.0,15,1,128.3839,129.943,6.5563,135.9635,0.6397,0.6304,0.034,0.6984,66.0095,66.732,4.8727,72.9856,0.0,0,0.0,0.0,62.5755,62.51,2.9751,66.362,24.0,24,0.0,24.0,24.0,24,0.0,24.0,0.0,0
statichigh,100,10K,h4,2,10240,52.0,15,1,130.0605,130.387,4.7802,137.1465,0.6307,0.6283,0.0232,0.6667,66.2822,65.114,3.352,72.8653,0.0,0,0.0,0.0,63.7087,63.838,2.5958,66.7519,24.0,24,0.0,24.0,24.0,24,0.0,24.0,0.0,0
statichigh,100,10K,h4,3,10240,52.0,15,1,127.1512,128.934,6.1124,134.3803,0.6457,0.6354,0.0315,0.7003,62.6767,61.504,5.1315,70.4273,0.0,0,0.0,0.0,61.4466,61.272,3.2513,67.3069,24.0,24,0.0,24.0,24.0,24,0.0,24.0,0.0,0
statichigh,100,10K,h4,4,10240,52.0,15,1,128.2055,131.846,8.3258,139.3056,0.6416,0.6213,0.0433,0.7032,66.2621,66.178,5.4983,72.6472,0.0,0,0.0,0.0,62.6149,61.551,3.5174,68.2576,24.0,24,0.0,24.0,24.0,24,0.0,24.0,0.0,0
statichigh,100,10K,h4,5,10240,52.0,15,1,127.8709,127.042,6.4223,138.3368,0.6421,0.6448,0.0317,0.6836,63.2374,64.018,4.654,69.5259,0.0,0,0.0,0.0,61.4589,61.558,3.6717,66.535,24.0,24,0.0,24.0,24.0,24,0.0,24.0,0.0,0
statichigh,100,10K,h4,6,10240,52.0,15,1,128.5004,127.907,5.9836,138.0622,0.6388,0.6405,0.0294,0.6778,64.9941,64.158,5.1859,72.6663,0.0,0,0.0,0.0,63.5626,63.809,3.362,68.4554,24.0,24,0.0,24.0,24.0,24,0.0,24.0,0.0,0
statichigh,100,10K,h4,7,10240,52.0,15,1,128.271,126.33,7.8618,139.591,0.6409,0.6485,0.0388,0.6913,63.9725,62.694,5.4785,72.5747,0.0,0,0.0,0.0,62.1701,61.92,3.7038,67.4663,24.0,24,0.0,24.0,24.0,24,0.0,24.0,0.0,0
statichigh,100,10K,h4,8,10240,52.0,15,1,126.8096,127.603,4.7622,133.6474,0.6469,0.642,0.0243,0.6851,63.7975,64.216,4.7386,71.2681,0.0,0,0.0,0.0,62.0032,62.488,3.9912,67.7535,24.0,24,0.0,24.0,24.0,24,0.0,24.0,0.0,0
statichigh,100,10K,h4,9,10240,52.0,15,1,127.3574,127.61,6.7147,136.4521,0.6449,0.642,0.034,0.6937,63.801,64.32,5.3491,69.4975,0.0,0,0.0,0.0,62.1113,62.674,2.9759,66.8666,24.0,24,0.0,24.0,24.0,24,0.0,24.0,0.0,0
statichigh,100,10K,h4,10,10240,52.0,15,1,128.2829,129.631,5.9071,136.7485,0.6399,0.6319,0.0301,0.6868,63.9271,64.441,3.1661,67.7755,0.0,0,0.0,0.0,62.0833,62.878,2.9774,65.5964,24.0,24,0.0,24.0,24.0,24,0.0,24.0,0.0,0
ewma,100,10M,h2,1,10485760,6.0,15,1,944.1069,944.171,10.2804,955.1949,88.8619,88.8463,0.9424,89.6938,937.5247,937.637,10.2644,948.6696,25.3333,26,4.624,29.9,6.9502,7.002,0.1507,7.1631,67.8667,72,16.0083,72.0,72.0,72,0.0,72.0,100.0,0
ewma,100,10M,h2,2,10485760,6.0,15,1,942.1221,944.179,5.4618,947.1228,89.0423,88.8455,0.5214,89.9981,935.5415,937.424,5.453,940.3699,27.6,29,6.1505,32.6,6.9707,6.96,0.1449,7.2044,67.1333,71,15.8108,72.0,71.5333,72,0.5164,72.0,100.0,0
ewma,100,10M,h2,3,10485760,6.0,15,1,942.919,945.571,4.7644,946.9646,88.9664,88.7147,0.4515,89.6758,936.3003,938.904,4.7333,940.4704,28.2,29,5.3612,34.3,6.9506,6.953,0.1639,7.1863,67.8667,72,16.0083,72.0,72.0,72,0.0,72.0,100.0,0
ewma,100,10M,h2,4,10485760,6.0,15,1,943.1841,944.265,3.8391,946.7335,88.9406,88.8374,0.3639,89.7513,936.6015,937.699,3.8067,939.9884,27.1333,28,5.0124,33.9,6.962,6.931,0.1714,7.1917,66.9333,71,15.7501,71.0,71.1333,71,0.3519,72.0,100.0,0
ewma,100,10M,h2,5,10485760,6.0,15,1,947.1299,945.082,8.5129,956.1386,88.5752,88.7606,0.7735,88.9749,940.4462,938.32,8.4717,949.6292,28.0667,29,5.7628,33.0,6.9557,6.958,0.1224,7.1325,66.9333,71,15.7501,71.0,71.1333,71,0.3519,72.0,100.0,0
ewma,100,10M,h2,6,10485760,6.0,15,1,942.2633,944.082,4.6647,948.079,89.0282,88.8547,0.442,89.7397,935.6296,937.444,4.6673,941.4968,27.6,28,3.6214,31.2,6.9738,6.968,0.1282,7.1494,67.8667,72,16.0083,72.0,72.0,72,0.0,72.0,100.0,0
ewma,100,10M,h2,7,10485760,6.0,15,1,943.9791,944.612,9.4806,954.2967,88.8726,88.8048,0.8853,90.2227,937.2566,937.957,9.3977,947.4337,26.2667,28,5.9096,32.0,6.9166,6.909,0.1324,7.1277,66.9333,71,15.7501,71.0,71.2667,71,0.4577,72.0,100.0,0
ewma,100,10M,h2,8,10485760,6.0,15,1,941.9227,942.631,4.731,947.52,89.0604,88.9914,0.4486,89.813,935.3187,935.902,4.7187,940.9323,28.3333,29,5.8513,34.0,6.9467,6.927,0.1075,7.0874,67.4667,72,15.9054,72.0,71.7333,72,0.4577,72.0,100.0,0
ewma,100,10M,h2,9,10485760,6.0,15,1,942.6934,944.729,4.3466,946.1912,88.9873,88.7938,0.4132,89.8187,936.0468,938.01,4.283,939.6984,29.5333,30,4.6731,34.3,7.0169,7.014,0.1012,7.1587,67.8667,72,16.0083,72.0,72.0,72,0.0,72.0,100.0,0
ewma,100,10M,h2,10,10485760,6.0,15,1,943.5313,944.403,9.2391,954.7168,88.9144,88.8245,0.8667,90.352,936.9291,937.947,9.2877,948.1286,25.6667,27,5.8757,32.0,6.9405,6.918,0.1962,7.1942,66.9333,71,15.7501,71.0,71.2,71,0.414,72.0,100.0,0
ewma,100,10M,h3,1,10485760,22.0,15,1,1262.1684,1267.423,32.7287,1283.0556,66.5069,66.1863,1.8621,68.6786,1235.5415,1243.27,32.4967,1257.4594,15.6,10,24.6426,40.3,22.6662,22.652,0.104,22.8168,171.4667,183,44.6684,183.0,183.0,183,0.0,183.0,100.0,0
ewma,100,10M,h3,2,10485760,22.0,15,1,1363.3905,1320.747,102.4063,1513.8213,61.849,63.5141,4.5936,68.5083,1336.281,1292.823,102.938,1487.457,34.8667,42,28.9602,79.3,22.8175,22.641,0.3757,23.5823,147.0,157,37.9586,159.0,158.0,157,3.7033,164.9,100.0,0
ewma,100,10M,h3,3,10485760,22.0,15,1,1293.8443,1299.114,29.3258,1316.8243,64.868,64.5718,1.5709,66.7169,1266.3694,1270.782,29.7478,1290.9126,11.4667,4,22.1484,34.3,22.5792,22.558,0.0765,22.6982,164.9333,176,42.861,176.0,176.0,176,0.0,176.0,100.0,0
ewma,100,10M,h3,4,10485760,22.0,15,1,1436.8131,1444.557,112.3127,1583.1627,58.7005,58.0705,4.374,64.3211,1409.7823,1417.749,112.6978,1557.2228,23.2667,10,21.4858,56.6,22.9073,22.676,0.4767,23.6761,143.9333,153,37.0549,154.0,153.6,154,0.6325,154.3,100.0,0
ewma,100,10M,h3,5,10485760,22.0,15,1,1251.2847,1260.235,32.1397,1271.3817,67.0843,66.5638,1.8495,69.554,1224.3239,1236.906,31.22,1242.7169,15.5333,10,25.6929,41.5,22.7064,22.71,0.0839,22.8211,174.2667,186,45.443,186.0,186.0,186,0.0,186.0,100.0,0
ewma,100,10M,h3,6,10485760,22.0,15,1,1356.7609,1312.539,218.1227,1575.1154,62.8383,63.9113,6.7799,66.7712,1330.2641,1284.498,217.6685,1546.8233,13.7333,9,21.9365,39.5,22.7218,22.669,0.3038,23.1039,164.9333,176,42.861,176.0,176.0,176,0.0,176.0,100.0,0
ewma,100,10M,h3,7,10485760,22.0,15,1,1172.6613,1165.276,34.1514,1215.5084,71.587,71.9882,1.9227,72.8946,1146.4668,1139.714,34.2943,1188.581,12.6,13,3.5617,18.2,22.7783,22.758,0.0624,22.8803,193.8667,207,50.8652,207.0,207.0,207,0.0,207.0,100.0,0
ewma,100,10M,h3,8,10485760,22.0,15,1,1367.2691,1407.375,85.4,1475.1852,61.5782,59.6046,3.8642,66.3061,1340.0103,1381.003,85.9096,1450.1697,26.6,12,20.8423,54.8,22.8964,22.72,0.3898,23.5527,149.0667,159,38.4716,159.0,159.0667,159,0.2582,159.3,100.0,0
ewma,100,10M,h3,9,10485760,22.0,15,1,1416.3115,1411.478,61.2086,1498.1546,59.3296,59.4314,2.5152,62.1571,1390.2098,1385.625,61.6582,1471.2188,14.9333,5,25.2854,59.1,22.869,22.755,0.3348,23.5468,150.0,160,38.7298,160.0,160.0,160,0.0,160.0,100.0,0
ewma,100,10M,h3,10,10485760,22.0,15,1,1372.6307,1312.051,85.6313,1491.6824,61.3319,63.9351,3.7554,65.5889,1346.1799,1284.134,86.5873,1468.6454,33.9333,42,28.6418,77.2,22.7272,22.653,0.2222,23.1118,146.2667,156,37.697,156.0,156.0,156,0.0,156.0,100.0,0
ewma,100,10M,h4,1,10485760,52.0,15,1,1649.5264,1572.464,348.0008,1997.1195,52.1353,53.3469,6.5248,55.4617,1582.1139,1501.038,349.2461,1929.3823,9.4,10,2.7464,10.9,52.8467,52.821,0.1692,53.085,381.4667,408,102.7632,408.0,408.0,408,0.0,408.0,93.333,0
ewma,100,10M,h4,2,10485760,52.0,15,1,1506.3348,1436.423,211.2703,1831.0365,56.426,58.3993,5.6596,59.2591,1439.5925,1366.986,211.7837,1768.5168,9.7333,9,3.6345,14.2,52.8841,52.846,0.252,53.2312,416.9333,446,112.5747,446.0,446.0,446,0.0,446.0,93.333,0
ewma,100,10M,h4,3,10485760,52.0,15,1,1740.8935,1769.301,135.0969,1917.8777,48.4756,47.412,4.0306,54.1135,1675.5833,1699.746,134.6749,1855.2034,21.2667,6,29.1902,70.9,52.9663,52.676,0.7557,54.2989,320.5333,326,88.0478,365.0,351.8667,326,40.3606,399.5,100.0,0
ewma,100,10M,h4,4,10485760,52.0,15,1,1442.1559,1423.749,62.353,1518.4114,58.2583,58.9191,2.2617,60.0801,1377.954,1365.209,61.2334,1452.3362,15.0667,13,6.6167,23.5,52.8387,52.82,0.2247,53.1622,432.8,463,116.9641,463.0,463.0,463,0.0,463.0,100.0,0
ewma,100,10M,h4,5,10485760,52.0,15,1,1722.6855,1705.677,168.8207,1950.0326,49.0794,49.1805,4.2702,53.4258,1658.5558,1637.562,167.2878,1880.4138,29.4667,9,43.8371,118.0,52.8117,52.644,0.5663,53.5,332.2667,358,89.6879,358.0,363.0,358,31.4393,391.9,100.0,0
ewma,100,10M,h4,6,10485760,52.0,15,1,1734.2345,1620.056,494.2227,2252.0877,50.3436,51.7797,7.4549,53.7091,1667.2032,1557.576,493.1998,2181.1333,7.4,9,3.5817,10.9,52.9276,52.94,0.3375,53.451,363.7333,389,97.8574,389.0,389.0,389,0.0,389.0,93.333,0
ewma,100,10M,h4,7,10485760,52.0,15,1,1536.8091,1539.271,26.3966,1567.1538,54.5999,54.4973,0.9574,55.9283,1470.4692,1471.512,26.6369,1498.7517,28.0667,10,68.3264,91.6,52.8213,52.804,0.1365,53.0065,396.4,424,106.8943,424.0,424.0,424,0.0,424.0,100.0,0
ewma,100,10M,h4,8,10485760,52.0,15,1,1709.0604,1586.195,478.2332,2198.1037,51.0183,52.8851,7.4302,54.0342,1642.1255,1519.983,481.1655,2133.631,4.5333,4,2.4456,10.0,52.8128,52.809,0.2883,53.1771,363.7333,389,97.8574,389.0,389.0,389,0.0,389.0,93.333,0
ewma,100,10M,h4,9,10485760,52.0,15,1,1445.7071,1428.725,81.479,1624.5016,58.1825,58.7139,3.0121,60.6221,1378.9571,1357.231,82.9332,1560.5841,12.8,9,6.5487,22.1,52.7709,52.745,0.1888,53.0803,432.8,463,116.9641,463.0,463.0,463,0.0,463.0,100.0,0
ewma,100,10M,h4,10,10485760,52.0,15,1,1440.6347,1428.231,62.2111,1531.3305,58.3194,58.7343,2.2551,59.7633,1375.6445,1368.093,65.8237,1467.7094,15.3333,13,7.0068,25.5,52.8087,52.813,0.1769,53.0615,432.8,463,116.9641,463.0,463.0,463,0.0,463.0,100.0,0
lossaware,100,10M,h2,1,10485760,6.0,15,1,932.9303,932.758,1.91,935.8045,89.9171,89.9334,0.1841,90.1888,926.2972,926.138,1.8488,929.1481,13.6,14,2.3845,16.3,7.2668,7.263,0.076,7.414,10.0,10,0.0,10.0,71.6,72,0.6325,72.3,100.0,120
lossaware,100,10M,h2,2,10485760,6.0,15,1,934.5667,933.262,4.0419,942.8013,89.7609,89.8848,0.3867,90.1881,927.8711,926.443,4.0058,935.94,14.0,14,2.952,17.0,7.2787,7.257,0.0902,7.4392,10.0,10,0.0,10.0,71.8667,72,0.7432,72.6,100.0,120
lossaware,100,10M,h2,3,10485760,6.0,15,1,934.8285,933.325,3.7286,942.0487,89.7355,89.8787,0.3562,90.062,928.1769,926.713,3.7531,935.4223,13.5333,13,2.2949,17.0,7.2651,7.264,0.0579,7.3434,10.0,10,0.0,10.0,71.6667,72,0.488,72.0,100.0,120
lossaware,100,10M,h2,4,10485760,6.0,15,1,935.4455,933.498,4.1727,942.7555,89.6767,89.8621,0.3984,90.0276,928.8289,926.982,4.1234,936.0675,12.9333,13,1.9074,15.3,7.2761,7.237,0.0854,7.4204,10.0,10,0.0,10.0,71.6667,72,0.488,72.0,100.0,120
lossaware,100,10M,h2,5,10485760,6.0,15,1,935.4612,934.411,3.7162,941.9024,89.6748,89.7743,0.3555,90.0971,928.7653,927.784,3.672,935.1063,12.6,12,1.7238,15.6,7.2706,7.238,0.1006,7.4107,10.0,10,0.0,10.0,71.6,72,0.5071,72.0,100.0,120
lossaware,100,10M,h2,6,10485760,6.0,15,1,936.4335,935.112,3.6778,942.2664,89.5817,89.707,0.3512,89.9864,929.8131,928.425,3.7063,935.5612,12.8667,13,1.9591,15.3,7.2357,7.236,0.0665,7.3289,10.0,10,0.0,10.0,71.5333,72,0.5164,72.0,100.0,120
lossaware,100,10M,h2,7,10485760,6.0,15,1,936.0645,934.207,4.5663,942.7477,89.6177,89.7939,0.4366,90.1478,929.4006,927.617,4.5831,935.9322,13.4667,14,2.4162,16.3,7.2465,7.243,0.0919,7.3943,10.0,10,0.0,10.0,71.5333,72,0.5164,72.0,100.0,120
lossaware,100,10M,h2,8,10485760,6.0,15,1,935.9349,934.801,3.5267,941.7781,89.6293,89.7368,0.3372,90.018,929.3395,928.328,3.5583,935.4006,13.2,13,3.1214,17.5,7.2964,7.282,0.099,7.4432,10.0,10,0.0,10.0,71.6,72,0.5071,72.0,100.0,120
lossaware,100,10M,h2,9,10485760,6.0,15,1,935.1417,934.62,3.3412,940.5763,89.7052,89.7542,0.3198,90.0812,928.5075,927.793,3.402,934.0562,13.2,13,2.1112,16.0,7.2861,7.267,0.0829,7.3968,10.0,10,0.0,10.0,71.4,71,0.5071,72.0,100.0,120
lossaware,100,10M,h2,10,10485760,6.0,15,1,936.188,934.667,4.3193,942.7748,89.6057,89.7497,0.4126,90.0909,929.5455,927.986,4.3242,936.1796,13.4667,13,1.9223,16.0,7.2493,7.245,0.1086,7.4283,10.0,10,0.0,10.0,71.4667,71,0.5164,72.0,100.0,120
lossaware,100,10M,h3,1,10485760,22.0,15,1,1224.1004,1191.683,131.9658,1401.6641,69.1073,70.3929,5.7817,73.2927,1197.0643,1161.114,132.6895,1377.3833,85.0,91,24.4803,105.6,22.7163,22.717,0.097,22.8913,10.0,10,0.0,10.0,178.7333,176,10.1451,192.0,100.0,120
lossaware,100,10M,h3,2,10485760,22.0,15,1,1325.1437,1193.205,199.1334,1659.5123,64.5214,70.3032,8.7159,73.2081,1297.897,1164.234,198.5998,1631.5079,76.4667,91,35.7089,105.0,22.7538,22.705,0.234,23.1553,10.0,10,0.0,10.0,174.8,176,19.2027,206.5,100.0,120
lossaware,100,10M,h3,3,10485760,22.0,15,1,1231.7238,1186.34,132.3375,1508.348,68.7472,70.71,6.4173,73.6083,1205.1691,1161.922,132.7692,1481.4522,86.6,92,24.8274,102.3,22.8302,22.793,0.2178,23.1438,10.0,10,0.0,10.0,179.0667,176,12.8756,193.9,100.0,120
lossaware,100,10M,h3,4,10485760,22.0,15,1,1337.7991,1200.358,224.8044,1678.6544,64.2397,69.8842,9.8171,73.6403,1310.4283,1171.249,224.5587,1649.7405,78.0667,92,36.5249,103.5,22.7871,22.719,0.2815,23.409,10.0,10,0.0,10.0,180.7333,176,15.6728,205.3,100.0,120
lossaware,100,10M,h3,5,10485760,22.0,15,1,1297.1625,1191.05,191.1241,1678.2525,65.8203,70.4304,8.4072,73.3528,1270.4742,1163.777,190.801,1651.8545,76.0667,91,35.3482,104.0,22.7233,22.727,0.0844,22.8415,10.0,10,0.0,10.0,181.6,176,14.8266,206.2,100.0,120
lossaware,100,10M,h3,6,10485760,22.0,15,1,1307.5735,1255.493,174.3312,1677.4785,65.0963,66.8153,7.6195,73.288,1280.2809,1231.018,174.2815,1649.2441,67.8,89,37.3577,102.9,22.6707,22.676,0.1308,22.8343,10.0,10,0.0,10.0,182.3333,176,17.007,209.3,100.0,120
lossaware,100,10M,h3,7,10485760,22.0,15,1,1280.7903,1247.615,136.0551,1498.7221,66.0885,67.2372,6.0185,70.8424,1255.1724,1218.826,136.1457,1473.9281,70.8667,87,31.8453,92.0,22.7167,22.734,0.1035,22.8714,10.0,10,0.0,10.0,179.0,176,16.0713,210.3,100.0,120
lossaware,100,10M,h3,8,10485760,22.0,15,1,1352.6333,1249.373,208.9738,1674.9629,63.3143,67.1425,9.0297,71.801,1325.7692,1220.847,210.2998,1648.4155,63.3333,89,39.46,95.6,22.7569,22.693,0.2326,23.0778,10.0,10,0.0,10.0,184.3333,176,17.6783,209.3,100.0,120
lossaware,100,10M,h3,9,10485760,22.0,15,1,1261.792,1186.228,177.3731,1648.537,67.5125,70.7167,7.8893,73.4934,1234.831,1161.114,177.1457,1619.1601,84.7333,91,31.306,105.0,22.7973,22.743,0.2187,23.1001,10.0,10,0.0,10.0,180.8667,176,13.773,206.2,100.0,120
lossaware,100,10M,h3,10,10485760,22.0,15,1,1229.4027,1189.952,127.4289,1388.6455,68.7715,70.4953,5.5959,73.3296,1202.2073,1164.14,127.2238,1360.4333,84.6667,91,24.5376,105.6,22.7071,22.717,0.0848,22.8142,10.0,10,0.0,10.0,177.6667,176,10.1536,192.4,100.0,120
lossaware,100,10M,h4,1,10485760,52.0,15,1,1831.6809,1692.907,241.1587,2212.8429,46.4876,49.5515,5.6383,52.2138,1766.3503,1623.416,241.336,2151.2522,75.0,35,65.2304,187.0,53.9796,53.109,2.2552,58.8187,10.0,10,0.0,10.0,405.0,463,79.3788,480.8,100.0,120
lossaware,100,10M,h4,2,10485760,52.0,15,1,1833.0867,1664.072,535.6427,2678.9884,48.1333,50.4101,8.9625,55.8401,1766.9705,1604.904,536.7458,2612.975,77.0,35,75.4491,212.3,53.9579,53.161,2.8173,58.4315,53.4,10,105.9588,253.2,416.9333,463,60.0886,474.5,93.333,116
lossaware,100,10M,h4,3,10485760,52.0,15,1,1783.3509,1622.835,491.2788,2467.2232,49.2177,51.6911,8.8364,57.4679,1718.0442,1565.542,492.0226,2406.1049,61.1333,25,92.6451,239.0,53.2317,52.883,0.5954,54.0257,105.9333,95,104.5886,263.7,443.4667,469,42.0389,480.3,73.333,84
lossaware,100,10M,h4,4,10485760,52.0,15,1,1744.8568,1611.34,287.4548,2180.2795,49.2463,52.0598,7.639,58.2315,1676.7844,1543.025,287.9802,2113.1361,92.9333,34,98.0076,258.5,53.3376,52.967,1.1648,55.2488,84.6,13,126.6738,297.7,425.9333,458,65.6348,482.6,86.667,103
lossaware,100,10M,h4,5,10485760,52.0,15,1,1841.263,1616.724,563.753,2733.0599,48.4241,51.8865,10.416,57.7344,1775.8567,1546.288,567.0169,2675.0661,120.2,136,106.0749,240.1,53.485,53.064,1.103,55.0952,78.6667,26,125.0524,308.7,412.3333,461,81.4605,480.9,86.667,99
lossaware,100,10M,h4,6,10485760,52.0,15,1,1726.4324,1599.473,312.1543,2248.2263,49.9938,52.4461,8.3994,60.5835,1660.5646,1530.111,312.082,2188.0588,94.9333,35,108.3865,281.9,53.0196,52.85,0.5401,53.9501,93.4667,56,115.7027,289.9,425.4667,446,71.565,488.8,73.333,96
lossaware,100,10M,h4,7,10485760,52.0,15,1,1891.7702,1675.724,587.3008,3076.4162,47.2789,50.0596,10.3862,57.1407,1823.6338,1607.386,586.3149,3005.3203,87.9333,35,101.7844,243.8,53.3169,53.042,1.1325,54.9036,63.7333,10,104.8287,253.2,414.4667,408,64.2027,482.2,86.667,103
lossaware,100,10M,h4,8,10485760,52.0,15,1,1869.0458,1634.534,594.4661,3118.1592,47.6848,51.3211,9.6591,54.9294,1801.7119,1567.868,596.9779,3053.4039,99.8667,34,115.9279,284.3,53.8584,52.928,1.8768,57.9176,59.6,10,110.0479,265.2,435.5333,463,52.398,483.6,86.667,106
lossaware,100,10M,h4,9,10485760,52.0,15,1,1721.5804,1682.627,250.0053,2067.1035,49.639,49.8542,6.7926,58.0079,1656.0369,1614.09,249.3843,2000.1412,90.2667,25,105.1682,248.4,53.3469,53.206,0.6545,54.3615,120.2,101,112.8008,289.9,441.9333,465,46.7432,483.6,66.667,82
lossaware,100,10M,h4,10,10485760,52.0,15,1,1800.0073,1618.576,488.0727,2933.2114,48.9759,51.8271,9.5809,58.5866,1734.0923,1553.235,489.3406,2867.6665,116.2,141,102.2512,237.7,53.4003,52.908,1.5167,55.4478,78.5333,27,107.6541,265.2,409.8667,408,57.8803,482.3,80.0,96
lossaware-disc,100,10M,h2,1,10485760,6.0,15,1,935.849,934.912,3.6609,942.1146,89.6376,89.7262,0.35,90.0393,929.2109,928.266,3.6123,935.401,12.6667,13,1.9518,16.0,7.2529,7.254,0.0632,7.3383,10.0,10,0.0,10.0,71.5333,72,0.5164,72.0,100.0,0
lossaware-disc,100,10M,h2,2,10485760,6.0,15,1,935.1693,933.878,4.0461,942.448,89.703,89.8255,0.3866,90.0836,928.5249,927.311,4.0416,935.7209,13.5333,14,2.2949,17.0,7.3281,7.312,0.1232,7.5266,10.0,10,0.0,10.0,71.5333,72,0.5164,72.0,100.0,0
lossaware-disc,100,10M,h2,3,10485760,6.0,15,1,943.586,937.589,22.5244,967.5285,88.9453,89.47,1.9729,89.9089,936.9139,930.79,22.5524,960.87,12.6667,12,2.5261,16.6,7.2564,7.236,0.0875,7.3972,10.0,10,0.0,10.0,71.4667,71,0.5164,72.0,100.0,0
lossaware-disc,100,10M,h2,4,10485760,6.0,15,1,936.6722,935.497,4.2896,942.4097,89.5593,89.6701,0.4099,90.077,930.0753,928.815,4.3359,935.7368,13.0,13,2.1381,16.0,7.2391,7.236,0.083,7.3811,10.0,10,0.0,10.0,71.2667,71,0.4577,72.0,100.0,0
lossaware-disc,100,10M,h2,5,10485760,6.0,15,1,935.5955,933.507,4.7072,942.851,89.6627,89.8612,0.4497,90.082,929.0077,926.794,4.6732,936.2077,12.0,11,1.9272,15.0,7.2406,7.215,0.1019,7.3951,10.0,10,0.0,10.0,71.5333,72,0.5164,72.0,100.0,0
lossaware-disc,100,10M,h2,6,10485760,6.0,15,1,934.8769,933.168,4.1474,943.3577,89.7312,89.8939,0.3961,90.0837,928.1702,926.336,4.0928,936.551,13.1333,14,2.2318,15.6,7.2761,7.263,0.0983,7.4316,10.0,10,0.0,10.0,71.6667,72,0.488,72.0,100.0,0
lossaware-disc,100,10M,h2,7,10485760,6.0,15,1,932.8329,932.298,1.9898,936.7108,89.9265,89.9778,0.1915,90.1831,926.1513,925.898,2.0039,929.8098,13.3333,13,2.0587,17.0,7.2663,7.255,0.0627,7.3582,10.0,10,0.0,10.0,71.9333,72,0.2582,72.0,100.0,0
lossaware-disc,100,10M,h2,8,10485760,6.0,15,1,936.7754,933.255,9.2578,949.3509,89.5556,89.8855,0.8615,90.0612,930.1166,926.7,9.3079,942.7917,14.2667,15,2.0517,16.3,7.2941,7.269,0.095,7.4527,10.0,10,0.0,10.0,71.6667,72,0.488,72.0,100.0,0
lossaware-disc,100,10M,h2,9,10485760,6.0,15,1,934.737,932.856,3.7584,941.4112,89.7443,89.9239,0.3594,90.0511,928.024,926.409,3.7885,934.645,14.2,15,2.9326,17.6,7.2632,7.262,0.0802,7.3473,10.0,10,0.0,10.0,71.5333,72,0.5164,72.0,100.0,0
lossaware-disc,100,10M,h2,10,10485760,6.0,15,1,935.3445,933.602,6.6018,945.8152,89.6888,89.8521,0.6217,90.1045,928.6527,926.875,6.6202,939.0298,12.7333,12,2.6583,16.6,7.2595,7.271,0.0662,7.3501,10.0,10,0.0,10.0,71.6,72,0.5071,72.0,100.0,0
lossaware-disc,100,10M,h3,1,10485760,22.0,15,1,1242.7125,1190.287,141.475,1504.4995,68.1658,70.4755,6.2824,73.4196,1216.6912,1163.08,142.2319,1480.5781,78.4667,91,30.0544,104.6,22.6949,22.69,0.0967,22.8633,10.0,10,0.0,10.0,180.1333,176,13.0157,206.8,100.0,0
lossaware-disc,100,10M,h3,2,10485760,22.0,15,1,1237.0165,1185.659,166.6428,1571.6812,68.7204,70.7506,7.2572,74.0352,1210.6496,1159.83,166.3809,1544.448,90.7333,91,12.2151,103.0,22.7459,22.75,0.0965,22.8808,10.0,10,0.0,10.0,175.7333,176,10.124,186.3,100.0,0
lossaware-disc,100,10M,h3,3,10485760,22.0,15,1,1297.1684,1189.234,242.8043,1767.5092,66.3668,70.5379,9.8035,73.9523,1270.9811,1161.169,243.1896,1740.662,85.6,92,26.3704,106.3,22.7704,22.724,0.2146,23.0555,10.0,10,0.0,10.0,176.6667,176,13.9625,192.4,100.0,0
lossaware-disc,100,10M,h3,4,10485760,22.0,15,1,1304.6505,1191.605,210.5497,1729.4999,65.601,70.3976,8.7275,73.3903,1277.4227,1161.915,210.1319,1700.1056,74.4667,87,34.552,104.8,22.7868,22.738,0.2118,23.0811,10.0,10,0.0,10.0,180.9333,176,16.8839,210.0,100.0,0
lossaware-disc,100,10M,h3,5,10485760,22.0,15,1,1242.1711,1190.751,149.5465,1510.0415,68.2943,70.448,6.8342,73.8618,1215.1102,1163.822,150.7242,1483.1937,75.4,84,30.3334,102.3,22.7161,22.742,0.0726,22.7962,10.0,10,0.0,10.0,182.7333,183,15.0545,206.8,100.0,0
lossaware-disc,100,10M,h3,6,10485760,22.0,15,1,1286.0101,1187.467,183.6704,1604.6205,66.3302,70.6429,8.2864,73.7009,1259.1827,1162.297,183.4139,1576.5266,84.7333,92,24.5749,104.2,22.8107,22.711,0.3669,23.6382,10.0,10,0.0,10.0,175.7333,176,14.365,193.5,100.0,0
lossaware-disc,100,10M,h3,7,10485760,22.0,15,1,1349.4843,1275.821,196.9111,1675.1298,63.3345,65.7507,8.6457,73.0095,1323.3979,1252.609,197.8122,1648.8371,72.2,91,35.029,103.0,22.7435,22.681,0.2207,23.045,10.0,10,0.0,10.0,177.4667,176,17.667,206.8,100.0,0
lossaware-disc,100,10M,h3,8,10485760,22.0,15,1,1195.1471,1184.369,55.5102,1294.9565,70.3243,70.8277,3.1252,73.5396,1168.2383,1157.258,55.2083,1266.5779,89.4667,91,10.0062,101.3,22.7434,22.76,0.0957,22.8636,10.0,10,0.0,10.0,176.2667,176,7.9144,186.3,100.0,0
lossaware-disc,100,10M,h3,9,10485760,22.0,15,1,1275.3155,1188.481,190.2893,1677.1994,66.9362,70.5826,8.3557,73.6232,1248.8261,1163.393,189.9669,1648.0057,80.6,91,32.9866,106.6,22.8061,22.771,0.1981,23.0876,10.0,10,0.0,10.0,180.0,176,13.0603,204.3,100.0,0
lossaware-disc,100,10M,h3,10,10485760,22.0,15,1,1289.2805,1189.216,220.8114,1707.3044,66.5532,70.539,9.3454,73.8688,1262.0962,1162.249,220.9503,1678.7366,74.8667,91,36.2508,104.6,22.7754,22.729,0.2413,23.154,10.0,10,0.0,10.0,180.3333,186,19.2601,205.3,100.0,0
lossaware-disc,100,10M,h4,1,10485760,52.0,15,1,1649.617,1499.772,522.5715,2220.5287,53.3638,55.9326,8.6389,59.2113,1583.8093,1436.962,523.8006,2156.5025,88.7333,34,87.6661,211.6,52.8338,52.786,0.3238,53.3019,195.6,195,71.6418,253.2,421.1333,395,47.6023,471.2,93.333,14
lossaware-disc,100,10M,h4,2,10485760,52.0,15,1,1675.9575,1589.672,375.4864,2277.7573,51.6518,52.7694,7.8472,58.4768,1609.1066,1519.984,375.2382,2208.4444,76.4667,34,75.5483,207.3,53.0595,52.712,1.1543,54.4574,178.8,204,101.7695,265.2,437.5333,464,48.7411,474.5,93.333,12
lossaware-disc,100,10M,h4,3,10485760,52.0,15,1,1810.6309,1649.971,510.9519,2527.9939,48.463,50.8409,8.4142,56.6058,1744.8431,1589.414,510.2623,2460.4325,47.4,27,64.0734,164.4,53.2949,52.855,0.9013,54.825,143.2667,97,93.9654,253.2,423.6,468,71.3,483.6,86.667,23
lossaware-disc,100,10M,h4,4,10485760,52.0,15,1,1679.8951,1539.621,308.4237,2284.5488,51.2994,54.4849,8.0218,58.9053,1613.4981,1476.933,309.8621,2224.1845,86.6667,35,85.6735,238.0,53.459,52.884,1.6453,56.0851,181.0667,223,120.9572,289.9,440.2667,446,48.8635,483.3,93.333,11
lossaware-disc,100,10M,h4,5,10485760,52.0,15,1,1739.1014,1583.958,514.0465,2368.7293,50.5315,52.9598,8.6229,58.9631,1673.7023,1521.85,512.5193,2300.4014,100.8,37,90.1397,213.4,53.0695,52.866,0.6531,54.2807,131.7333,97,99.2453,253.2,413.6667,404,66.4032,485.6,93.333,19
lossaware-disc,100,10M,h4,6,10485760,52.0,15,1,1690.8254,1574.382,529.8885,2329.0934,52.1522,53.2819,9.0078,60.5864,1624.2395,1503.658,531.3077,2262.9557,103.6,35,91.8001,230.2,52.8669,52.824,0.3867,53.6344,146.2667,195,111.2067,253.2,415.3333,390,50.1151,469.7,93.333,10
lossaware-disc,100,10M,h4,7,10485760,52.0,15,1,1900.253,1743.935,510.1646,2862.203,46.0798,48.1016,7.8909,53.0004,1834.939,1685.148,511.1486,2794.2521,66.2667,25,66.1626,174.9,53.9027,53.457,1.7447,56.0878,137.5333,97,94.028,253.2,406.8,390,68.8188,477.5,93.333,21
lossaware-disc,100,10M,h4,8,10485760,52.0,15,1,1814.0843,1659.691,395.1018,2600.2811,47.8835,50.5432,8.2794,58.2757,1747.2949,1593.544,395.3297,2532.4757,102.0,40,95.3333,232.1,53.1193,52.905,0.706,54.4276,111.6,102,113.749,265.2,409.8667,408,57.732,471.5,86.667,16
lossaware-disc,100,10M,h4,9,10485760,52.0,15,1,1791.4634,1587.193,547.2965,2705.612,49.586,52.8518,10.1266,59.8106,1724.1745,1518.334,547.8643,2641.2282,86.9333,31,93.7531,237.5,53.4997,52.915,1.79,55.7428,137.7333,97,99.7035,253.2,409.9333,420,64.755,479.6,86.667,20
lossaware-disc,100,10M,h4,10,10485760,52.0,15,1,1795.2405,1698.683,351.3822,2369.306,48.1887,49.383,8.1281,57.1206,1726.0481,1629.586,351.8563,2303.5908,103.2667,134,85.1825,221.1,53.6033,52.74,2.0581,56.9571,106.0667,112,123.1657,289.9,394.4667,396,66.4174,472.3,86.667,15
metrics,100,10M,h2,1,10485760,6.0,15,1,933.8551,933.387,2.755,938.6564,89.8285,89.8728,0.2645,90.181,927.1997,926.841,2.7978,932.1806,12.7333,13,1.9074,15.3,7.3063,7.295,0.1106,7.4567,10.0,10,0.0,10.0,71.6667,72,0.6172,72.3,100.0,0
metrics,100,10M,h2,2,10485760,6.0,15,1,935.0385,932.945,4.2696,942.4698,89.7158,89.9154,0.4083,90.1355,928.3964,926.09,4.2914,935.785,13.1333,13,2.5875,16.6,7.2403,7.215,0.0796,7.3535,10.0,10,0.0,10.0,71.5333,72,0.5164,72.0,100.0,0
metrics,100,10M,h2,3,10485760,6.0,15,1,935.5278,933.87,3.7784,941.7302,89.6685,89.8263,0.3613,90.0475,928.9032,927.279,3.7468,935.0282,13.3333,12,3.2219,17.8,7.2627,7.268,0.0899,7.3699,10.0,10,0.0,10.0,71.4667,71,0.5164,72.0,100.0,0
metrics,100,10M,h2,4,10485760,6.0,15,1,934.2583,933.265,3.2979,940.9582,89.79,89.8845,0.3158,90.1143,927.5924,926.65,3.3151,934.2521,13.4667,14,1.5976,15.3,7.2564,7.246,0.0842,7.3759,10.0,10,0.0,10.0,71.7333,72,0.4577,72.0,100.0,0
metrics,100,10M,h2,5,10485760,6.0,15,1,936.6483,937.041,3.8521,942.2675,89.5613,89.5223,0.3684,90.0872,929.9792,930.399,3.751,935.4755,13.2667,13,2.1536,16.6,7.2383,7.23,0.0786,7.3581,10.0,10,0.0,10.0,71.6,72,0.5071,72.0,100.0,0
metrics,100,10M,h2,6,10485760,6.0,15,1,936.4221,933.18,4.5812,943.4106,89.5835,89.8927,0.4371,89.9754,929.7871,926.569,4.573,936.8387,13.4,14,2.0633,16.0,7.2541,7.227,0.1134,7.4788,10.0,10,0.0,10.0,71.5333,72,0.5164,72.0,100.0,0
metrics,100,10M,h2,7,10485760,6.0,15,1,932.9038,932.271,1.6633,935.3099,89.9196,89.9804,0.1602,90.0827,926.2307,925.52,1.6911,928.6712,12.7333,12,1.5796,15.3,7.3377,7.309,0.1135,7.5502,10.0,10,0.0,10.0,71.8667,72,0.5164,72.3,100.0,0
metrics,100,10M,h2,8,10485760,6.0,15,1,933.9825,933.392,2.4494,937.5387,89.8161,89.8723,0.235,90.1005,927.3458,926.91,2.4346,930.8439,13.3333,14,2.1269,16.0,7.2671,7.236,0.0917,7.4141,10.0,10,0.0,10.0,71.6667,72,0.6172,72.3,100.0,0
metrics,100,10M,h2,9,10485760,6.0,15,1,936.4245,934.503,4.0887,942.1117,89.5828,89.7654,0.3905,90.0429,929.8164,927.912,4.1039,935.5635,13.0,13,1.6036,16.0,7.2526,7.251,0.0806,7.4073,10.0,10,0.0,10.0,71.5333,72,0.5164,72.0,100.0,0
metrics,100,10M,h2,10,10485760,6.0,15,1,935.7202,933.36,4.3644,942.4804,89.6505,89.8754,0.4169,90.0602,929.0667,926.652,4.4071,936.037,13.2,13,2.0771,17.3,7.2775,7.243,0.0901,7.4389,10.0,10,0.0,10.0,71.6667,72,0.488,72.0,100.0,0
metrics,100,10M,h3,1,10485760,22.0,15,1,1361.7698,1191.847,263.073,1741.9655,63.5311,70.3833,10.7415,73.2104,1334.8078,1165.266,262.8809,1713.2681,68.5333,90,38.3608,102.1,22.8569,22.789,0.2796,23.4305,10.0,10,0.0,10.0,177.8,176,19.7853,205.0,100.0,0
metrics,100,10M,h3,2,10485760,22.0,15,1,1228.6039,1185.169,152.8773,1542.4907,69.0751,70.7798,6.8976,73.7504,1201.0759,1156.818,152.1728,1513.2666,88.4,91,23.7059,103.6,22.7753,22.722,0.2021,23.0812,10.0,10,0.0,10.0,179.8667,176,10.2947,191.7,100.0,0
metrics,100,10M,h3,3,10485760,22.0,15,1,1210.9117,1189.465,61.7677,1313.0419,69.4365,70.5242,3.3939,73.4633,1185.3919,1163.505,61.7321,1288.1887,90.6667,91,10.513,104.6,22.7417,22.749,0.1005,22.8916,10.0,10,0.0,10.0,174.2667,176,8.1281,186.0,100.0,0
metrics,100,10M,h3,4,10485760,22.0,15,1,1327.8504,1192.795,208.0141,1683.154,64.4798,70.3273,8.9622,73.3762,1300.5423,1163.125,208.0951,1656.3726,71.9333,90,34.4476,102.6,22.6788,22.707,0.0949,22.8197,10.0,10,0.0,10.0,179.2,176,15.5159,205.0,100.0,0
metrics,100,10M,h3,5,10485760,22.0,15,1,1341.7964,1265.152,230.1121,1752.7169,63.9448,66.3051,8.9818,71.2895,1313.9171,1238.962,229.9631,1724.2069,72.2,80,29.4138,101.3,22.7746,22.727,0.1813,23.0777,10.0,10,0.0,10.0,174.4667,176,16.7412,206.7,100.0,0
metrics,100,10M,h3,6,10485760,22.0,15,1,1301.7323,1192.145,198.5544,1676.8983,65.6591,70.3657,8.5717,73.027,1274.9664,1164.182,199.0009,1651.3177,73.5333,91,34.1799,102.6,22.7703,22.741,0.1488,23.0092,10.0,10,0.0,10.0,183.2667,176,15.9439,207.6,100.0,0
metrics,100,10M,h3,7,10485760,22.0,15,1,1188.1063,1187.9,70.6405,1282.595,70.809,70.6171,3.6886,73.9646,1161.6209,1160.802,71.4142,1256.8191,84.8,91,23.8543,105.3,22.7347,22.733,0.08,22.8478,10.0,10,0.0,10.0,181.6,176,9.3793,192.9,100.0,0
metrics,100,10M,h3,8,10485760,22.0,15,1,1212.3782,1187.285,94.5948,1384.9469,69.5254,70.6537,4.6013,73.5788,1186.0233,1162.151,94.5442,1356.7935,88.8667,88,8.6095,101.9,22.7079,22.713,0.0788,22.8134,10.0,10,0.0,10.0,177.8,176,12.1726,194.7,100.0,0
metrics,100,10M,h3,9,10485760,22.0,15,1,1261.0607,1190.188,147.3565,1558.9947,67.2345,70.4814,6.5864,73.3307,1234.4408,1163.494,146.4102,1530.9508,86.7333,91,22.7893,104.3,22.7147,22.675,0.1291,22.9163,10.0,10,0.0,10.0,175.0,176,12.0178,192.4,100.0,0
metrics,100,10M,h3,10,10485760,22.0,15,1,1248.6155,1188.696,161.7009,1598.3643,68.0578,70.5698,7.2718,73.7493,1222.1799,1162.18,163.1606,1575.4909,87.4667,92,23.7843,106.3,22.7911,22.753,0.2205,23.0476,10.0,10,0.0,10.0,178.2,176,11.8394,192.0,100.0,0
metrics,100,10M,h4,1,10485760,52.0,15,1,2236.8121,1672.941,1270.1953,4330.7955,44.0371,50.1429,13.0617,53.4944,2169.6639,1606.669,1270.3232,4266.6578,117.6667,161,98.7599,221.9,53.7733,53.268,2.005,56.6268,10.0,10,0.0,10.0,395.6,404,95.0547,485.9,86.667,0
metrics,100,10M,h4,2,10485760,52.0,15,1,2112.9497,2150.546,587.4917,2783.1243,41.9885,39.0069,9.419,54.4765,2047.2733,2084.947,588.2758,2718.7318,130.4667,166,93.2178,221.9,53.9215,53.514,1.4411,56.4695,10.0,10,0.0,10.0,379.2,396,89.908,485.5,86.667,0
metrics,100,10M,h4,3,10485760,52.0,15,1,1931.5415,1661.932,640.5169,2903.6948,46.387,50.475,10.0629,56.6419,1866.7748,1602.628,640.869,2835.53,136.6667,167,94.5566,245.2,53.491,53.211,1.1027,55.9532,10.0,10,0.0,10.0,390.7333,399,86.2293,492.2,93.333,0
metrics,100,10M,h4,4,10485760,52.0,15,1,2123.3464,2013.1,682.7931,3472.5647,42.7843,41.6701,11.2386,54.2009,2057.2836,1954.143,683.8063,3407.1398,116.1333,168,98.8345,230.3,53.5744,52.87,1.908,56.2723,10.0,10,0.0,10.0,391.8,389,62.425,486.3,73.333,0
metrics,100,10M,h4,5,10485760,52.0,15,1,2249.7587,2125.544,694.3987,3522.2005,40.4239,39.4657,11.196,54.9637,2184.9428,2058.681,694.5427,3456.1924,82.0,33,115.2959,271.7,53.3547,53.423,0.6317,54.1788,10.0,10,0.0,10.0,419.9333,444,50.1576,471.2,60.0,0
metrics,100,10M,h4,6,10485760,52.0,15,1,2106.151,1996.774,589.4661,3117.9002,42.3496,42.0108,9.9324,54.9023,2040.3332,1939.611,588.5799,3049.9323,76.4,32,89.7383,218.1,53.7317,53.277,1.9632,55.9502,10.0,10,0.0,10.0,402.8,408,61.6374,475.7,66.667,0
metrics,100,10M,h4,7,10485760,52.0,15,1,2001.1987,1648.815,642.768,3125.4558,45.0935,50.8766,10.7902,54.7357,1936.664,1588.935,641.2511,3054.7234,77.6,34,83.0824,222.1,53.3543,53.258,0.6543,54.2367,10.0,10,0.0,10.0,423.1333,463,57.9653,480.5,80.0,0
metrics,100,10M,h4,8,10485760,52.0,15,1,2017.1739,1773.306,563.9851,3089.4093,43.9522,47.3049,9.3401,53.4058,1949.6564,1706.106,565.0709,3029.578,97.8667,33,90.3966,221.7,53.264,53.354,0.3838,53.6741,10.0,10,0.0,10.0,409.3333,408,67.2848,486.2,80.0,0
metrics,100,10M,h4,9,10485760,52.0,15,1,1745.4149,1661.235,276.0636,2322.7568,48.9109,50.4962,5.7896,53.0887,1678.3697,1590.258,277.1773,2254.9766,86.9333,34,70.6182,194.9,53.1976,53.158,0.6329,54.1257,10.0,10,0.0,10.0,416.4667,463,69.4641,481.5,100.0,0
metrics,100,10M,h4,10,10485760,52.0,15,1,2203.038,2086.05,710.6805,3469.5874,41.2692,40.2129,10.8609,53.0206,2137.4787,2016.159,710.1514,3400.5232,97.7333,36,102.7594,248.6,53.6028,53.311,1.0058,55.0476,10.0,10,0.0,10.0,396.7333,389,78.0105,485.0,86.667,0
static10,100,10M,h2,1,10485760,6.0,15,1,936.7607,935.671,4.0772,942.631,89.5507,89.6534,0.3892,89.9568,930.1101,929.047,4.0848,935.9447,12.8,13,1.9712,15.3,7.2594,7.231,0.1091,7.412,10.0,10,0.0,10.0,71.3333,71,0.488,72.0,100.0,0
static10,100,10M,h2,2,10485760,6.0,15,1,934.9787,932.902,3.8401,941.6959,89.7212,89.9195,0.3671,90.0557,928.2931,926.394,3.9023,935.1108,13.8,14,1.7403,16.3,7.2635,7.25,0.1068,7.415,10.0,10,0.0,10.0,71.6,72,0.5071,72.0,100.0,0
static10,100,10M,h2,3,10485760,6.0,15,1,933.7724,933.687,1.6421,936.3599,89.8359,89.8439,0.1579,90.0549,927.0483,926.872,1.5661,929.5394,13.7333,14,2.2824,17.0,7.2867,7.253,0.1047,7.4755,10.0,10,0.0,10.0,71.7333,72,0.4577,72.0,100.0,0
static10,100,10M,h2,4,10485760,6.0,15,1,937.1434,935.739,4.2137,942.4686,89.5142,89.6469,0.4021,89.9591,930.5097,929.016,4.216,935.6986,12.6,12,2.3543,16.6,7.2735,7.29,0.1064,7.4173,10.0,10,0.0,10.0,71.5333,72,0.5164,72.0,100.0,0
static10,100,10M,h2,5,10485760,6.0,15,1,935.7121,934.634,4.294,942.3999,89.6512,89.7529,0.4103,90.0991,928.9676,927.956,4.2372,935.6206,12.6,12,1.9198,16.0,7.2898,7.26,0.1097,7.4616,10.0,10,0.0,10.0,71.6,72,0.5071,72.0,100.0,0
static10,100,10M,h2,6,10485760,6.0,15,1,934.6175,933.977,3.5217,942.385,89.7556,89.816,0.3363,90.0615,928.0577,927.373,3.491,935.7267,13.1333,13,2.1996,16.3,7.2486,7.23,0.0916,7.3935,10.0,10,0.0,10.0,71.5333,72,0.5164,72.0,100.0,0
static10,100,10M,h2,7,10485760,6.0,15,1,934.8244,933.4,3.9581,941.9452,89.7361,89.8715,0.3784,90.1068,928.1499,926.7,3.9501,935.1932,13.7333,14,1.6242,16.3,7.252,7.236,0.128,7.4337,10.0,10,0.0,10.0,71.6,72,0.5071,72.0,100.0,0
static10,100,10M,h2,8,10485760,6.0,15,1,935.5793,933.088,4.8551,942.8508,89.6644,89.9016,0.464,90.0884,929.0061,926.439,4.88,936.3626,13.2,12,2.2424,16.0,7.2546,7.252,0.0756,7.3701,10.0,10,0.0,10.0,71.6,72,0.5071,72.0,100.0,0
static10,100,10M,h2,9,10485760,6.0,15,1,935.4908,934.592,3.5284,942.4531,89.6718,89.7569,0.3368,89.9766,928.8819,927.643,3.5578,935.9415,12.9333,13,2.0166,16.3,7.2198,7.216,0.0547,7.2922,10.0,10,0.0,10.0,71.5333,72,0.5164,72.0,100.0,0
static10,100,10M,h2,10,10485760,6.0,15,1,936.1213,932.707,4.9138,943.1331,89.6126,89.9383,0.4692,90.0733,929.4474,926.022,5.0086,936.6491,12.9333,13,1.9445,16.3,7.2228,7.228,0.1142,7.4406,10.0,10,0.0,10.0,71.4,71,0.5071,72.0,100.0,0
static10,100,10M,h3,1,10485760,22.0,15,1,1236.4921,1184.59,161.9934,1538.9669,68.7436,70.8144,7.4063,73.7999,1210.3121,1159.354,162.4092,1515.2993,85.1333,91,30.9836,103.6,22.7513,22.773,0.0944,22.8757,10.0,10,0.0,10.0,183.1333,185,12.0882,206.2,100.0,0
static10,100,10M,h3,2,10485760,22.0,15,1,1268.7391,1191.907,157.809,1560.0722,66.9519,70.3797,7.2321,73.8187,1242.2859,1163.415,157.431,1531.3525,82.7333,91,30.0416,103.9,22.6908,22.744,0.1127,22.8012,10.0,10,0.0,10.0,179.2667,176,14.0787,206.5,100.0,0
static10,100,10M,h3,3,10485760,22.0,15,1,1401.5719,1242.321,264.5934,1762.9993,61.7157,67.5237,10.6649,73.6462,1374.8448,1214.8,264.7233,1735.6421,59.7333,80,37.7292,95.0,22.8766,22.715,0.4948,23.8435,10.0,10,0.0,10.0,183.3333,176,18.6879,206.5,100.0,0
static10,100,10M,h3,4,10485760,22.0,15,1,1324.1246,1191.397,241.9376,1740.1776,64.9983,70.4098,9.7349,73.2933,1297.2525,1163.573,242.4163,1716.2466,86.2,91,24.5217,105.9,22.7887,22.749,0.2422,23.3143,10.0,10,0.0,10.0,173.6,176,19.985,206.3,100.0,0
static10,100,10M,h3,5,10485760,22.0,15,1,1329.2631,1251.744,249.0455,1878.2579,64.7736,67.0154,9.6297,73.3871,1302.0004,1222.333,248.586,1849.5942,82.7333,92,23.7741,104.0,22.8279,22.727,0.3246,23.4318,10.0,10,0.0,10.0,173.7333,176,14.205,191.7,100.0,0
static10,100,10M,h3,6,10485760,22.0,15,1,1192.6132,1186.321,46.2284,1283.1627,70.4337,70.7111,2.6454,73.3147,1165.7763,1160.393,46.6699,1257.8596,87.8,88,14.9198,107.1,22.7872,22.768,0.0992,22.9307,10.0,10,0.0,10.0,176.4,176,7.3562,186.0,100.0,0
static10,100,10M,h3,7,10485760,22.0,15,1,1287.5059,1191.989,195.6504,1681.1193,66.3743,70.3749,8.6366,74.3517,1260.5637,1164.021,196.074,1653.8671,71.8667,91,33.9219,98.2,22.7412,22.726,0.1178,22.8842,10.0,10,0.0,10.0,181.9333,176,15.2478,206.5,100.0,0
static10,100,10M,h3,8,10485760,22.0,15,1,1296.4505,1188.126,236.4079,1769.423,66.3544,70.6037,9.722,73.4114,1269.7287,1161.908,236.7021,1742.622,85.0,91,23.4216,103.9,22.8153,22.812,0.2483,23.3264,10.0,10,0.0,10.0,176.4667,176,13.4423,191.7,100.0,0
static10,100,10M,h3,9,10485760,22.0,15,1,1302.9394,1192.867,195.2746,1671.5766,65.5838,70.3231,8.6196,73.5537,1275.4131,1165.975,195.6061,1643.7564,73.7333,88,35.172,104.3,22.6863,22.617,0.1292,22.8949,10.0,10,0.0,10.0,181.5333,176,14.4661,205.0,100.0,0
static10,100,10M,h3,10,10485760,22.0,15,1,1358.3411,1189.923,272.3225,1759.2125,63.8161,70.4971,11.0553,73.2358,1331.702,1163.506,271.4351,1732.7306,66.6667,80,37.4751,101.8,22.8479,22.734,0.363,23.3537,10.0,10,0.0,10.0,178.3333,176,19.9165,205.0,100.0,0
static10,100,10M,h4,1,10485760,52.0,15,1,1981.3125,1792.037,569.3138,3087.8052,44.9429,46.8105,10.0181,56.5555,1915.6013,1739.348,568.8513,3023.0645,116.4,113,98.2306,262.7,54.1251,53.401,1.7303,57.2077,10.0,10,0.0,10.0,398.2667,408,63.7792,468.7,86.667,0
static10,100,10M,h4,2,10485760,52.0,15,1,2061.2329,1839.686,623.8975,3421.067,43.4146,45.598,9.921,54.2709,1996.2261,1770.629,625.1354,3355.4426,82.8667,34,91.7566,220.3,53.6963,53.47,1.3428,55.5365,10.0,10,0.0,10.0,414.3333,446,60.1031,480.2,66.667,0
static10,100,10M,h4,3,10485760,52.0,15,1,2066.5089,2033.825,565.1004,3094.0696,43.0575,41.2455,9.9879,55.2532,2000.6342,1965.074,565.4146,3028.8135,116.6667,144,95.276,229.9,53.317,52.952,1.1581,55.6199,10.0,10,0.0,10.0,369.2667,368,80.0575,470.9,86.667,0
static10,100,10M,h4,4,10485760,52.0,15,1,2403.827,1735.733,968.1033,3802.6488,39.859,48.3289,13.5887,55.2575,2337.633,1666.168,968.0375,3737.6046,78.0667,27,95.0462,245.9,53.8541,53.196,2.6851,57.0642,10.0,10,0.0,10.0,381.6,389,89.4945,474.3,66.667,0
static10,100,10M,h4,5,10485760,52.0,15,1,1886.5992,1674.962,539.2259,2829.9556,46.8788,50.0824,9.3521,55.9652,1819.2049,1609.353,539.5535,2762.9856,113.4,99,90.8435,240.6,53.5537,52.993,1.8663,55.797,10.0,10,0.0,10.0,399.4667,400,71.2449,483.6,93.333,0
static10,100,10M,h4,6,10485760,52.0,15,1,2077.4215,1713.417,703.0776,3471.4355,43.8673,48.9584,11.2412,53.7115,2013.6813,1650.292,702.8374,3409.9288,113.8667,133,90.1878,230.5,53.0379,52.842,0.4691,53.9504,10.0,10,0.0,10.0,392.0667,389,57.5828,477.5,80.0,0
static10,100,10M,h4,7,10485760,52.0,15,1,2106.294,1738.326,676.4274,3502.1149,42.9027,48.2568,10.4709,52.5461,2041.483,1670.846,676.8984,3438.0836,80.9333,35,87.1636,208.6,53.2061,53.098,0.5013,53.9587,10.0,10,0.0,10.0,401.2667,392,54.9785,463.9,66.667,0
static10,100,10M,h4,8,10485760,52.0,15,1,1900.6857,1681.654,378.3661,2437.7061,45.5464,49.8831,7.7119,54.1048,1833.1313,1610.507,378.6254,2371.7808,95.7333,33,103.5157,253.9,53.312,53.307,0.5804,54.0143,10.0,10,0.0,10.0,423.4667,446,48.4206,474.4,73.333,0
static10,100,10M,h4,9,10485760,52.0,15,1,1898.4602,1682.358,468.7017,2925.1006,46.1931,49.8622,8.8424,54.3227,1833.2134,1620.272,467.9608,2860.8845,117.3333,128,99.2145,242.8,53.09,52.867,0.5134,53.967,10.0,10,0.0,10.0,397.3333,406,61.2112,483.0,80.0,0
static10,100,10M,h4,10,10485760,52.0,15,1,2143.4035,1859.439,833.0635,3827.4262,42.8989,45.1136,10.9537,54.6549,2076.2673,1797.177,834.6296,3759.6973,94.8667,36,99.3118,277.4,53.5504,53.363,0.9662,55.2204,10.0,10,0.0,10.0,377.2,389,98.6264,485.3,86.667,0
statichigh,100,10M,h2,1,10485760,6.0,15,1,921.4116,921.601,1.7547,923.7082,91.0411,91.0221,0.1732,91.2561,914.8058,914.758,1.7956,917.3054,17.3333,17,1.1751,19.0,7.5164,7.511,0.0933,7.6476,24.0,24,0.0,24.0,71.3333,71,0.488,72.0,100.0,0
statichigh,100,10M,h2,2,10485760,6.0,15,1,920.8224,920.289,1.4981,923.0965,91.0993,91.1519,0.1481,91.2824,914.2131,913.732,1.4197,916.2307,16.4,16,1.7647,19.3,7.5504,7.554,0.0874,7.6968,24.0,24,0.0,24.0,71.5333,72,0.5164,72.0,100.0,0
statichigh,100,10M,h2,3,10485760,6.0,15,1,921.6768,921.548,2.201,925.6504,91.0151,91.0274,0.2171,91.2872,915.0265,914.916,2.144,919.0676,16.0667,16,2.2824,18.3,7.6231,7.611,0.1314,7.7825,24.0,24,0.0,24.0,71.1333,71,0.3519,72.0,100.0,0
statichigh,100,10M,h2,4,10485760,6.0,15,1,921.2454,920.883,2.18,924.7868,91.0577,91.0931,0.2153,91.3277,914.6722,914.457,2.1567,918.1722,16.8,17,1.3202,18.3,7.5845,7.576,0.1131,7.7336,24.0,24,0.0,24.0,71.2,71,0.414,72.0,100.0,0
statichigh,100,10M,h2,5,10485760,6.0,15,1,920.3151,920.243,1.6145,922.4503,91.1496,91.1564,0.1599,91.3473,913.6316,913.649,1.5449,915.7729,17.0,18,1.3093,18.0,7.5211,7.502,0.0655,7.6203,24.0,24,0.0,24.0,71.5333,72,0.5164,72.0,100.0,0
statichigh,100,10M,h2,6,10485760,6.0,15,1,920.374,920.017,1.777,923.5903,91.1438,91.1788,0.1756,91.3422,913.7557,913.5,1.7978,917.0618,16.0667,16,1.5337,18.0,7.5509,7.527,0.079,7.682,24.0,24,0.0,24.0,71.5333,72,0.5164,72.0,100.0,0
statichigh,100,10M,h2,7,10485760,6.0,15,1,921.4747,921.459,2.0189,925.3504,91.035,91.0362,0.1991,91.2717,914.826,914.665,1.9912,918.4949,16.0667,16,1.5337,18.0,7.5525,7.549,0.0983,7.7103,24.0,24,0.0,24.0,71.1333,71,0.3519,72.0,100.0,0
statichigh,100,10M,h2,8,10485760,6.0,15,1,920.3144,920.728,1.5032,922.4893,91.1496,91.1084,0.1489,91.3612,913.6979,913.907,1.4775,915.8892,16.0667,16,1.2799,18.3,7.5999,7.568,0.1064,7.759,24.0,24,0.0,24.0,71.5333,72,0.5164,72.0,100.0,0
statichigh,100,10M,h2,9,10485760,6.0,15,1,920.7104,920.167,2.8398,925.342,91.111,91.164,0.2807,91.46,914.0796,913.738,2.8087,918.8287,16.2667,16,2.3135,19.0,7.5196,7.5,0.0982,7.6947,24.0,24,0.0,24.0,71.3333,71,0.6172,72.0,100.0,0
statichigh,100,10M,h2,10,10485760,6.0,15,1,920.5489,920.96,1.6533,922.4276,91.1264,91.0855,0.1636,91.365,913.8924,914.23,1.6325,915.8225,16.2,17,1.8593,18.3,7.5175,7.496,0.0761,7.6506,24.0,24,0.0,24.0,71.4667,71,0.5164,72.0,100.0,0
statichigh,100,10M,h3,1,10485760,22.0,15,1,1035.0387,1029.463,13.0307,1051.6421,81.0583,81.4853,1.0184,82.3416,1008.9707,1000.445,13.2208,1025.5581,113.9333,121,12.8922,126.3,23.4889,23.265,0.5929,24.2347,24.0,24,0.0,24.0,201.5333,206,5.3166,206.0,100.0,0
statichigh,100,10M,h3,2,10485760,22.0,15,1,1034.6899,1030.327,9.0743,1048.1626,81.0794,81.4169,0.7087,81.9274,1008.2315,1002.435,9.0226,1021.0246,114.2,124,13.7851,126.0,23.6592,23.79,0.4669,24.3006,24.0,24,0.0,24.0,202.0667,206,5.0209,206.0,100.0,0
statichigh,100,10M,h3,3,10485760,22.0,15,1,1040.661,1026.982,48.1163,1100.4486,80.7492,81.6821,3.2618,82.424,1013.078,998.502,47.9972,1072.1245,116.5333,122,16.1062,126.0,23.9541,24.117,0.5264,24.4907,24.0,24,0.0,24.0,203.4667,206,5.3568,206.0,100.0,0
statichigh,100,10M,h3,4,10485760,22.0,15,1,1032.6281,1028.356,10.5847,1049.7851,81.2434,81.573,0.8275,82.1222,1006.1467,1001.405,10.3882,1021.7031,118.2667,124,11.2787,127.3,23.6014,23.859,0.7163,24.2998,24.0,24,0.0,24.0,203.7333,206,3.9182,206.0,100.0,0
statichigh,100,10M,h3,5,10485760,22.0,15,1,1033.0951,1030.036,9.0564,1046.9248,81.2046,81.4399,0.7089,82.0044,1006.6383,1001.62,9.3987,1022.5754,116.6667,124,12.1753,127.0,23.7275,23.92,0.542,24.243,24.0,24,0.0,24.0,203.2667,206,4.4315,206.0,100.0,0
statichigh,100,10M,h3,6,10485760,22.0,15,1,1036.339,1029.258,12.4957,1053.1466,80.9556,81.5015,0.9735,82.0491,1009.2851,1002.957,12.8778,1025.6143,113.5333,121,13.5059,127.3,23.4799,23.272,0.6388,24.2542,24.0,24,0.0,24.0,201.6,206,5.3426,206.0,100.0,0
statichigh,100,10M,h3,7,10485760,22.0,15,1,1037.3493,1031.999,11.812,1055.3076,80.8756,81.285,0.9184,81.888,1010.2739,1003.678,11.6694,1027.3385,116.1333,124,13.3677,127.3,23.3107,23.268,0.6146,24.2564,24.0,24,0.0,24.0,202.1333,205,4.8824,206.0,100.0,0
statichigh,100,10M,h3,8,10485760,22.0,15,1,1031.8815,1029.113,10.9315,1052.217,81.3027,81.513,0.853,82.2097,1004.8896,1001.596,10.0383,1024.7648,120.6667,125,9.9905,127.0,23.7541,23.898,0.5821,24.3724,24.0,24,0.0,24.0,204.3333,206,3.8668,206.0,100.0,0
statichigh,100,10M,h3,9,10485760,22.0,15,1,1029.5539,1028.59,7.2592,1042.2024,81.4818,81.5544,0.5717,82.161,1003.3442,1001.331,7.134,1015.2541,122.5333,125,9.1485,127.3,23.6902,23.882,0.594,24.3213,24.0,24,0.0,24.0,205.2,206,2.8335,206.0,100.0,0
statichigh,100,10M,h3,10,10485760,22.0,15,1,1035.2249,1029.33,13.3316,1056.0488,81.0442,81.4958,1.0388,82.1864,1007.7767,1002.444,12.6608,1026.8895,117.0667,122,11.6402,126.0,23.6523,23.882,0.5607,24.2357,24.0,24,0.0,24.0,202.8667,206,4.8087,206.0,100.0,0
statichigh,100,10M,h4,1,10485760,52.0,15,1,1767.2251,1816.982,206.7128,2021.8839,48.1159,46.1678,5.9638,58.2679,1700.6256,1745.68,208.2735,1955.9979,102.4,30,106.687,254.9,53.4446,53.38,0.6645,54.2782,24.0,24,0.0,24.0,430.2667,462,56.7028,476.2,80.0,0
statichigh,100,10M,h4,2,10485760,52.0,15,1,1935.5607,1952.537,215.1337,2202.8701,43.7711,42.9626,4.2261,48.1212,1870.532,1881.794,214.2785,2131.2983,13.2,2,14.7222,32.5,53.5752,53.552,0.503,54.2382,24.0,24,0.0,24.0,452.6,469,68.4959,484.3,53.333,0
statichigh,100,10M,h4,3,10485760,52.0,15,1,1833.1447,1812.483,195.9704,2098.9257,46.2869,46.2824,5.3287,57.1226,1766.4083,1741.973,196.3718,2032.1595,45.5333,22,72.3423,221.3,54.2141,53.427,2.1707,58.2565,24.0,24,0.0,24.0,455.4,470,56.3988,483.5,86.667,0
statichigh,100,10M,h4,4,10485760,52.0,15,1,1797.6121,1849.767,215.9661,2076.4001,47.3354,45.3495,6.0093,56.6847,1732.9074,1781.962,215.4485,2013.5709,72.6,30,88.6629,215.9,53.4129,53.656,0.5364,54.0451,24.0,24,0.0,24.0,448.0,464,52.4813,478.3,73.333,0
statichigh,100,10M,h4,5,10485760,52.0,15,1,1728.8543,1603.906,297.1851,2278.3661,49.7366,52.3011,7.6422,58.5722,1660.8447,1540.653,297.4688,2212.5121,137.3333,155,108.7951,281.2,53.5056,52.984,1.8429,55.9352,24.0,24,0.0,24.0,417.6,450,69.2096,477.6,93.333,0
statichigh,100,10M,h4,6,10485760,52.0,15,1,1818.8136,1809.212,236.8313,2230.3498,46.8043,46.3661,5.7025,54.4139,1753.3078,1748.427,236.9799,2164.7921,87.8,34,85.4377,221.2,53.3674,53.272,0.7599,54.5656,24.0,24,0.0,24.0,410.6667,462,72.0215,478.9,86.667,0
statichigh,100,10M,h4,7,10485760,52.0,15,1,1595.5911,1513.529,199.2408,1921.9765,53.3001,55.4242,6.2491,59.979,1530.4867,1442.664,198.6729,1854.8421,163.9333,213,111.8363,277.3,53.1597,52.941,0.925,54.6659,24.0,24,0.0,24.0,442.6,453,35.6066,477.2,93.333,0
statichigh,100,10M,h4,8,10485760,52.0,15,1,1787.6717,1797.994,228.1396,2082.012,47.6678,46.6554,6.2916,57.9964,1722.2513,1735.013,229.3571,2018.0861,86.2667,29,104.1396,246.8,53.8205,53.647,1.3455,55.4452,24.0,24,0.0,24.0,439.9333,462,53.2883,480.5,80.0,0
statichigh,100,10M,h4,9,10485760,52.0,15,1,1810.9213,1822.08,277.5095,2189.139,47.3731,46.0386,7.4108,58.6125,1742.894,1753.704,275.9882,2118.5554,112.6667,34,106.5931,264.7,53.7858,53.366,1.4835,56.6035,24.0,24,0.0,24.0,425.4,466,61.8025,476.6,93.333,0
statichigh,100,10M,h4,10,10485760,52.0,15,1,1870.5407,1827.461,463.5374,2409.9441,46.6316,45.9031,8.1232,57.5813,1805.2167,1766.267,462.2656,2341.1539,79.6,22,106.1621,236.6,53.3446,53.305,0.4868,54.0036,24.0,24,0.0,24.0,419.9333,465,86.9979,482.3,60.0,0
ewma,100,1K,h2,1,1024,6.0,15,1,13.5345,13.328,0.4769,14.2543,0.606,0.6146,0.0212,0.6361,6.8625,6.754,0.3984,7.5012,0.0,0,0.0,0.0,6.5155,6.532,0.1589,6.7297,10.0,10,0.0,10.0,10.0,10,0.0,10.0,0.0,0
ewma,100,1K,h2,2,1024,6.0,15,1,13.6933,13.878,0.7126,14.6201,0.5998,0.5903,0.031,0.6352,7.1358,7.075,0.5798,7.9406,0.0,0,0.0,0.0,6.4973,6.473,0.2145,6.8838,10.0,10,0.0,10.0,10.0,10,0.0,10.0,0.0,0
ewma,100,1K,h2,3,1024,6.0,15,1,13.5102,13.291,0.5123,14.519,0.6071,0.6164,0.022,0.6252,6.9143,6.759,0.5006,7.8909,0.0,0,0.0,0.0,6.4774,6.449,0.1539,6.751,10.0,10,0.0,10.0,10.0,10,0.0,10.0,0.0,0
ewma,100,1K,h2,4,1024,6.0,15,1,13.1839,13.13,0.2494,13.604,0.6216,0.6239,0.0117,0.6351,6.6547,6.625,0.1778,6.9546,0.0,0,0.0,0.0,6.3548,6.331,0.1118,6.5793,10.0,10,0.0,10.0,10.0,10,0.0,10.0,0.0,0
ewma,100,1K,h2,5,1024,6.0,15,1,13.5525,13.444,0.4397,14.1413,0.6051,0.6093,0.0196,0.6337,6.8933,6.928,0.3617,7.474,0.0,0,0.0,0.0,6.4653,6.419,0.1595,6.6891,10.0,10,0.0,10.0,10.0,10,0.0,10.0,0.0,0
ewma,100,1K,h2,6,1024,6.0,15,1,13.236,13.239,0.3171,13.7123,0.6193,0.6188,0.0149,0.64,6.7049,6.667,0.1794,6.9627,0.0,0,0.0,0.0,6.398,6.416,0.1441,6.6009,10.0,10,0.0,10.0,10.0,10,0.0,10.0,0.0,0
ewma,100,1K,h2,7,1024,6.0,15,1,13.6306,13.562,0.5459,14.5535,0.6019,0.604,0.0237,0.6304,6.9919,6.892,0.5227,7.8783,0.0,0,0.0,0.0,6.4851,6.43,0.1936,6.8289,10.0,10,0.0,10.0,10.0,10,0.0,10.0,0.0,0
ewma,100,1K,h2,8,1024,6.0,15,1,13.9253,13.326,2.0336,16.2275,0.5964,0.6147,0.0596,0.6274,6.8845,6.768,0.3099,7.3414,0.0,0,0.0,0.0,6.4772,6.401,0.278,6.9178,10.0,10,0.0,10.0,10.0,10,0.0,10.0,0.0,0
ewma,100,1K,h2,9,1024,6.0,15,1,13.6494,13.462,0.5361,14.5011,0.601,0.6085,0.023,0.6273,6.968,6.829,0.4951,7.7379,0.0,0,0.0,0.0,6.4932,6.55,0.1583,6.6798,10.0,10,0.0,10.0,10.0,10,0.0,10.0,0.0,0
ewma,100,1K,h2,10,1024,6.0,15,1,13.3709,13.291,0.3344,14.0576,0.613,0.6164,0.015,0.6308,6.8139,6.691,0.3629,7.4996,0.0,0,0.0,0.0,6.4067,6.417,0.134,6.5999,10.0,10,0.0,10.0,10.0,10,0.0,10.0,0.0,0
ewma,100,1K,h3,1,1024,22.0,15,1,55.6243,56.263,3.5627,60.8894,0.1478,0.1456,0.0097,0.1635,28.7855,28.737,2.4496,32.7374,0.0,0,0.0,0.0,28.4271,28.415,2.2262,30.9833,10.0,10,0.0,10.0,10.0,10,0.0,10.0,0.0,0
ewma,100,1K,h3,2,1024,22.0,15,1,56.4136,56.806,4.105,61.4497,0.146,0.1442,0.0113,0.1653,28.9743,28.998,3.4596,33.0513,0.0,0,0.0,0.0,29.0541,30.245,2.4354,31.4896,10.0,10,0.0,10.0,10.0,10,0.0,10.0,0.0,0
ewma,100,1K,h3,3,1024,22.0,15,1,55.2637,55.057,3.1333,59.7181,0.1487,0.1488,0.0084,0.16,29.2529,29.163,2.3495,33.0227,0.0,0,0.0,0.0,28.6459,28.627,1.7906,31.3366,10.0,10,0.0,10.0,10.0,10,0.0,10.0,0.0,0
ewma,100,1K,h3,4,1024,22.0,15,1,57.0315,56.739,2.7419,61.0792,0.144,0.1444,0.007,0.1543,29.8669,29.566,2.4879,33.144,0.0,0,0.0,0.0,29.2994,29.254,1.9213,31.601,10.0,10,0.0,10.0,10.0,10,0.0,10.0,0.0,0
ewma,100,1K,h3,5,1024,22.0,15,1,56.1303,56.337,2.439,59.6368,0.1462,0.1454,0.0064,0.155,29.7044,29.088,2.4219,33.1973,0.0,0,0.0,0.0,29.0734,29.001,1.58,30.8823,10.0,10,0.0,10.0,10.0,10,0.0,10.0,0.0,0
ewma,100,1K,h3,6,1024,22.0,15,1,56.838,56.688,3.1596,61.3536,0.1446,0.1445,0.0082,0.1561,30.0989,29.86,2.1919,33.0776,0.0,0,0.0,0.0,28.9746,28.963,1.7388,31.3911,10.0,10,0.0,10.0,10.0,10,0.0,10.0,0.0,0
ewma,100,1K,h3,7,1024,22.0,15,1,56.9492,57.021,3.3148,61.1888,0.1443,0.1437,0.0087,0.1606,30.3492,30.673,2.4974,33.2445,0.0,0,0.0,0.0,29.411,30.207,2.2338,31.6737,10.0,10,0.0,10.0,10.0,10,0.0,10.0,0.0,0
ewma,100,1K,h3,8,1024,22.0,15,1,56.0177,55.746,2.8986,60.438,0.1466,0.147,0.008,0.1568,29.8073,29.619,2.4258,33.0292,0.0,0,0.0,0.0,29.0117,28.991,1.6085,30.9967,10.0,10,0.0,10.0,10.0,10,0.0,10.0,0.0,0
ewma,100,1K,h3,9,1024,22.0,15,1,56.9261,56.636,2.9816,61.3287,0.1443,0.1446,0.0076,0.1566,30.3833,30.731,2.6428,33.0658,0.0,0,0.0,0.0,29.4913,29.575,1.3978,31.4452,10.0,10,0.0,10.0,10.0,10,0.0,10.0,0.0,0
ewma,100,1K,h3,10,1024,22.0,15,1,56.3333,56.201,3.1372,62.2255,0.1458,0.1458,0.0079,0.1555,29.687,29.644,1.927,33.2667,0.0,0,0.0,0.0,29.4324,29.541,1.7242,31.7198,10.0,10,0.0,10.0,10.0,10,0.0,10.0,0.0,0
ewma,100,1K,h4,1,1024,52.0,15,1,128.8987,128.502,5.1647,136.8633,0.0636,0.0637,0.0024,0.0669,65.0706,64.534,4.1745,72.5819,0.0,0,0.0,0.0,63.9983,63.17,3.2146,69.958,10.0,10,0.0,10.0,10.0,10,0.0,10.0,0.0,0
ewma,100,1K,h4,2,1024,52.0,15,1,127.2355,127.925,7.1282,137.7675,0.0646,0.064,0.0037,0.0697,63.2947,63.078,4.9939,70.4694,0.0,0,0.0,0.0,62.7149,62.491,3.704,67.209,10.0,10,0.0,10.0,10.0,10,0.0,10.0,0.0,0
ewma,100,1K,h4,3,1024,52.0,15,1,128.4153,128.466,5.6876,136.4809,0.0639,0.0638,0.0029,0.0684,65.2845,65.19,4.9884,72.728,0.0,0,0.0,0.0,62.3515,61.127,3.7764,69.0543,10.0,10,0.0,10.0,10.0,10,0.0,10.0,0.0,0
ewma,100,1K,h4,4,1024,52.0,15,1,131.3238,132.691,5.0469,138.447,0.0625,0.0617,0.0025,0.0663,66.3858,66.733,3.8996,71.4103,0.0,0,0.0,0.0,65.1119,65.192,2.4777,68.0639,10.0,10,0.0,10.0,10.0,10,0.0,10.0,0.0,0
ewma,100,1K,h4,5,1024,52.0,15,1,130.0228,128.778,5.4744,138.3395,0.0631,0.0636,0.0026,0.0669,64.8704,64.153,3.1111,68.7039,0.0,0,0.0,0.0,64.3995,64.748,3.0779,68.6676,10.0,10,0.0,10.0,10.0,10,0.0,10.0,0.0,0
ewma,100,1K,h4,6,1024,52.0,15,1,127.691,128.418,5.5929,135.1671,0.0643,0.0638,0.0028,0.0693,63.2407,62.97,4.2365,69.8947,0.0,0,0.0,0.0,63.2701,62.47,3.2889,68.8984,10.0,10,0.0,10.0,10.0,10,0.0,10.0,0.0,0
ewma,100,1K,h4,7,1024,52.0,15,1,129.2057,128.732,5.9101,136.8902,0.0635,0.0636,0.0029,0.0673,64.9145,64.601,4.3109,71.93,0.0,0,0.0,0.0,63.3892,63.673,4.2757,70.4284,10.0,10,0.0,10.0,10.0,10,0.0,10.0,0.0,0
ewma,100,1K,h4,8,1024,52.0,15,1,126.1881,127.532,4.4884,131.8297,0.065,0.0642,0.0023,0.069,62.8973,63.312,4.0328,68.2389,0.0,0,0.0,0.0,62.0811,62.478,2.7119,65.2795,10.0,10,0.0,10.0,10.0,10,0.0,10.0,0.0,0
ewma,100,1K,h4,9,1024,52.0,15,1,126.9491,126.23,7.2199,136.7364,0.0647,0.0649,0.0037,0.0693,63.3983,63.617,4.2005,69.2799,0.0,0,0.0,0.0,63.0361,64.302,4.6885,69.8269,10.0,10,0.0,10.0,10.0,10,0.0,10.0,0.0,0
ewma,100,1K,h4,10,1024,52.0,15,1,127.2288,126.914,5.7172,136.9606,0.0645,0.0645,0.0029,0.0683,63.0305,63.594,6.2603,72.7017,0.0,0,0.0,0.0,62.949,62.681,3.7401,68.7774,10.0,10,0.0,10.0,10.0,10,0.0,10.0,0.0,0
lossaware,100,1K,h2,1,1024,6.0,15,1,13.3917,13.235,0.3679,14.1025,0.6121,0.619,0.0164,0.6286,6.8494,6.723,0.3334,7.5153,0.0,0,0.0,0.0,6.4597,6.462,0.1523,6.7145,10.0,10,0.0,10.0,10.0,10,0.0,10.0,0.0,0
lossaware,100,1K,h2,2,1024,6.0,15,1,13.457,13.328,0.4895,14.4474,0.6095,0.6146,0.0214,0.6317,6.7579,6.588,0.4152,7.5886,0.0,0,0.0,0.0,6.4511,6.415,0.1647,6.7367,10.0,10,0.0,10.0,10.0,10,0.0,10.0,0.0,0
lossaware,100,1K,h2,3,1024,6.0,15,1,13.3232,13.223,0.377,14.0235,0.6153,0.6195,0.0167,0.6333,6.7289,6.652,0.3414,7.3032,0.0,0,0.0,0.0,6.4239,6.441,0.1657,6.6578,10.0,10,0.0,10.0,10.0,10,0.0,10.0,0.0,0
lossaware,100,1K,h2,4,1024,6.0,15,1,13.52,13.33,0.5385,14.6635,0.6068,0.6146,0.023,0.6324,6.9603,6.872,0.5291,8.1689,0.0,0,0.0,0.0,6.4685,6.405,0.1762,6.787,10.0,10,0.0,10.0,10.0,10,0.0,10.0,0.0,0
lossaware,100,1K,h2,5,1024,6.0,15,1,13.5111,13.37,0.3622,14.1621,0.6067,0.6127,0.0157,0.6216,6.8745,6.754,0.3732,7.5487,0.0,0,0.0,0.0,6.5049,6.463,0.1428,6.7603,10.0,10,0.0,10.0,10.0,10,0.0,10.0,0.0,0
lossaware,100,1K,h2,6,1024,6.0,15,1,13.4773,13.187,0.5909,14.5692,0.6089,0.6212,0.0252,0.6266,6.8637,6.62,0.585,7.8575,0.0,0,0.0,0.0,6.5269,6.448,0.2101,6.8685,10.0,10,0.0,10.0,10.0,10,0.0,10.0,0.0,0
lossaware,100,1K,h2,7,1024,6.0,15,1,13.5248,13.309,0.5863,14.6525,0.6067,0.6155,0.0251,0.6316,6.8773,6.708,0.463,7.6703,0.0,0,0.0,0.0,6.486,6.425,0.1958,6.812,10.0,10,0.0,10.0,10.0,10,0.0,10.0,0.0,0
lossaware,100,1K,h2,8,1024,6.0,15,1,13.6339,13.304,1.0103,15.0657,0.6034,0.6158,0.0374,0.6302,6.9985,6.724,0.9861,8.3389,0.0,0,0.0,0.0,6.5227,6.387,0.3295,7.0522,10.0,10,0.0,10.0,10.0,10,0.0,10.0,0.0,0
lossaware,100,1K,h2,9,1024,6.0,15,1,13.7607,13.497,0.777,14.8828,0.5969,0.6069,0.0303,0.6237,7.0478,6.793,0.7073,8.0897,0.0,0,0.0,0.0,6.5989,6.527,0.3489,7.0603,10.0,10,0.0,10.0,10.0,10,0.0,10.0,0.0,0
lossaware,100,1K,h2,10,1024,6.0,15,1,13.5153,13.346,0.5757,14.439,0.6071,0.6138,0.0252,0.6349,6.9391,6.751,0.4312,7.7117,0.0,0,0.0,0.0,6.4391,6.371,0.1552,6.7006,10.0,10,0.0,10.0,10.0,10,0.0,10.0,0.0,0
lossaware,100,1K,h3,1,1024,22.0,15,1,56.2537,56.738,3.341,60.7564,0.1461,0.1444,0.0087,0.1592,29.6051,29.152,2.435,33.2247,0.0,0,0.0,0.0,29.112,28.98,1.5959,31.0508,10.0,10,0.0,10.0,10.0,10,0.0,10.0,0.0,0
lossaware,100,1K,h3,2,1024,22.0,15,1,57.5853,57.669,3.668,61.548,0.1428,0.1421,0.0096,0.1563,30.1471,30.779,2.8516,32.8999,0.0,0,0.0,0.0,29.6928,30.78,1.9854,31.6648,10.0,10,0.0,10.0,10.0,10,0.0,10.0,0.0,0
lossaware,100,1K,h3,3,1024,22.0,15,1,56.2664,56.387,2.5078,59.4166,0.1459,0.1453,0.0065,0.1548,29.4293,29.517,2.2019,32.4984,0.0,0,0.0,0.0,29.0277,29.18,1.5143,30.8597,10.0,10,0.0,10.0,10.0,10,0.0,10.0,0.0,0
lossaware,100,1K,h3,4,1024,22.0,15,1,56.4302,55.796,2.5994,61.2501,0.1455,0.1468,0.0065,0.1545,29.1389,29.148,2.2712,32.2445,0.0,0,0.0,0.0,29.1845,29.018,1.3803,30.8911,10.0,10,0.0,10.0,10.0,10,0.0,10.0,0.0,0
lossaware,100,1K,h3,5,1024,22.0,15,1,57.3179,57.507,2.7227,61.2931,0.1432,0.1425,0.0068,0.1535,30.291,29.992,1.8348,33.1261,0.0,0,0.0,0.0,29.4971,29.857,1.6226,31.4638,10.0,10,0.0,10.0,10.0,10,0.0,10.0,0.0,0
lossaware,100,1K,h3,6,1024,22.0,15,1,57.5785,57.724,2.9128,61.4497,0.1426,0.1419,0.0073,0.1558,30.2597,30.233,2.4635,33.1219,0.0,0,0.0,0.0,29.6806,29.89,1.56,31.4382,10.0,10,0.0,10.0,10.0,10,0.0,10.0,0.0,0
lossaware,100,1K,h3,7,1024,22.0,15,1,55.3317,55.938,3.1412,60.5893,0.1485,0.1464,0.0084,0.16,28.1992,27.681,3.1409,33.3058,0.0,0,0.0,0.0,28.6107,28.673,1.9599,31.3646,10.0,10,0.0,10.0,10.0,10,0.0,10.0,0.0,0
lossaware,100,1K,h3,8,1024,22.0,15,1,57.3935,56.913,2.9571,61.6621,0.1431,0.1439,0.0072,0.1525,30.3252,30.929,2.0773,32.951,0.0,0,0.0,0.0,29.7753,29.93,1.1952,31.5468,10.0,10,0.0,10.0,10.0,10,0.0,10.0,0.0,0
lossaware,100,1K,h3,9,1024,22.0,15,1,56.9162,57.448,3.6919,61.3675,0.1446,0.1426,0.0103,0.1587,29.4113,29.379,2.5468,33.0043,0.0,0,0.0,0.0,29.569,30.195,2.0492,31.4936,10.0,10,0.0,10.0,10.0,10,0.0,10.0,0.0,0
lossaware,100,1K,h3,10,1024,22.0,15,1,55.9064,55.561,3.3005,61.0449,0.147,0.1474,0.0088,0.1621,29.2617,28.421,3.141,33.2941,0.0,0,0.0,0.0,28.4985,28.633,2.0604,31.6103,10.0,10,0.0,10.0,10.0,10,0.0,10.0,0.0,0
lossaware,100,1K,h4,1,1024,52.0,15,1,127.0425,127.129,8.1263,137.7556,0.0647,0.0644,0.0041,0.0707,62.8402,62.374,4.7201,69.6583,0.0,0,0.0,0.0,62.7589,62.256,4.3448,69.6513,10.0,10,0.0,10.0,10.0,10,0.0,10.0,0.0,0
lossaware,100,1K,h4,2,1024,52.0,15,1,131.4427,131.342,7.0307,140.7462,0.0625,0.0624,0.0035,0.0677,66.0937,65.958,5.7683,72.6731,0.0,0,0.0,0.0,64.3723,64.569,4.7543,69.2929,10.0,10,0.0,10.0,10.0,10,0.0,10.0,0.0,0
lossaware,100,1K,h4,3,1024,52.0,15,1,128.2937,128.396,4.8709,135.3181,0.0639,0.0638,0.0025,0.0678,64.8378,65.19,3.7926,69.7586,0.0,0,0.0,0.0,63.6197,64.573,3.4741,67.1722,10.0,10,0.0,10.0,10.0,10,0.0,10.0,0.0,0
lossaware,100,1K,h4,4,1024,52.0,15,1,128.3704,128.387,5.049,137.0849,0.0639,0.0638,0.0025,0.0673,62.9542,64.126,5.3767,70.3157,0.0,0,0.0,0.0,63.4969,62.927,3.1389,68.8789,10.0,10,0.0,10.0,10.0,10,0.0,10.0,0.0,0
lossaware,100,1K,h4,5,1024,52.0,15,1,125.5807,125.815,6.7075,134.3175,0.0654,0.0651,0.0035,0.0702,62.0146,62.581,4.4665,67.678,0.0,0,0.0,0.0,61.24,59.815,4.2489,67.3771,10.0,10,0.0,10.0,10.0,10,0.0,10.0,0.0,0
lossaware,100,1K,h4,6,1024,52.0,15,1,128.2081,128.023,5.6373,136.4528,0.064,0.064,0.0028,0.0687,65.2768,65.423,3.5179,69.9869,0.0,0,0.0,0.0,63.4885,63.452,4.2448,68.0266,10.0,10,0.0,10.0,10.0,10,0.0,10.0,0.0,0
lossaware,100,1K,h4,7,1024,52.0,15,1,128.8385,129.408,6.3225,136.9205,0.0637,0.0633,0.0032,0.0689,64.4763,64.545,5.0652,71.1447,0.0,0,0.0,0.0,64.1869,63.355,4.8783,70.7288,10.0,10,0.0,10.0,10.0,10,0.0,10.0,0.0,0
lossaware,100,1K,h4,8,1024,52.0,15,1,126.9569,125.92,5.6047,134.9332,0.0646,0.0651,0.0029,0.0695,62.8943,62.307,5.8696,71.4057,0.0,0,0.0,0.0,63.1234,63.719,2.6469,66.5992,10.0,10,0.0,10.0,10.0,10,0.0,10.0,0.0,0
lossaware,100,1K,h4,9,1024,52.0,15,1,125.8208,124.443,5.9544,135.0555,0.0652,0.0658,0.0031,0.0692,61.3995,63.786,4.4948,66.9734,0.0,0,0.0,0.0,62.3794,62.138,3.9315,67.8618,10.0,10,0.0,10.0,10.0,10,0.0,10.0,0.0,0
lossaware,100,1K,h4,10,1024,52.0,15,1,128.5515,128.875,6.9361,136.8925,0.0639,0.0636,0.0035,0.0697,64.9405,65.388,5.6322,72.4353,0.0,0,0.0,0.0,62.9835,64.117,3.2436,67.1406,10.0,10,0.0,10.0,10.0,10,0.0,10.0,0.0,0
lossaware-disc,100,1K,h2,1,1024,6.0,15,1,13.3931,13.257,0.6245,14.4456,0.6128,0.6179,0.0267,0.6358,6.8786,6.695,0.5202,7.7134,0.0,0,0.0,0.0,6.4551,6.378,0.1939,6.7789,10.0,10,0.0,10.0,10.0,10,0.0,10.0,0.0,0
lossaware-disc,100,1K,h2,2,1024,6.0,15,1,13.6633,13.59,0.4456,14.4855,0.6001,0.6028,0.019,0.6198,7.0352,6.862,0.3924,7.675,0.0,0,0.0,0.0,6.5404,6.516,0.1796,6.8295,10.0,10,0.0,10.0,10.0,10,0.0,10.0,0.0,0
lossaware-disc,100,1K,h2,3,1024,6.0,15,1,13.5029,13.277,0.5031,14.4588,0.6074,0.617,0.022,0.6307,6.8859,6.623,0.4298,7.6236,0.0,0,0.0,0.0,6.4521,6.398,0.1774,6.7238,10.0,10,0.0,10.0,10.0,10,0.0,10.0,0.0,0
lossaware-disc,100,1K,h2,4,1024,6.0,15,1,13.7065,13.475,0.6698,14.7807,0.599,0.6079,0.0283,0.6302,7.0321,6.793,0.5422,7.8289,0.0,0,0.0,0.0,6.501,6.379,0.2378,6.954,10.0,10,0.0,10.0,10.0,10,0.0,10.0,0.0,0
lossaware-disc,100,1K,h2,5,1024,6.0,15,1,13.5431,13.386,0.4999,14.4728,0.6056,0.612,0.0216,0.6257,6.9341,6.795,0.4429,7.6786,0.0,0,0.0,0.0,6.5221,6.465,0.1528,6.7906,10.0,10,0.0,10.0,10.0,10,0.0,10.0,0.0,0
lossaware-disc,100,1K,h2,6,1024,6.0,15,1,13.7477,13.359,0.6389,14.8606,0.597,0.6132,0.0268,0.6215,7.1299,7.031,0.5156,8.0743,0.0,0,0.0,0.0,6.5663,6.543,0.2004,6.8512,10.0,10,0.0,10.0,10.0,10,0.0,10.0,0.0,0
lossaware-disc,100,1K,h2,7,1024,6.0,15,1,13.5468,13.235,0.5921,14.6293,0.6058,0.619,0.0254,0.6284,7.0047,6.8,0.4706,7.8617,0.0,0,0.0,0.0,6.4877,6.441,0.1435,6.7449,10.0,10,0.0,10.0,10.0,10,0.0,10.0,0.0,0
lossaware-disc,100,1K,h2,8,1024,6.0,15,1,13.5493,13.218,0.6403,14.8246,0.6058,0.6198,0.0271,0.6266,6.9163,6.629,0.5834,8.0416,0.0,0,0.0,0.0,6.4709,6.44,0.1903,6.8265,10.0,10,0.0,10.0,10.0,10,0.0,10.0,0.0,0
lossaware-disc,100,1K,h2,9,1024,6.0,15,1,13.5851,13.344,0.5505,14.5083,0.6039,0.6139,0.0236,0.6292,6.9203,6.721,0.4482,7.651,0.0,0,0.0,0.0,6.5385,6.419,0.3394,7.0187,10.0,10,0.0,10.0,10.0,10,0.0,10.0,0.0,0
lossaware-disc,100,1K,h2,10,1024,6.0,15,1,13.6875,13.623,0.5347,14.6066,0.5993,0.6013,0.022,0.6243,7.075,7.05,0.5086,7.8674,0.0,0,0.0,0.0,6.5261,6.452,0.276,6.9483,10.0,10,0.0,10.0,10.0,10,0.0,10.0,0.0,0
lossaware-disc,100,1K,h3,1,1024,22.0,15,1,56.2207,56.104,2.6375,59.7889,0.146,0.146,0.0069,0.1566,29.9759,29.664,2.739,33.2274,0.0,0,0.0,0.0,29.0666,28.989,1.3356,30.8566,10.0,10,0.0,10.0,10.0,10,0.0,10.0,0.0,0
lossaware-disc,100,1K,h3,2,1024,22.0,15,1,56.4605,56.831,2.9938,61.0916,0.1455,0.1441,0.0077,0.1561,29.3667,29.527,2.9467,33.2286,0.0,0,0.0,0.0,29.5596,29.821,1.6109,31.5868,10.0,10,0.0,10.0,10.0,10,0.0,10.0,0.0,0
lossaware-disc,100,1K,h3,3,1024,22.0,15,1,56.4135,56.297,2.4579,60.7485,0.1455,0.1455,0.0061,0.1528,29.6806,29.157,2.1286,33.1357,0.0,0,0.0,0.0,29.3086,29.424,1.4278,31.4066,10.0,10,0.0,10.0,10.0,10,0.0,10.0,0.0,0
lossaware-disc,100,1K,h3,4,1024,22.0,15,1,54.9373,55.798,3.8795,60.5374,0.1498,0.1468,0.0109,0.1656,28.5304,29.12,2.9667,33.1035,0.0,0,0.0,0.0,28.514,28.69,2.354,31.217,10.0,10,0.0,10.0,10.0,10,0.0,10.0,0.0,0
lossaware-disc,100,1K,h3,5,1024,22.0,15,1,56.5095,57.021,4.3333,62.199,0.1458,0.1437,0.012,0.1642,29.8591,29.97,2.8939,32.8631,0.0,0,0.0,0.0,28.8381,30.134,2.6273,31.4778,10.0,10,0.0,10.0,10.0,10,0.0,10.0,0.0,0
lossaware-disc,100,1K,h3,6,1024,22.0,15,1,55.3471,56.09,3.5017,60.159,0.1486,0.1461,0.0096,0.1644,28.8678,29.27,2.4403,32.8141,0.0,0,0.0,0.0,28.6396,29.567,2.2878,31.0424,10.0,10,0.0,10.0,10.0,10,0.0,10.0,0.0,0
lossaware-disc,100,1K,h3,7,1024,22.0,15,1,56.6987,56.972,3.5739,61.8426,0.145,0.1438,0.0094,0.1619,29.7466,29.225,2.5381,33.1068,0.0,0,0.0,0.0,29.3272,30.199,2.1406,31.1219,10.0,10,0.0,10.0,10.0,10,0.0,10.0,0.0,0
lossaware-disc,100,1K,h3,8,1024,22.0,15,1,57.2947,57.181,3.292,62.9554,0.1434,0.1433,0.0081,0.1564,30.1756,29.301,2.1363,33.1504,0.0,0,0.0,0.0,29.4987,29.962,1.9156,31.6029,10.0,10,0.0,10.0,10.0,10,0.0,10.0,0.0,0
lossaware-disc,100,1K,h3,9,1024,22.0,15,1,56.6319,57.285,3.0604,61.1176,0.1451,0.143,0.0082,0.1566,29.8411,29.986,1.9128,32.5306,0.0,0,0.0,0.0,29.2338,29.261,1.8366,31.3426,10.0,10,0.0,10.0,10.0,10,0.0,10.0,0.0,0
lossaware-disc,100,1K,h3,10,1024,22.0,15,1,56.0441,55.931,2.9185,59.963,0.1465,0.1465,0.0077,0.1581,29.6824,29.735,1.8055,32.8688,0.0,0,0.0,0.0,29.1966,29.698,1.6504,31.2848,10.0,10,0.0,10.0,10.0,10,0.0,10.0,0.0,0
lossaware-disc,100,1K,h4,1,1024,52.0,15,1,127.7166,127.028,6.3702,136.0785,0.0643,0.0645,0.0032,0.0683,64.3486,63.035,4.3844,70.6702,0.0,0,0.0,0.0,63.896,65.426,4.6671,69.5136,10.0,10,0.0,10.0,10.0,10,0.0,10.0,0.0,0
lossaware-disc,100,1K,h4,2,1024,52.0,15,1,130.5977,129.623,6.8816,140.8615,0.0629,0.0632,0.0033,0.0669,66.4073,66.132,6.181,73.2461,0.0,0,0.0,0.0,64.3545,64.438,4.6504,70.6958,10.0,10,0.0,10.0,10.0,10,0.0,10.0,0.0,0
lossaware-disc,100,1K,h4,3,1024,52.0,15,1,131.1497,131.461,5.7858,139.2048,0.0626,0.0623,0.0027,0.0665,65.646,65.349,3.8038,72.0014,0.0,0,0.0,0.0,64.325,63.677,3.1045,69.2259,10.0,10,0.0,10.0,10.0,10,0.0,10.0,0.0,0
lossaware-disc,100,1K,h4,4,1024,52.0,15,1,127.0663,127.076,6.3123,135.1102,0.0646,0.0645,0.0033,0.0714,62.7503,62.813,5.745,71.0604,0.0,0,0.0,0.0,63.1234,64.054,4.1201,68.2535,10.0,10,0.0,10.0,10.0,10,0.0,10.0,0.0,0
lossaware-disc,100,1K,h4,5,1024,52.0,15,1,130.9793,130.353,5.9308,138.5242,0.0627,0.0628,0.0028,0.0664,65.4341,66.335,5.802,72.5931,0.0,0,0.0,0.0,64.9185,65.312,3.4572,69.3493,10.0,10,0.0,10.0,10.0,10,0.0,10.0,0.0,0
lossaware-disc,100,1K,h4,6,1024,52.0,15,1,127.6325,128.904,6.6258,136.096,0.0644,0.0636,0.0034,0.0702,63.4673,61.515,6.2752,72.6079,0.0,0,0.0,0.0,63.8987,64.692,3.7389,69.1739,10.0,10,0.0,10.0,10.0,10,0.0,10.0,0.0,0
lossaware-disc,100,1K,h4,7,1024,52.0,15,1,126.1184,126.375,4.0197,132.1789,0.065,0.0648,0.0021,0.0679,62.0557,62.828,2.9833,65.4365,0.0,0,0.0,0.0,62.902,63.587,3.4571,67.3789,10.0,10,0.0,10.0,10.0,10,0.0,10.0,0.0,0
lossaware-disc,100,1K,h4,8,1024,52.0,15,1,129.4557,130.424,7.3386,138.2112,0.0635,0.0628,0.0036,0.0684,65.8551,67.634,6.2227,72.6933,0.0,0,0.0,0.0,64.2407,63.93,4.2771,69.6671,10.0,10,0.0,10.0,10.0,10,0.0,10.0,0.0,0
lossaware-disc,100,1K,h4,9,1024,52.0,15,1,127.3364,127.209,5.1024,134.9914,0.0644,0.0644,0.0025,0.0678,62.5547,62.735,3.7314,67.8248,0.0,0,0.0,0.0,63.0208,62.762,3.0045,67.0259,10.0,10,0.0,10.0,10.0,10,0.0,10.0,0.0,0
lossaware-disc,100,1K,h4,10,1024,52.0,15,1,125.1992,125.396,7.4103,135.8715,0.0656,0.0653,0.0039,0.0712,61.7163,63.01,3.7685,66.1729,0.0,0,0.0,0.0,61.5587,62.636,3.7962,66.2741,10.0,10,0.0,10.0,10.0,10,0.0,10.0,0.0,0
metrics,100,1K,h2,1,1024,6.0,15,1,13.7275,13.517,0.6075,14.6509,0.5978,0.6061,0.0256,0.6234,7.0867,6.74,0.5803,8.0347,0.0,0,0.0,0.0,6.5812,6.526,0.2035,6.9168,10.0,10,0.0,10.0,10.0,10,0.0,10.0,0.0,0
metrics,100,1K,h2,2,1024,6.0,15,1,13.6237,13.279,0.5974,14.5785,0.6023,0.6169,0.0255,0.6283,7.0175,6.736,0.613,8.0947,0.0,0,0.0,0.0,6.487,6.408,0.2118,6.8521,10.0,10,0.0,10.0,10.0,10,0.0,10.0,0.0,0
metrics,100,1K,h2,3,1024,6.0,15,1,13.4716,13.331,0.5281,14.4318,0.6089,0.6145,0.0231,0.6341,6.8613,6.783,0.3917,7.5935,0.0,0,0.0,0.0,6.4928,6.411,0.2076,6.842,10.0,10,0.0,10.0,10.0,10,0.0,10.0,0.0,0
metrics,100,1K,h2,4,1024,6.0,15,1,13.4961,13.301,0.338,14.1,0.6073,0.6159,0.015,0.6228,6.9201,6.766,0.3252,7.4633,0.0,0,0.0,0.0,6.4603,6.475,0.1104,6.607,10.0,10,0.0,10.0,10.0,10,0.0,10.0,0.0,0
metrics,100,1K,h2,5,1024,6.0,15,1,13.6301,13.417,0.5104,14.3431,0.6018,0.6106,0.0222,0.6258,6.9906,6.813,0.4618,7.639,0.0,0,0.0,0.0,6.5262,6.495,0.1762,6.7931,10.0,10,0.0,10.0,10.0,10,0.0,10.0,0.0,0
metrics,100,1K,h2,6,1024,6.0,15,1,13.3253,13.2,0.3264,13.7503,0.6151,0.6206,0.0142,0.6257,6.7591,6.722,0.3172,7.1022,0.0,0,0.0,0.0,6.4721,6.384,0.2154,6.8073,10.0,10,0.0,10.0,10.0,10,0.0,10.0,0.0,0
metrics,100,1K,h2,7,1024,6.0,15,1,13.592,13.524,0.3759,14.1666,0.6031,0.6057,0.0166,0.625,6.9753,6.976,0.372,7.4549,0.0,0,0.0,0.0,6.462,6.42,0.1593,6.725,10.0,10,0.0,10.0,10.0,10,0.0,10.0,0.0,0
metrics,100,1K,h2,8,1024,6.0,15,1,13.4197,13.286,0.4029,14.3107,0.6109,0.6166,0.0174,0.6231,6.7703,6.625,0.4321,7.6744,0.0,0,0.0,0.0,6.4735,6.455,0.119,6.6422,10.0,10,0.0,10.0,10.0,10,0.0,10.0,0.0,0
metrics,100,1K,h2,9,1024,6.0,15,1,13.3079,13.348,0.307,13.7118,0.6159,0.6137,0.0144,0.6362,6.7134,6.728,0.2712,7.1364,0.0,0,0.0,0.0,6.4238,6.418,0.1484,6.649,10.0,10,0.0,10.0,10.0,10,0.0,10.0,0.0,0
metrics,100,1K,h2,10,1024,6.0,15,1,13.4455,13.247,0.5782,14.4196,0.6103,0.6184,0.0255,0.6393,6.905,6.722,0.5078,7.9535,0.0,0,0.0,0.0,6.5049,6.455,0.2903,7.11,10.0,10,0.0,10.0,10.0,10,0.0,10.0,0.0,0
metrics,100,1K,h3,1,1024,22.0,15,1,57.5985,58.142,3.3778,61.3426,0.1427,0.1409,0.009,0.1584,30.3596,31.052,2.7746,33.3426,0.0,0,0.0,0.0,30.0576,30.472,1.5395,31.2516,10.0,10,0.0,10.0,10.0,10,0.0,10.0,0.0,0
metrics,100,1K,h3,2,1024,22.0,15,1,57.0858,56.715,2.7941,61.5099,0.1438,0.1444,0.0069,0.1528,30.0591,29.656,2.1773,33.1468,0.0,0,0.0,0.0,29.9149,30.087,1.2259,31.5419,10.0,10,0.0,10.0,10.0,10,0.0,10.0,0.0,0
metrics,100,1K,h3,3,1024,22.0,15,1,56.5325,56.45,2.4184,60.1005,0.1452,0.1451,0.0063,0.1538,29.3646,28.823,2.5144,33.228,0.0,0,0.0,0.0,29.014,28.79,1.5921,31.0312,10.0,10,0.0,10.0,10.0,10,0.0,10.0,0.0,0
metrics,100,1K,h3,4,1024,22.0,15,1,57.123,57.305,2.3423,60.5394,0.1436,0.143,0.0058,0.1508,30.7795,32.305,2.6704,33.2499,0.0,0,0.0,0.0,29.4575,29.679,1.2808,31.1434,10.0,10,0.0,10.0,10.0,10,0.0,10.0,0.0,0
metrics,100,1K,h3,5,1024,22.0,15,1,55.9555,55.999,2.7983,59.587,0.1467,0.1463,0.0075,0.1582,29.9653,30.172,3.0509,33.1854,0.0,0,0.0,0.0,28.7194,28.17,1.7708,30.8809,10.0,10,0.0,10.0,10.0,10,0.0,10.0,0.0,0
metrics,100,1K,h3,6,1024,22.0,15,1,55.0801,55.461,1.9602,57.3104,0.1489,0.1477,0.0054,0.1574,29.159,29.046,1.9509,31.969,0.0,0,0.0,0.0,28.2517,27.772,1.5234,30.389,10.0,10,0.0,10.0,10.0,10,0.0,10.0,0.0,0
metrics,100,1K,h3,7,1024,22.0,15,1,55.9711,55.522,3.3566,61.2259,0.1468,0.1475,0.0087,0.1582,28.8472,29.105,2.8057,32.8278,0.0,0,0.0,0.0,29.0632,28.826,1.8321,31.3485,10.0,10,0.0,10.0,10.0,10,0.0,10.0,0.0,0
metrics,100,1K,h3,8,1024,22.0,15,1,56.6815,57.319,3.1537,60.747,0.145,0.1429,0.0083,0.158,29.3711,29.75,2.7388,33.1874,0.0,0,0.0,0.0,29.5405,30.289,1.6643,31.4797,10.0,10,0.0,10.0,10.0,10,0.0,10.0,0.0,0
metrics,100,1K,h3,9,1024,22.0,15,1,56.8041,57.463,3.1319,60.694,0.1446,0.1426,0.0083,0.1611,29.9346,29.32,2.188,32.947,0.0,0,0.0,0.0,29.2743,30.108,2.176,31.3628,10.0,10,0.0,10.0,10.0,10,0.0,10.0,0.0,0
metrics,100,1K,h3,10,1024,22.0,15,1,57.3225,57.345,2.8001,61.0379,0.1432,0.1429,0.0072,0.1534,30.0895,29.201,2.2477,33.5503,0.0,0,0.0,0.0,29.8736,29.99,1.5027,31.6956,10.0,10,0.0,10.0,10.0,10,0.0,10.0,0.0,0
metrics,100,1K,h4,1,1024,52.0,15,1,128.4211,128.52,6.0071,137.2947,0.0639,0.0637,0.003,0.0684,63.9644,63.233,3.4093,68.8081,0.0,0,0.0,0.0,63.6392,63.417,3.7884,69.3357,10.0,10,0.0,10.0,10.0,10,0.0,10.0,0.0,0
metrics,100,1K,h4,2,1024,52.0,15,1,129.3674,129.443,4.645,135.6393,0.0634,0.0633,0.0023,0.0667,64.8689,64.311,5.0074,72.4865,0.0,0,0.0,0.0,63.7079,63.478,3.8044,69.0318,10.0,10,0.0,10.0,10.0,10,0.0,10.0,0.0,0
metrics,100,1K,h4,3,1024,52.0,15,1,124.1884,122.853,6.1187,135.3651,0.0661,0.0667,0.0032,0.071,60.7379,59.082,5.7618,69.7386,0.0,0,0.0,0.0,61.3553,61.4,3.7701,66.3146,10.0,10,0.0,10.0,10.0,10,0.0,10.0,0.0,0
metrics,100,1K,h4,4,1024,52.0,15,1,129.8144,129.131,8.1946,140.2713,0.0633,0.0634,0.0041,0.0693,64.5289,64.411,5.9603,72.6991,0.0,0,0.0,0.0,63.6826,63.406,4.5758,69.734,10.0,10,0.0,10.0,10.0,10,0.0,10.0,0.0,0
metrics,100,1K,h4,5,1024,52.0,15,1,126.7973,127.842,7.9902,137.6304,0.0649,0.0641,0.0042,0.0711,64.3461,65.14,5.5797,72.2593,0.0,0,0.0,0.0,62.6939,62.354,5.0969,69.8371,10.0,10,0.0,10.0,10.0,10,0.0,10.0,0.0,0
metrics,100,1K,h4,6,1024,52.0,15,1,127.9289,128.261,5.2425,134.5092,0.0641,0.0639,0.0027,0.0684,65.5291,66.596,3.8712,70.9703,0.0,0,0.0,0.0,63.6153,63.605,3.9624,68.5287,10.0,10,0.0,10.0,10.0,10,0.0,10.0,0.0,0
metrics,100,1K,h4,7,1024,52.0,15,1,125.4252,124.444,6.788,136.2478,0.0655,0.0658,0.0035,0.0705,63.3405,62.827,5.2884,71.217,0.0,0,0.0,0.0,61.681,61.041,3.981,66.9523,10.0,10,0.0,10.0,10.0,10,0.0,10.0,0.0,0
metrics,100,1K,h4,8,1024,52.0,15,1,128.3849,130.957,5.4779,134.8946,0.0639,0.0626,0.0028,0.0682,65.6814,65.028,3.7983,70.9936,0.0,0,0.0,0.0,62.7163,63.266,3.0248,67.5622,10.0,10,0.0,10.0,10.0,10,0.0,10.0,0.0,0
metrics,100,1K,h4,9,1024,52.0,15,1,124.5471,124.131,8.6339,138.4704,0.0661,0.066,0.0045,0.0723,61.551,62.196,5.1978,69.0884,0.0,0,0.0,0.0,62.8332,62.578,4.5672,70.1933,10.0,10,0.0,10.0,10.0,10,0.0,10.0,0.0,0
metrics,100,1K,h4,10,1024,52.0,15,1,128.5854,128.621,5.5507,136.1372,0.0638,0.0637,0.0028,0.0679,65.8947,64.592,4.0128,71.0378,0.0,0,0.0,0.0,63.816,64.366,3.161,68.3078,10.0,10,0.0,10.0,10.0,10,0.0,10.0,0.0,0
static10,100,1K,h2,1,1024,6.0,15,1,13.4197,13.303,0.3571,14.1682,0.6108,0.6158,0.0158,0.6273,6.8132,6.751,0.3696,7.6096,0.0,0,0.0,0.0,6.4601,6.457,0.1167,6.6427,10.0,10,0.0,10.0,10.0,10,0.0,10.0,0.0,0
static10,100,1K,h2,2,1024,6.0,15,1,13.8063,13.546,0.6389,14.9786,0.5945,0.6048,0.0266,0.622,7.2433,7.04,0.6169,8.3122,0.0,0,0.0,0.0,6.6281,6.536,0.2694,7.0258,10.0,10,0.0,10.0,10.0,10,0.0,10.0,0.0,0
static10,100,1K,h2,3,1024,6.0,15,1,13.6122,13.488,0.6436,14.602,0.603,0.6074,0.0266,0.6313,7.0241,6.86,0.6957,8.2663,0.0,0,0.0,0.0,6.5573,6.471,0.3295,7.2224,10.0,10,0.0,10.0,10.0,10,0.0,10.0,0.0,0
static10,100,1K,h2,4,1024,6.0,15,1,13.4597,13.312,0.3478,13.997,0.609,0.6154,0.0155,0.6247,6.8464,6.749,0.4151,7.5946,0.0,0,0.0,0.0,6.4306,6.451,0.1224,6.5763,10.0,10,0.0,10.0,10.0,10,0.0,10.0,0.0,0
static10,100,1K,h2,5,1024,6.0,15,1,13.4595,13.235,0.5158,14.3866,0.6094,0.619,0.0222,0.6275,6.8814,6.716,0.5258,7.8002,0.0,0,0.0,0.0,6.4788,6.404,0.1927,6.8227,10.0,10,0.0,10.0,10.0,10,0.0,10.0,0.0,0
static10,100,1K,h2,6,1024,6.0,15,1,13.5539,13.285,0.5948,14.549,0.6054,0.6166,0.0255,0.6283,6.9823,6.755,0.5798,7.9776,0.0,0,0.0,0.0,6.5555,6.484,0.2329,6.9204,10.0,10,0.0,10.0,10.0,10,0.0,10.0,0.0,0
static10,100,1K,h2,7,1024,6.0,15,1,13.5492,13.373,0.4164,14.2276,0.6051,0.6126,0.0181,0.6225,6.861,6.72,0.3129,7.3634,0.0,0,0.0,0.0,6.4715,6.477,0.1112,6.6398,10.0,10,0.0,10.0,10.0,10,0.0,10.0,0.0,0
static10,100,1K,h2,8,1024,6.0,15,1,13.5381,13.385,0.518,14.4758,0.6059,0.612,0.0227,0.6318,6.967,6.887,0.3859,7.5644,0.0,0,0.0,0.0,6.5001,6.468,0.1669,6.7247,10.0,10,0.0,10.0,10.0,10,0.0,10.0,0.0,0
static10,100,1K,h2,9,1024,6.0,15,1,13.3161,13.228,0.4254,14.0793,0.6158,0.6193,0.0193,0.6401,6.7039,6.651,0.2925,7.2332,0.0,0,0.0,0.0,6.4128,6.368,0.1861,6.7243,10.0,10,0.0,10.0,10.0,10,0.0,10.0,0.0,0
static10,100,1K,h2,10,1024,6.0,15,1,13.4405,13.284,0.4417,14.3035,0.6101,0.6167,0.0194,0.626,6.7923,6.674,0.3998,7.4554,0.0,0,0.0,0.0,6.5186,6.428,0.2545,6.9044,10.0,10,0.0,10.0,10.0,10,0.0,10.0,0.0,0
static10,100,1K,h3,1,1024,22.0,15,1,56.9778,56.665,2.9831,61.9179,0.1441,0.1446,0.0076,0.156,30.0765,31.955,3.2312,33.4346,0.0,0,0.0,0.0,29.0095,28.56,1.8752,31.746,10.0,10,0.0,10.0,10.0,10,0.0,10.0,0.0,0
static10,100,1K,h3,2,1024,22.0,15,1,57.1437,56.92,3.0461,61.0165,0.1437,0.1439,0.0077,0.1535,30.1409,30.986,3.0347,33.2747,0.0,0,0.0,0.0,29.5571,29.333,1.4482,31.417,10.0,10,0.0,10.0,10.0,10,0.0,10.0,0.0,0
static10,100,1K,h3,3,1024,22.0,15,1,55.9695,56.199,2.4882,60.1677,0.1466,0.1458,0.0065,0.1565,28.9609,29.439,2.2577,31.8166,0.0,0,0.0,0.0,29.1656,29.199,1.1629,30.4808,10.0,10,0.0,10.0,10.0,10,0.0,10.0,0.0,0
static10,100,1K,h3,4,1024,22.0,15,1,57.3317,57.714,2.5385,61.2625,0.1431,0.1419,0.0063,0.1512,29.4666,29.269,2.4491,33.233,0.0,0,0.0,0.0,30.0316,30.533,1.3062,31.4181,10.0,10,0.0,10.0,10.0,10,0.0,10.0,0.0,0
static10,100,1K,h3,5,1024,22.0,15,1,56.9246,57.368,2.4977,60.0519,0.1442,0.1428,0.0064,0.1539,29.9913,29.892,1.5534,32.3404,0.0,0,0.0,0.0,29.7431,30.474,1.4349,31.3014,10.0,10,0.0,10.0,10.0,10,0.0,10.0,0.0,0
static10,100,1K,h3,6,1024,22.0,15,1,57.6693,58.991,3.1489,61.3411,0.1425,0.1389,0.0081,0.157,30.2783,31.376,2.7588,33.2918,0.0,0,0.0,0.0,29.64,29.912,1.7363,31.5548,10.0,10,0.0,10.0,10.0,10,0.0,10.0,0.0,0
static10,100,1K,h3,7,1024,22.0,15,1,56.5374,55.196,4.331,62.7655,0.1457,0.1484,0.011,0.1591,29.5611,30.218,3.2913,33.338,0.0,0,0.0,0.0,29.0035,28.93,2.2792,31.6511,10.0,10,0.0,10.0,10.0,10,0.0,10.0,0.0,0
static10,100,1K,h3,8,1024,22.0,15,1,56.4683,56.861,4.568,62.8713,0.146,0.1441,0.0119,0.163,29.4141,29.232,3.2598,33.3712,0.0,0,0.0,0.0,29.0929,28.753,2.3026,31.8123,10.0,10,0.0,10.0,10.0,10,0.0,10.0,0.0,0
static10,100,1K,h3,9,1024,22.0,15,1,57.2709,57.468,2.7703,61.5099,0.1434,0.1425,0.0069,0.1527,29.7703,29.707,2.0761,33.0304,0.0,0,0.0,0.0,29.8803,29.863,1.3272,31.5059,10.0,10,0.0,10.0,10.0,10,0.0,10.0,0.0,0
static10,100,1K,h3,10,1024,22.0,15,1,57.1418,56.726,3.0823,60.8941,0.1438,0.1444,0.0079,0.1564,30.0956,30.706,2.269,32.7135,0.0,0,0.0,0.0,29.4163,29.534,1.7535,31.3103,10.0,10,0.0,10.0,10.0,10,0.0,10.0,0.0,0
static10,100,1K,h4,1,1024,52.0,15,1,126.2173,128.214,7.0189,133.1703,0.0651,0.0639,0.0038,0.0715,64.3947,64.203,5.9329,72.5272,0.0,0,0.0,0.0,62.9982,64.185,4.3519,67.9107,10.0,10,0.0,10.0,10.0,10,0.0,10.0,0.0,0
static10,100,1K,h4,2,1024,52.0,15,1,127.8733,126.735,6.2442,136.7597,0.0642,0.0646,0.0031,0.0689,64.5935,66.242,5.0822,70.4544,0.0,0,0.0,0.0,62.7453,61.898,3.7897,70.0075,10.0,10,0.0,10.0,10.0,10,0.0,10.0,0.0,0
static10,100,1K,h4,3,1024,52.0,15,1,126.6783,126.664,5.7488,134.1913,0.0648,0.0647,0.003,0.0684,62.2151,63.426,5.1398,69.056,0.0,0,0.0,0.0,62.7505,62.867,3.6568,67.288,10.0,10,0.0,10.0,10.0,10,0.0,10.0,0.0,0
static10,100,1K,h4,4,1024,52.0,15,1,131.1722,130.588,6.4824,141.1824,0.0626,0.0627,0.0031,0.0673,67.5434,67.038,3.5701,72.7459,0.0,0,0.0,0.0,65.6365,65.599,4.3294,70.9462,10.0,10,0.0,10.0,10.0,10,0.0,10.0,0.0,0
static10,100,1K,h4,5,1024,52.0,15,1,129.2156,131.042,6.0565,135.8357,0.0635,0.0625,0.003,0.0694,66.0559,66.518,4.1545,71.1827,0.0,0,0.0,0.0,63.3578,64.427,4.0927,68.0676,10.0,10,0.0,10.0,10.0,10,0.0,10.0,0.0,0
static10,100,1K,h4,6,1024,52.0,15,1,126.6906,128.244,7.2592,135.876,0.0649,0.0639,0.0039,0.07,63.5818,64.714,4.7925,69.6478,0.0,0,0.0,0.0,63.2572,61.922,4.2767,69.043,10.0,10,0.0,10.0,10.0,10,0.0,10.0,0.0,0
static10,100,1K,h4,7,1024,52.0,15,1,128.6816,127.624,8.3942,140.693,0.0639,0.0642,0.0042,0.0701,63.9707,65.354,6.3577,72.6679,0.0,0,0.0,0.0,64.0869,63.36,4.1784,70.4629,10.0,10,0.0,10.0,10.0,10,0.0,10.0,0.0,0
static10,100,1K,h4,8,1024,52.0,15,1,127.434,127.976,3.4977,132.2792,0.0643,0.064,0.0018,0.0677,64.5035,64.829,3.6869,69.1538,0.0,0,0.0,0.0,61.6259,61.806,2.7519,65.3462,10.0,10,0.0,10.0,10.0,10,0.0,10.0,0.0,0
static10,100,1K,h4,9,1024,52.0,15,1,128.8915,128.377,6.8359,136.2205,0.0637,0.0638,0.0035,0.069,64.1077,64.746,5.058,70.832,0.0,0,0.0,0.0,63.6013,63.207,4.5729,69.5075,10.0,10,0.0,10.0,10.0,10,0.0,10.0,0.0,0
static10,100,1K,h4,10,1024,52.0,15,1,130.6409,131.552,4.4337,135.6273,0.0628,0.0623,0.0021,0.0665,66.1807,66.357,3.4302,71.2536,0.0,0,0.0,0.0,64.7651,65.036,2.2564,67.2533,10.0,10,0.0,10.0,10.0,10,0.0,10.0,0.0,0
statichigh,100,1K,h2,1,1024,6.0,15,1,13.5675,13.344,0.5014,14.4322,0.6045,0.6139,0.0216,0.6235,6.9531,6.694,0.561,7.8942,0.0,0,0.0,0.0,6.4967,6.483,0.1787,6.8016,24.0,24,0.0,24.0,24.0,24,0.0,24.0,0.0,0
statichigh,100,1K,h2,2,1024,6.0,15,1,13.5171,13.288,0.4705,14.3963,0.6067,0.6165,0.0205,0.6261,6.8985,6.721,0.4361,7.6531,0.0,0,0.0,0.0,6.4631,6.433,0.1709,6.7639,24.0,24,0.0,24.0,24.0,24,0.0,24.0,0.0,0
statichigh,100,1K,h2,3,1024,6.0,15,1,13.5864,13.415,0.3916,14.1805,0.6034,0.6107,0.0172,0.6212,6.955,6.8,0.3386,7.4976,0.0,0,0.0,0.0,6.5437,6.544,0.1862,6.8022,24.0,24,0.0,24.0,24.0,24,0.0,24.0,0.0,0
statichigh,100,1K,h2,4,1024,6.0,15,1,13.5371,13.513,0.5547,14.368,0.6061,0.6062,0.0244,0.6372,6.9103,6.767,0.4645,7.8162,0.0,0,0.0,0.0,6.4993,6.427,0.2018,6.8585,24.0,24,0.0,24.0,24.0,24,0.0,24.0,0.0,0
statichigh,100,1K,h2,5,1024,6.0,15,1,13.3948,13.288,0.3478,14.0351,0.612,0.6165,0.0155,0.6277,6.7959,6.729,0.3281,7.5092,0.0,0,0.0,0.0,6.4309,6.414,0.167,6.7221,24.0,24,0.0,24.0,24.0,24,0.0,24.0,0.0,0
statichigh,100,1K,h2,6,1024,6.0,15,1,13.4375,13.339,0.3924,14.0449,0.6101,0.6141,0.0173,0.6309,6.8191,6.712,0.3713,7.3164,0.0,0,0.0,0.0,6.4195,6.401,0.1349,6.6096,24.0,24,0.0,24.0,24.0,24,0.0,24.0,0.0,0
statichigh,100,1K,h2,7,1024,6.0,15,1,13.7184,13.477,0.7346,15.171,0.5986,0.6079,0.0297,0.6235,7.0165,6.753,0.7027,8.4469,0.0,0,0.0,0.0,6.56,6.432,0.4057,7.2315,24.0,24,0.0,24.0,24.0,24,0.0,24.0,0.0,0
statichigh,100,1K,h2,8,1024,6.0,15,1,13.6077,13.424,0.5159,14.5536,0.6028,0.6103,0.0222,0.6278,7.0575,6.826,0.5951,8.1384,0.0,0,0.0,0.0,6.5232,6.503,0.1772,6.8012,24.0,24,0.0,24.0,24.0,24,0.0,24.0,0.0,0
statichigh,100,1K,h2,9,1024,6.0,15,1,13.4044,13.389,0.4256,14.1812,0.6117,0.6118,0.0193,0.6399,6.8309,6.707,0.3376,7.4571,0.0,0,0.0,0.0,6.4332,6.43,0.1262,6.5831,24.0,24,0.0,24.0,24.0,24,0.0,24.0,0.0,0
statichigh,100,1K,h2,10,1024,6.0,15,1,13.4065,13.302,0.5136,14.3773,0.6119,0.6158,0.0227,0.6402,6.8183,6.704,0.4116,7.6281,0.0,0,0.0,0.0,6.419,6.357,0.1407,6.6671,24.0,24,0.0,24.0,24.0,24,0.0,24.0,0.0,0
statichigh,100,1K,h3,1,1024,22.0,15,1,56.3073,56.547,3.2104,60.886,0.1459,0.1449,0.0086,0.1599,28.4094,28.103,3.2029,32.9176,0.0,0,0.0,0.0,29.4731,30.14,1.9485,31.5135,24.0,24,0.0,24.0,24.0,24,0.0,24.0,0.0,0
statichigh,100,1K,h3,2,1024,22.0,15,1,55.5201,55.252,3.063,60.2273,0.148,0.1483,0.0082,0.159,29.2117,29.182,1.8242,32.0082,0.0,0,0.0,0.0,28.7454,28.711,1.7542,31.1155,24.0,24,0.0,24.0,24.0,24,0.0,24.0,0.0,0
statichigh,100,1K,h3,3,1024,22.0,15,1,58.0412,59.231,2.9825,61.2959,0.1415,0.1383,0.0076,0.1547,31.2697,32.683,2.1294,33.0572,0.0,0,0.0,0.0,29.8747,30.624,1.5281,31.4706,24.0,24,0.0,24.0,24.0,24,0.0,24.0,0.0,0
statichigh,100,1K,h3,4,1024,22.0,15,1,56.7526,56.275,2.6663,59.9779,0.1446,0.1456,0.0069,0.1553,30.2781,30.917,3.0104,33.2969,0.0,0,0.0,0.0,29.0291,29.022,1.1401,30.5429,24.0,24,0.0,24.0,24.0,24,0.0,24.0,0.0,0
statichigh,100,1K,h3,5,1024,22.0,15,1,56.3113,55.945,3.8418,61.3912,0.1461,0.1464,0.01,0.1614,29.5127,29.309,3.3498,33.1066,0.0,0,0.0,0.0,29.2421,29.051,2.0217,31.7946,24.0,24,0.0,24.0,24.0,24,0.0,24.0,0.0,0
statichigh,100,1K,h3,6,1024,22.0,15,1,55.7034,55.978,3.9237,61.443,0.1478,0.1463,0.0105,0.1631,29.0678,29.628,3.0251,33.2584,0.0,0,0.0,0.0,28.6011,28.956,2.1912,31.5046,24.0,24,0.0,24.0,24.0,24,0.0,24.0,0.0,0
statichigh,100,1K,h3,7,1024,22.0,15,1,56.1967,56.794,2.7527,60.0372,0.1461,0.1442,0.0073,0.1574,29.65,29.601,3.0054,33.3498,0.0,0,0.0,0.0,29.0712,29.313,1.6406,30.9679,24.0,24,0.0,24.0,24.0,24,0.0,24.0,0.0,0
statichigh,100,1K,h3,8,1024,22.0,15,1,56.0035,56.334,4.9837,62.3091,0.1474,0.1454,0.0139,0.1709,30.0411,30.239,3.4829,33.4555,0.0,0,0.0,0.0,28.6867,28.957,2.6836,31.8542,24.0,24,0.0,24.0,24.0,24,0.0,24.0,0.0,0
statichigh,100,1K,h3,9,1024,22.0,15,1,55.947,56.205,3.5994,61.0589,0.147,0.1458,0.0096,0.16,29.5681,29.5,2.623,32.9015,0.0,0,0.0,0.0,28.9971,29.011,1.9709,31.4176,24.0,24,0.0,24.0,24.0,24,0.0,24.0,0.0,0
statichigh,100,1K,h3,10,1024,22.0,15,1,55.9415,55.979,2.9359,60.4589,0.1468,0.1463,0.0077,0.1588,28.5326,28.299,2.7911,32.3492,0.0,0,0.0,0.0,29.145,29.23,1.5048,31.0865,24.0,24,0.0,24.0,24.0,24,0.0,24.0,0.0,0
statichigh,100,1K,h4,1,1024,52.0,15,1,128.6201,129.515,6.842,136.8237,0.0639,0.0633,0.0035,0.0701,65.0972,66.556,5.7128,71.5528,0.0,0,0.0,0.0,63.2773,63.703,4.2596,68.858,24.0,24,0.0,24.0,24.0,24,0.0,24.0,0.0,0
statichigh,100,1K,h4,2,1024,52.0,15,1,130.0823,132.145,6.3989,138.464,0.0631,0.062,0.0033,0.0679,65.8022,66.151,4.4472,72.6269,0.0,0,0.0,0.0,63.9053,65.289,3.8487,67.5063,24.0,24,0.0,24.0,24.0,24,0.0,24.0,0.0,0
statichigh,100,1K,h4,3,1024,52.0,15,1,128.6348,128.281,5.7402,136.0732,0.0638,0.0639,0.0028,0.0674,64.8543,66.289,4.7216,69.8203,0.0,0,0.0,0.0,64.0243,64.296,3.688,69.5194,24.0,24,0.0,24.0,24.0,24,0.0,24.0,0.0,0
statichigh,100,1K,h4,4,1024,52.0,15,1,125.841,126.371,6.9729,134.4085,0.0653,0.0648,0.0038,0.0727,63.216,62.855,3.9829,67.7426,0.0,0,0.0,0.0,62.7677,63.25,3.7458,67.2805,24.0,24,0.0,24.0,24.0,24,0.0,24.0,0.0,0
statichigh,100,1K,h4,5,1024,52.0,15,1,127.4407,124.808,7.2807,138.4938,0.0645,0.0656,0.0036,0.0679,64.1532,65.247,4.6097,69.1204,0.0,0,0.0,0.0,63.3001,62.152,4.3195,70.3603,24.0,24,0.0,24.0,24.0,24,0.0,24.0,0.0,0
statichigh,100,1K,h4,6,1024,52.0,15,1,127.649,127.657,5.788,136.8695,0.0643,0.0642,0.0029,0.0693,64.6739,64.727,4.1298,70.6259,0.0,0,0.0,0.0,62.5305,61.937,3.4638,66.9158,24.0,24,0.0,24.0,24.0,24,0.0,24.0,0.0,0
statichigh,100,1K,h4,7,1024,52.0,15,1,126.0041,124.752,7.2359,135.0052,0.0652,0.0657,0.0038,0.0704,62.9327,63.639,4.6779,68.7541,0.0,0,0.0,0.0,62.2663,61.298,4.5256,69.5758,24.0,24,0.0,24.0,24.0,24,0.0,24.0,0.0,0
statichigh,100,1K,h4,8,1024,52.0,15,1,127.9701,129.638,8.3259,138.0834,0.0643,0.0632,0.0042,0.0703,64.5904,64.673,6.3878,72.3681,0.0,0,0.0,0.0,64.1305,63.944,4.6485,70.0141,24.0,24,0.0,24.0,24.0,24,0.0,24.0,0.0,0
statichigh,100,1K,h4,9,1024,52.0,15,1,127.7443,128.141,7.3966,137.6842,0.0643,0.0639,0.0038,0.0698,65.0048,66.049,4.7923,71.2292,0.0,0,0.0,0.0,63.023,62.636,3.5828,68.8507,24.0,24,0.0,24.0,24.0,24,0.0,24.0,0.0,0
statichigh,100,1K,h4,10,1024,52.0,15,1,128.3489,128.281,7.7548,141.4988,0.064,0.0639,0.0038,0.0698,64.6737,63.716,5.8488,72.6074,0.0,0,0.0,0.0,62.6453,62.325,5.2751,70.9571,24.0,24,0.0,24.0,24.0,24,0.0,24.0,0.0,0
ewma,100,1M,h2,1,1048576,6.0,15,1,121.7959,123.473,4.8331,125.5494,68.9831,67.9388,2.9379,75.8814,115.1432,116.598,4.7571,119.0494,23.9333,25,4.978,29.0,6.7377,6.624,0.3177,7.5032,66.9333,71,15.7501,71.0,71.0,71,0.0,71.0,100.0,0
ewma,100,1M,h2,2,1048576,6.0,15,1,124.9805,132.816,11.3024,136.6136,67.6497,63.1596,6.2877,75.9327,118.3464,126.256,11.3378,130.0585,16.7333,17,3.4531,20.3,6.6655,6.619,0.1701,6.8935,54.4,58,12.3797,59.0,58.5333,59,1.5055,60.0,100.0,0
ewma,100,1M,h2,3,1048576,6.0,15,1,121.0247,122.864,5.7202,127.1408,69.4663,68.2756,3.4733,75.9923,114.4005,116.35,5.752,120.5265,26.2,29,5.8943,31.3,6.8081,6.656,0.3788,7.5239,66.9333,71,15.7501,71.0,71.0,71,0.0,71.0,100.0,0
ewma,100,1M,h2,4,1048576,6.0,15,1,120.0274,122.564,5.0009,123.5435,70.0091,68.4427,3.0873,75.8925,113.3615,115.721,4.9693,116.7178,25.7333,26,5.8975,32.0,6.8193,6.614,0.439,7.6779,67.8667,72,16.0083,72.0,72.0,72,0.0,72.0,100.0,0
ewma,100,1M,h2,5,1048576,6.0,15,1,122.9615,118.776,11.4117,136.586,68.7669,70.6254,6.302,75.6731,116.4247,112.324,11.4328,130.2117,16.4,17,2.6673,19.0,6.7281,6.702,0.1283,6.9012,54.2667,58,12.4124,59.0,58.6667,59,1.6762,60.0,100.0,0
ewma,100,1M,h2,6,1048576,6.0,15,1,119.5807,122.403,6.0138,125.4962,70.3232,68.5327,3.6868,76.1035,112.9837,115.717,5.9791,118.8068,25.7333,26,5.2978,32.0,6.8828,6.606,0.4699,7.676,67.8667,72,16.0083,72.0,72.0,72,0.0,72.0,100.0,0
ewma,100,1M,h2,7,1048576,6.0,15,1,120.0671,122.539,5.0145,123.5463,69.9864,68.4566,3.0891,75.8177,113.4894,115.94,4.9961,117.0174,25.4,27,5.1658,31.0,6.7683,6.523,0.4653,7.6768,67.8667,72,16.0083,72.0,72.0,72,0.0,72.0,100.0,0
ewma,100,1M,h2,8,1048576,6.0,15,1,121.1052,122.738,4.309,123.6533,69.3553,68.3456,2.6549,75.7847,114.4458,116.108,4.3495,117.0312,25.0,27,5.7196,30.3,6.7505,6.647,0.3132,7.5056,66.9333,71,15.7501,71.0,71.0,71,0.0,71.0,100.0,0
ewma,100,1M,h2,9,1048576,6.0,15,1,120.9261,122.383,4.5422,124.6245,69.4674,68.5439,2.7892,76.0385,114.329,115.831,4.5108,118.1328,24.2667,25,4.4796,28.0,6.7563,6.622,0.365,7.6166,67.8667,72,16.0083,72.0,72.0,72,0.0,72.0,100.0,0
ewma,100,1M,h2,10,1048576,6.0,15,1,123.3706,123.357,6.2316,129.935,68.149,68.0027,3.2828,72.1192,116.7296,116.509,6.2324,123.3136,24.6,26,6.0569,31.6,6.6752,6.604,0.2362,6.9664,66.9333,71,15.7501,71.0,71.0,71,0.0,71.0,100.0,0
ewma,100,1M,h3,1,1048576,22.0,15,1,260.5785,260.768,11.6417,278.3362,32.253,32.1689,1.459,34.6732,232.9311,232.682,12.305,252.1049,21.1333,9,25.5675,67.2,22.5967,22.574,0.1241,22.8617,146.2667,156,37.697,156.0,156.0,156,0.0,156.0,100.0,0
ewma,100,1M,h3,2,1048576,22.0,15,1,259.6416,254.561,44.3323,314.0171,32.9856,32.9532,4.3682,38.9894,232.6309,228.348,44.9738,286.921,34.0,40,26.0686,76.4,22.7658,22.619,0.3268,23.2979,121.4,142,37.4696,144.0,142.6667,144,25.6171,178.9,93.333,0
ewma,100,1M,h3,3,1048576,22.0,15,1,271.62,241.456,86.4929,368.7401,32.508,34.7418,5.6617,36.8185,244.9457,215.241,86.0769,340.6872,20.2667,23,18.7444,47.0,22.6007,22.555,0.196,22.884,108.4667,128,34.6407,128.0,129.6667,128,27.8841,161.5,93.333,0
ewma,100,1M,h3,4,1048576,22.0,15,1,257.4774,260.345,9.1686,266.989,32.6204,32.2211,1.2161,35.1113,229.8057,232.74,9.1157,239.3524,33.1333,41,23.673,69.4,22.5761,22.593,0.0825,22.7023,143.4667,153,36.9224,153.0,153.0,153,0.0,153.0,100.0,0
ewma,100,1M,h3,5,1048576,22.0,15,1,247.7847,237.969,46.2593,297.9854,34.5793,35.2508,4.2122,37.6451,220.7369,211.886,46.0703,272.1602,25.6,24,17.0327,44.9,22.6506,22.582,0.2032,23.0198,112.4,125,31.2291,125.0,128.5333,125,27.15,155.0,93.333,0
ewma,100,1M,h3,6,1048576,22.0,15,1,262.2085,260.005,11.9334,281.7984,32.0517,32.2633,1.4041,33.6187,235.7598,232.914,12.2159,257.4001,25.6,10,21.1653,55.6,22.555,22.553,0.0924,22.7047,143.4667,153,36.9224,153.0,153.0,153,0.0,153.0,100.0,0
ewma,100,1M,h3,7,1048576,22.0,15,1,263.1077,237.27,85.567,363.2544,33.6012,35.3547,5.8426,38.8773,235.6547,209.953,85.3796,335.9146,22.4,19,22.3153,69.9,22.5943,22.535,0.1407,22.8244,114.6667,129,34.1586,129.0,135.8,129,35.7295,210.2,93.333,0
ewma,100,1M,h3,8,1048576,22.0,15,1,258.072,259.571,8.1968,266.611,32.5355,32.3172,1.0334,34.4155,231.8458,232.868,8.2409,242.1144,22.7333,9,21.6117,56.3,22.5767,22.549,0.1255,22.8199,143.4667,153,36.9224,153.0,153.0,153,0.0,153.0,100.0,0
ewma,100,1M,h3,9,1048576,22.0,15,1,260.6438,259.982,9.2612,276.5411,32.2215,32.2661,1.125,33.6043,233.6321,232.109,9.6349,250.2834,21.5333,10,24.9138,57.2,22.6098,22.53,0.206,23.0023,150.0,160,38.7298,160.0,160.0,160,0.0,160.0,100.0,0
ewma,100,1M,h3,10,1048576,22.0,15,1,277.9798,259.688,66.0244,348.2671,31.1065,32.3026,4.221,33.323,250.6101,231.997,65.8458,320.4788,19.3333,6,26.9965,60.1,22.5808,22.578,0.0844,22.694,150.0,160,38.7298,160.0,160.0,160,0.0,160.0,100.0,0
ewma,100,1M,h4,1,1048576,52.0,15,1,510.9569,508.636,50.0018,584.9714,16.5636,16.4924,1.6052,18.7714,444.3886,438.222,52.2563,522.9355,29.8,21,29.759,89.7,52.9348,52.689,0.7962,53.8919,299.3333,320,80.0417,320.0,320.0,320,0.0,320.0,100.0,0
ewma,100,1M,h4,2,1048576,52.0,15,1,518.4751,530.378,46.4925,589.7129,16.3064,15.8163,1.5245,18.839,451.9019,465.403,45.6396,523.8315,17.7333,10,25.1011,58.6,53.4443,52.711,1.618,56.9445,294.6667,315,78.7507,315.0,315.0,315,0.0,315.0,93.333,0
ewma,100,1M,h4,3,1048576,52.0,15,1,491.061,464.789,77.7972,608.2032,17.4342,18.0482,2.4136,20.2813,425.2133,398.877,78.5335,542.9946,16.4,2,26.3135,70.3,53.8981,53.029,1.9905,57.9481,260.9333,294,79.5078,300.0,307.8,300,68.4765,446.3,66.667,0
ewma,100,1M,h4,4,1048576,52.0,15,1,512.0192,507.81,68.0964,615.2327,16.6322,16.5192,2.0304,19.3315,446.0733,445.206,67.7779,548.528,34.6,9,50.7695,128.2,55.2871,53.277,4.8486,63.0903,282.6,330,85.6586,330.0,330.8,330,59.8608,448.4,80.0,0
ewma,100,1M,h4,5,1048576,52.0,15,1,530.0915,503.704,127.6017,699.1842,16.4136,16.6538,2.7182,19.438,464.3818,437.832,127.7887,632.7885,30.2667,7,54.1195,151.8,54.8443,53.291,2.7935,60.2381,211.1333,251,96.8923,305.0,275.4,302,103.5518,426.0,53.333,0
ewma,100,1M,h4,6,1048576,52.0,15,1,492.6727,487.316,45.2997,559.2394,17.1495,17.2139,1.4432,19.1083,427.0387,424.416,46.0658,493.6764,13.1333,10,21.1588,33.7,54.3569,53.376,2.5795,59.1077,372.1333,398,100.1812,398.0,398.0,398,0.0,398.0,100.0,0
ewma,100,1M,h4,7,1048576,52.0,15,1,525.3461,508.762,77.1607,643.3889,16.2521,16.4883,2.0975,18.6987,460.1063,445.497,76.1867,574.2771,29.6,8,42.2912,96.4,53.4619,52.961,1.6673,55.7474,252.6,323,104.0019,323.6,314.5333,323,103.8349,468.0,80.0,0
ewma,100,1M,h4,8,1048576,52.0,15,1,579.4102,515.865,180.4521,1007.0218,15.3638,16.2612,3.1013,18.5531,514.1238,452.372,178.1765,935.585,23.4667,1,39.8871,97.3,55.7013,53.221,4.057,61.8986,211.3333,240,98.7679,302.0,274.6667,296,100.3164,418.9,60.0,0
ewma,100,1M,h4,9,1048576,52.0,15,1,528.3529,515.171,58.3478,621.6037,16.0518,16.2832,1.7114,18.8119,462.2556,454.46,57.4292,551.9086,23.3333,10,26.3944,68.1,53.1622,52.635,1.2449,55.5775,306.8,328,82.1072,328.0,328.0,328,0.0,328.0,100.0,0
ewma,100,1M,h4,10,1048576,52.0,15,1,482.5317,461.671,52.1712,577.9835,17.5545,18.1701,1.6936,19.2536,417.497,392.629,52.8067,512.0336,43.4,10,50.83,139.7,53.8447,53.12,1.8729,56.9322,298.3333,341,96.1618,346.0,357.2,346,73.8746,468.5,86.667,0
lossaware,100,1M,h2,1,1048576,6.0,15,1,121.2735,120.492,2.1079,124.3042,69.1904,69.6196,1.1953,70.5789,114.6442,113.954,2.1198,117.6794,10.6667,12,2.2887,13.0,6.71,6.713,0.0664,6.8,10.0,10,0.0,10.0,66.1333,70,8.425,72.0,100.0,120
lossaware,100,1M,h2,2,1048576,6.0,15,1,121.7327,121.132,1.8314,124.6258,68.9245,69.2518,1.0309,70.1724,115.1691,114.678,1.8592,118.1411,9.3333,9,1.543,12.0,6.7115,6.725,0.0616,6.762,10.0,10,0.0,10.0,65.0,70,8.5356,72.0,100.0,120
lossaware,100,1M,h2,3,1048576,6.0,15,1,120.3579,119.766,2.3594,124.8253,69.7217,70.0416,1.3392,71.007,113.6931,113.074,2.3739,118.2451,11.8667,12,1.8074,13.9,6.7214,6.717,0.0417,6.7805,10.0,10,0.0,10.0,67.8667,71,7.5391,72.0,100.0,120
lossaware,100,1M,h2,4,1048576,6.0,15,1,121.3497,121.027,2.1439,124.6286,69.1476,69.3119,1.2172,70.7746,114.6906,114.316,2.2133,118.0426,10.3333,10,2.8452,15.3,6.6893,6.695,0.0497,6.748,10.0,10,0.0,10.0,66.3333,70,8.2347,72.3,100.0,120
lossaware,100,1M,h2,5,1048576,6.0,15,1,120.5052,119.723,1.9306,124.3601,69.6284,70.0668,1.0953,70.5729,113.8187,113.061,1.9411,117.7061,10.5333,10,1.8465,13.0,6.689,6.682,0.0525,6.7848,10.0,10,0.0,10.0,67.4667,71,7.5106,72.0,100.0,120
lossaware,100,1M,h2,6,1048576,6.0,15,1,121.004,120.414,2.1772,124.8529,69.3456,69.6647,1.2269,70.6007,114.3979,113.573,2.2116,118.3661,10.6667,10,2.7689,14.5,6.7219,6.726,0.0505,6.7869,10.0,10,0.0,10.0,67.6,70,7.4719,72.3,100.0,120
lossaware,100,1M,h2,7,1048576,6.0,15,1,120.8349,120.319,2.0139,124.2121,69.4399,69.7197,1.1467,70.6246,114.2047,113.628,1.9966,117.6411,10.4,10,1.9928,13.3,6.7384,6.748,0.0602,6.811,10.0,10,0.0,10.0,66.4,70,7.9355,72.0,100.0,120
lossaware,100,1M,h2,8,1048576,6.0,15,1,121.5654,120.948,2.2504,125.3148,69.0267,69.3571,1.2641,70.369,114.9025,114.364,2.2859,118.5978,10.2667,10,2.219,14.3,6.7246,6.714,0.0505,6.8039,10.0,10,0.0,10.0,65.0,71,8.8156,72.0,100.0,120
lossaware,100,1M,h2,9,1048576,6.0,15,1,120.401,120.12,1.6567,123.1534,69.6844,69.8352,0.95,71.0696,113.7931,113.544,1.6429,116.5306,10.8,11,1.5675,13.3,6.7261,6.733,0.0652,6.8166,10.0,10,0.0,10.0,68.4667,70,5.9265,72.0,100.0,120
lossaware,100,1M,h2,10,1048576,6.0,15,1,120.8151,120.19,2.0412,124.9001,69.4517,69.7946,1.1549,70.8355,114.2199,113.652,2.0894,118.4005,10.0667,10,2.0517,13.0,6.7216,6.715,0.073,6.8126,10.0,10,0.0,10.0,67.6,71,7.7717,72.3,100.0,120
lossaware,100,1M,h3,1,1048576,22.0,15,1,286.7372,262.628,91.0845,462.1481,31.0291,31.941,6.2051,37.9465,260.8156,237.036,90.4469,435.1804,73.6667,89,34.2505,102.6,22.9296,22.786,0.4153,23.6075,18.6,10,19.5112,53.3,155.5333,160,39.3553,202.9,86.667,101
lossaware,100,1M,h3,2,1048576,22.0,15,1,299.6185,267.408,110.1589,567.8007,30.2267,31.3701,6.5943,35.9286,273.4329,242.696,110.6137,541.4986,79.6667,97,36.9163,106.0,22.9523,22.619,0.8846,24.2572,16.1333,10,13.8248,40.0,149.3333,160,37.1342,185.8,86.667,101
lossaware,100,1M,h3,3,1048576,22.0,15,1,270.7501,268.263,42.4562,316.4707,31.5395,31.2701,3.9202,36.5946,244.2705,243.833,41.752,288.5103,76.1333,88,29.5075,102.3,22.6962,22.633,0.2949,23.1339,17.6,10,19.6389,53.3,154.0,156,24.8969,178.2,93.333,106
lossaware,100,1M,h3,4,1048576,22.0,15,1,284.2947,269.113,80.4147,368.9945,30.8,31.1713,5.117,37.3073,257.0836,243.378,80.5304,341.4351,82.4,88,26.2483,106.9,22.6879,22.652,0.3561,23.3728,15.4,10,14.3716,41.3,155.4,156,28.9156,182.2,93.333,107
lossaware,100,1M,h3,5,1048576,22.0,15,1,304.9475,266.172,116.0388,565.0194,30.1347,31.5157,7.605,37.5447,278.2367,239.772,115.5199,536.8057,66.4667,87,39.4133,101.0,22.9974,22.66,0.7572,24.1225,19.6,10,19.3273,53.3,145.7333,156,44.166,194.4,80.0,94
lossaware,100,1M,h3,6,1048576,22.0,15,1,286.3896,274.478,82.1009,368.2419,30.5871,30.562,5.0422,36.7107,259.1054,246.94,82.9534,341.354,84.7333,90,26.7167,105.9,22.9671,22.655,0.8378,24.1295,15.4,10,14.3716,41.3,156.4667,160,29.0907,182.5,93.333,110
lossaware,100,1M,h3,7,1048576,22.0,15,1,293.2512,264.955,95.9318,459.1638,30.6018,31.6605,6.7693,38.0361,266.8399,240.077,95.4543,431.017,68.3333,84,40.6407,103.3,22.8577,22.757,0.3989,23.516,20.0667,10,19.3814,53.3,147.7333,158,41.2803,194.7,80.0,95
lossaware,100,1M,h3,8,1048576,22.0,15,1,271.6413,271.681,4.0508,276.6491,30.8876,30.8767,0.4633,31.6565,244.5944,245.632,3.0829,248.4582,90.0667,90,5.6879,99.6,22.6245,22.608,0.1264,22.7961,10.0,10,0.0,10.0,156.8,156,1.4736,160.0,100.0,120
lossaware,100,1M,h3,9,1048576,22.0,15,1,296.2096,271.141,92.6375,462.1472,30.1257,30.9382,6.4638,37.6445,268.7901,244.972,92.7791,434.8398,69.8,90,41.5042,104.3,23.0204,22.703,0.8839,24.183,18.6,10,19.5112,53.3,145.0667,156,38.1809,188.8,80.0,108
lossaware,100,1M,h3,10,1048576,22.0,15,1,284.7071,271.023,78.1141,363.3918,30.6643,30.9516,4.8323,36.038,257.8347,246.353,77.6283,335.4019,77.7333,89,29.4751,103.6,22.7566,22.63,0.3892,23.4471,15.1333,10,13.8144,40.0,153.1333,156,28.9059,183.5,93.333,109
lossaware,100,1M,h4,1,1048576,52.0,15,1,576.2833,568.723,107.5623,710.093,14.892,14.7499,1.9721,16.8199,510.1931,498.124,110.0803,645.0154,37.9333,0,46.2763,108.0,55.9897,54.258,3.6203,62.2828,53.2667,60,24.6909,88.6,239.7333,177,104.2918,387.6,46.667,54
lossaware,100,1M,h4,2,1048576,52.0,15,1,567.8199,568.285,75.3897,676.1556,15.0123,14.7613,1.9432,17.658,502.7012,502.596,74.6372,611.188,37.6,0,54.3294,125.0,56.7463,55.119,4.3575,64.7534,68.4667,51,48.0281,151.4,257.6667,183,136.6851,458.3,46.667,45
lossaware,100,1M,h4,3,1048576,52.0,15,1,581.8389,572.139,68.4751,672.477,14.6008,14.6618,1.678,16.6408,517.0699,511.878,69.8213,615.1219,33.8667,34,33.9745,77.4,55.3285,53.45,4.5565,65.8863,48.1333,42,38.2545,122.7,284.2667,284,141.0129,462.5,60.0,69
lossaware,100,1M,h4,4,1048576,52.0,15,1,569.7131,513.809,190.117,789.9285,15.5454,16.3263,2.7196,17.7306,505.5157,454.994,190.8492,726.7109,37.3333,0,51.5456,127.3,54.6315,53.975,2.4816,59.4266,61.6667,62,34.6176,111.1,247.4667,178,128.7405,442.6,40.0,45
lossaware,100,1M,h4,5,1048576,52.0,15,1,584.1279,525.493,179.8197,823.5083,15.1262,15.9633,2.7989,17.8329,519.2527,468.116,180.5497,755.9386,57.0,73,54.4098,133.4,57.0011,56.698,4.2438,65.0562,53.3333,25,63.3174,196.5,299.3333,300,124.7006,451.0,66.667,81
lossaware,100,1M,h4,6,1048576,52.0,15,1,553.4024,536.664,73.2153,659.0627,15.4054,15.631,2.035,18.7425,487.156,479.555,70.4434,588.176,58.0,71,52.0549,121.1,54.6017,53.353,2.3059,59.1399,57.0,49,52.2767,137.9,297.0667,320,123.5848,458.6,60.0,84
lossaware,100,1M,h4,7,1048576,52.0,15,1,570.734,527.009,131.0804,751.3003,15.1745,15.9174,2.2857,17.1087,505.2458,463.376,130.0253,688.1972,60.6,18,67.4577,157.1,55.7809,53.904,3.5818,62.4633,45.0667,49,30.504,98.6,273.2667,302,117.8416,420.8,53.333,68
lossaware,100,1M,h4,8,1048576,52.0,15,1,584.2571,519.758,180.4753,837.775,15.0792,16.1394,2.5725,17.0785,518.8538,457.894,180.9357,772.6924,35.4667,0,46.7636,109.3,55.5159,54.359,2.7197,59.3725,54.6667,56,36.7708,117.0,259.6,195,128.9506,433.4,40.0,52
lossaware,100,1M,h4,9,1048576,52.0,15,1,535.8691,530.987,62.6607,622.4398,15.8529,15.7981,1.8435,18.7473,470.4797,464.208,62.5028,557.4527,25.0,0,34.176,92.9,55.1309,53.601,3.8431,60.9143,72.8,60,57.951,197.5,274.2,214,123.2142,461.6,46.667,55
lossaware,100,1M,h4,10,1048576,52.0,15,1,579.1523,568.64,116.3989,725.29,14.8673,14.7521,2.0995,16.9383,513.7943,506.339,114.9504,659.6494,52.5333,61,46.5846,117.1,55.7573,53.757,3.8292,62.7759,41.3333,28,32.2195,93.6,318.7333,395,128.616,455.4,66.667,77
lossaware-disc,100,1M,h2,1,1048576,6.0,15,1,121.1441,120.603,1.9396,124.8151,69.2612,69.5556,1.0907,70.343,114.5587,113.937,2.0041,118.3087,10.2667,10,1.9809,13.3,6.6907,6.702,0.0851,6.8052,10.0,10,0.0,10.0,66.4667,71,8.4504,72.0,100.0,0
lossaware-disc,100,1M,h2,2,1048576,6.0,15,1,120.3376,119.479,2.0496,124.1989,69.7275,70.2099,1.165,70.7372,113.718,112.903,2.0215,117.4177,10.4,10,1.9567,13.3,6.7339,6.743,0.0538,6.7997,10.0,10,0.0,10.0,67.6,71,7.7533,72.0,100.0,0
lossaware-disc,100,1M,h2,3,1048576,6.0,15,1,120.9376,119.88,2.7726,124.9646,69.3968,69.975,1.5768,71.3504,114.2835,113.253,2.812,118.4246,10.6,11,2.1974,13.0,6.6989,6.725,0.0768,6.7866,10.0,10,0.0,10.0,65.2667,71,8.8517,72.0,100.0,0
lossaware-disc,100,1M,h2,4,1048576,6.0,15,1,121.5401,120.967,2.0748,124.9811,69.0378,69.3463,1.1642,70.2481,114.9153,114.412,2.0342,118.2932,10.4667,9,2.9244,14.8,6.7145,6.728,0.0545,6.7833,10.0,10,0.0,10.0,66.2,70,8.117,72.0,100.0,0
lossaware-disc,100,1M,h2,5,1048576,6.0,15,1,121.0967,120.206,2.4738,124.6867,69.2989,69.7853,1.4108,71.4542,114.4744,113.81,2.4995,118.1756,10.3333,10,2.5261,13.9,6.6914,6.697,0.0596,6.7689,10.0,10,0.0,10.0,65.2,70,8.7194,72.6,100.0,0
lossaware-disc,100,1M,h2,6,1048576,6.0,15,1,120.1533,119.791,1.4192,122.2752,69.8248,70.027,0.8103,70.6602,113.5825,113.223,1.4995,115.9059,11.3333,11,2.3805,14.9,6.6903,6.666,0.0782,6.8405,10.0,10,0.0,10.0,70.0,71,5.305,72.0,100.0,0
lossaware-disc,100,1M,h2,7,1048576,6.0,15,1,120.2424,119.228,2.336,123.8179,69.7885,70.3577,1.3461,71.2041,113.5867,112.604,2.3696,117.1679,10.6667,11,2.0931,13.2,6.7081,6.698,0.041,6.7623,10.0,10,0.0,10.0,67.8,72,7.7754,73.3,100.0,0
lossaware-disc,100,1M,h2,8,1048576,6.0,15,1,121.4292,120.641,2.423,125.3112,69.1077,69.5336,1.3651,70.7812,114.8559,114.088,2.4018,118.6765,11.2667,10,3.8446,17.9,6.7423,6.736,0.0571,6.8283,10.0,10,0.0,10.0,65.2,70,8.5289,72.0,100.0,0
lossaware-disc,100,1M,h2,9,1048576,6.0,15,1,121.7869,121.116,2.0022,125.0212,68.8967,69.2609,1.1243,70.4516,115.1389,114.391,1.962,118.3235,9.7333,9,2.0517,12.9,6.7207,6.732,0.0734,6.8149,10.0,10,0.0,10.0,65.8667,70,8.1141,72.3,100.0,0
lossaware-disc,100,1M,h2,10,1048576,6.0,15,1,120.3814,119.956,1.7386,123.9923,69.6969,69.9307,0.9846,70.5148,113.7901,113.22,1.731,117.4637,10.3333,10,1.7182,12.3,6.72,6.703,0.0555,6.8255,10.0,10,0.0,10.0,70.0667,72,4.5586,72.0,100.0,0
lossaware-disc,100,1M,h3,1,1048576,22.0,15,1,253.6324,238.766,46.8748,314.3355,33.8516,35.1332,4.6158,38.3116,226.5063,210.902,46.3084,286.3064,47.7333,33,29.7957,90.6,22.6096,22.602,0.1866,22.8443,58.0,82,35.1324,82.0,137.9333,128,28.9444,174.6,93.333,0
lossaware-disc,100,1M,h3,2,1048576,22.0,15,1,258.845,216.406,89.8517,362.5486,34.5328,38.7633,6.9453,40.1918,232.3027,189.539,90.8935,335.9994,71.0,66,23.4886,94.0,22.6732,22.65,0.1777,22.9165,38.2667,63,27.3691,63.0,178.7333,206,41.4978,216.3,93.333,0
lossaware-disc,100,1M,h3,3,1048576,22.0,15,1,270.7551,265.667,86.7417,363.9251,32.7485,31.5756,6.2745,39.3855,243.5126,237.071,86.9019,336.7293,77.0,79,25.956,103.6,22.7418,22.606,0.3283,23.3517,27.6667,10,25.8614,63.0,168.4,160,38.041,210.0,93.333,0
lossaware-disc,100,1M,h3,4,1048576,22.0,15,1,266.5229,236.963,88.9964,366.1833,33.3659,35.4005,6.4306,40.7489,240.383,211.418,89.0126,339.067,60.2667,69,30.0843,94.6,22.7147,22.634,0.2563,23.2427,37.2,61,26.3363,61.0,159.6667,156,38.1607,217.2,93.333,0
lossaware-disc,100,1M,h3,5,1048576,22.0,15,1,272.2211,273.082,3.8068,276.2285,30.8211,30.7183,0.4351,31.4753,246.0199,247.024,3.4087,249.5449,92.1333,91,13.1196,106.3,22.8785,22.649,0.422,23.5874,10.0,10,0.0,10.0,157.4667,156,2.6421,160.0,100.0,0
lossaware-disc,100,1M,h3,6,1048576,22.0,15,1,271.9882,272.796,3.8636,276.1584,30.8477,30.7505,0.4432,31.6529,245.6383,246.423,2.9444,248.9904,94.1333,91,9.2649,105.9,22.7403,22.638,0.3683,23.5019,10.0,10,0.0,10.0,157.4,157,2.1647,160.0,100.0,0
lossaware-disc,100,1M,h3,7,1048576,22.0,15,1,272.2214,273.013,45.6685,318.5513,31.5137,30.726,4.6552,40.1518,244.7541,245.773,46.2775,291.6055,80.8,90,27.9673,105.0,22.7209,22.589,0.3161,23.3384,24.4,10,29.8108,82.0,159.2667,160,31.6374,218.3,93.333,0
lossaware-disc,100,1M,h3,8,1048576,22.0,15,1,258.0033,217.118,92.7003,367.812,34.7197,38.6362,6.9348,40.1915,230.7832,189.08,92.3971,339.5753,70.8667,66,25.1136,104.6,22.7803,22.549,0.7761,23.8748,45.3333,63,25.8614,63.0,184.9333,206,40.3245,210.0,93.333,0
lossaware-disc,100,1M,h3,9,1048576,22.0,15,1,257.3054,236.369,46.3805,315.6145,33.3602,35.4895,4.6163,38.2033,230.2482,210.17,45.9217,288.1119,53.8667,36,34.6614,105.3,22.7319,22.619,0.3097,23.3144,53.2,82,36.5107,82.0,141.2,128,29.9242,177.4,93.333,1
lossaware-disc,100,1M,h3,10,1048576,22.0,15,1,256.4972,233.562,90.0381,363.3703,34.6668,35.916,6.1788,39.6847,230.1723,209.589,89.3676,336.3283,47.7333,33,27.0726,90.0,22.5997,22.57,0.1465,22.815,50.8,61,21.116,61.0,159.7333,148,39.1507,212.8,93.333,0
lossaware-disc,100,1M,h4,1,1048576,52.0,15,1,540.5697,515.845,74.3808,664.0349,15.7713,16.2619,1.9962,18.447,474.9138,449.314,73.6047,596.3263,33.2,9,39.1247,101.9,55.7831,53.811,3.2666,60.6059,100.2667,136,67.2346,167.0,298.0667,272,134.4138,484.9,53.333,0
lossaware-disc,100,1M,h4,2,1048576,52.0,15,1,534.0329,518.989,76.0284,670.5225,15.9938,16.1634,2.1727,18.9038,469.432,456.015,74.2591,603.1036,15.8,0,27.5116,72.6,55.6787,52.965,4.6077,64.9337,143.0,134,53.3426,211.5,245.7333,225,110.896,448.0,33.333,10
lossaware-disc,100,1M,h4,3,1048576,52.0,15,1,505.742,504.72,51.964,577.669,16.7521,16.6203,1.7324,19.3149,441.3495,436.37,52.7527,518.4119,32.9333,7,44.7652,114.3,56.2955,54.154,3.6702,62.4451,170.6667,157,63.8264,255.1,300.2667,280,106.2016,463.9,53.333,11
lossaware-disc,100,1M,h4,4,1048576,52.0,15,1,510.9673,500.237,53.8408,600.9532,16.5852,16.7693,1.7203,19.2665,444.6093,444.451,52.6026,532.2281,40.1333,0,49.4872,122.2,55.1095,53.103,3.3674,61.4559,159.6667,196,59.7084,217.0,281.8667,236,107.8079,456.1,46.667,7
lossaware-disc,100,1M,h4,5,1048576,52.0,15,1,566.709,515.922,201.7388,805.6924,15.6851,16.2595,2.7171,17.5815,501.9625,454.764,201.433,738.7826,23.6,0,37.313,85.2,55.4191,53.273,3.4889,62.0939,120.2667,126,42.5281,163.4,246.2,179,137.059,457.3,33.333,0
lossaware-disc,100,1M,h4,6,1048576,52.0,15,1,525.2881,502.44,63.2177,627.6399,16.1707,16.6957,1.8,18.2346,459.0557,438.224,62.8785,561.1199,48.6667,0,54.7731,120.1,54.3972,53.021,2.0594,57.824,167.2,171,52.7084,216.2,272.8667,268,78.9818,378.3,46.667,14
lossaware-disc,100,1M,h4,7,1048576,52.0,15,1,464.2698,448.223,32.3424,516.9822,18.147,18.7153,1.2111,19.4745,398.4581,381.328,32.7535,453.168,44.6,0,52.3693,126.0,53.5211,52.945,1.4568,56.7399,209.9333,226,57.7364,244.0,333.3333,265,109.8016,476.4,46.667,0
lossaware-disc,100,1M,h4,8,1048576,52.0,15,1,543.8542,510.66,123.2377,697.2637,15.9131,16.427,2.3826,18.4492,478.492,453.362,122.6995,627.502,23.5333,0,37.5307,86.8,54.7043,53.167,2.7304,59.8672,116.8667,124,50.7823,167.0,258.0,190,123.1654,456.1,40.0,0
lossaware-disc,100,1M,h4,9,1048576,52.0,15,1,561.5873,520.64,124.6051,711.9325,15.392,16.1121,2.2619,17.477,495.6196,458.381,122.8016,647.399,18.1333,0,33.753,73.9,55.6937,53.423,3.8811,62.5133,121.4,129,36.3903,150.7,235.7333,177,128.9997,492.6,33.333,0
lossaware-disc,100,1M,h4,10,1048576,52.0,15,1,485.3401,454.123,117.3334,668.3458,17.8827,18.4721,2.711,20.0645,420.9237,392.52,116.128,601.834,45.5333,0,52.1137,119.2,53.7541,52.9,2.9714,58.1213,203.1333,217,54.6637,236.0,324.2,262,103.9981,463.7,46.667,0
metrics,100,1M,h2,1,1048576,6.0,15,1,121.2885,120.443,2.0529,124.9496,69.1806,69.6479,1.1508,70.2023,114.6267,113.745,2.1027,118.512,9.9333,9,1.9809,12.6,6.7099,6.712,0.0442,6.7722,10.0,10,0.0,10.0,66.0,70,8.1679,72.0,100.0,0
metrics,100,1M,h2,2,1048576,6.0,15,1,119.9309,120.051,1.6056,122.9373,69.957,69.8754,0.9305,71.2649,113.3423,113.241,1.5782,116.2438,10.0,10,2.0,12.0,6.6975,6.72,0.0472,6.7385,10.0,10,0.0,10.0,68.8,71,6.038,72.0,100.0,0
metrics,100,1M,h2,3,1048576,6.0,15,1,120.3561,120.411,1.3834,122.4021,69.7067,69.6665,0.7907,70.6759,113.7708,113.642,1.3584,115.9276,10.1333,10,1.7674,12.0,6.6882,6.705,0.0701,6.7734,10.0,10,0.0,10.0,69.6667,71,4.7459,72.0,100.0,0
metrics,100,1M,h2,4,1048576,6.0,15,1,120.9796,120.22,1.7713,124.3995,69.3527,69.7771,0.9989,70.2879,114.2841,113.621,1.7926,117.7903,10.2,9,2.2424,12.9,6.719,6.726,0.0639,6.8045,10.0,10,0.0,10.0,67.5333,71,7.3956,72.0,100.0,0
metrics,100,1M,h2,5,1048576,6.0,15,1,121.1489,120.254,1.9413,124.5662,69.2585,69.7574,1.0955,70.3234,114.5504,113.848,1.9093,117.9605,10.0667,10,1.9809,12.6,6.7247,6.721,0.0539,6.8017,10.0,10,0.0,10.0,67.3333,71,7.4706,72.0,100.0,0
metrics,100,1M,h2,6,1048576,6.0,15,1,120.7293,120.069,2.054,124.4243,69.5013,69.8649,1.1633,70.7099,114.1381,113.252,1.9767,117.755,10.4667,10,2.2636,13.2,6.7384,6.732,0.0935,6.8656,10.0,10,0.0,10.0,66.3333,70,8.226,72.0,100.0,0
metrics,100,1M,h2,7,1048576,6.0,15,1,120.4749,119.587,1.8357,123.9967,69.6443,70.1465,1.0432,70.5763,113.7643,112.802,1.8691,117.4421,11.0,11,2.1044,13.3,6.7063,6.721,0.0759,6.7952,10.0,10,0.0,10.0,68.5333,71,6.5669,72.0,100.0,0
metrics,100,1M,h2,8,1048576,6.0,15,1,120.4383,119.799,1.3217,123.1394,69.6584,70.0224,0.7553,70.3042,113.8851,113.307,1.3267,116.527,10.6667,11,1.633,12.6,6.7353,6.736,0.0529,6.8113,10.0,10,0.0,10.0,67.8,72,7.6923,72.0,100.0,0
metrics,100,1M,h2,9,1048576,6.0,15,1,120.4,120.064,1.8308,123.7921,69.6876,69.8678,1.0393,70.742,113.787,113.357,1.8078,117.0557,10.4667,11,1.5055,12.0,6.7181,6.713,0.0614,6.8082,10.0,10,0.0,10.0,68.8,71,6.2815,72.0,100.0,0
metrics,100,1M,h2,10,1048576,6.0,15,1,121.2071,120.897,2.2312,125.0296,69.2304,69.3864,1.254,70.6782,114.5733,114.181,2.2685,118.425,10.3333,10,2.2254,14.6,6.6755,6.671,0.077,6.7926,10.0,10,0.0,10.0,67.2,70,7.2131,72.0,100.0,0
metrics,100,1M,h3,1,1048576,22.0,15,1,339.958,273.984,122.8128,571.5737,26.967,30.6171,6.84,31.326,313.5937,248.354,123.1753,545.8915,70.3333,91,44.2278,104.3,22.9877,22.653,0.8951,24.2772,10.0,10,0.0,10.0,133.6667,156,41.7453,160.0,73.333,0
metrics,100,1M,h3,2,1048576,22.0,15,1,291.2726,272.794,74.4884,362.8597,29.7824,30.7507,4.1243,31.6613,263.9712,246.159,73.9601,334.1214,83.0,90,26.2624,103.9,22.6841,22.578,0.4116,23.5266,10.0,10,0.0,10.0,154.2,156,28.8993,174.1,93.333,0
metrics,100,1M,h3,3,1048576,22.0,15,1,278.6577,271.423,37.7291,318.1181,30.4702,30.906,2.9136,32.4228,252.0391,243.959,37.9474,290.1172,75.2667,75,25.2939,101.6,22.6604,22.589,0.1687,22.9975,10.0,10,0.0,10.0,150.3333,156,19.1821,160.0,93.333,0
metrics,100,1M,h3,4,1048576,22.0,15,1,273.4972,273.485,1.8112,275.9591,30.6729,30.673,0.2009,30.8962,246.1651,245.797,1.8317,249.2008,90.8667,91,10.1761,103.6,22.7315,22.623,0.395,23.5874,10.0,10,0.0,10.0,160.0,156,12.0771,172.9,100.0,0
metrics,100,1M,h3,5,1048576,22.0,15,1,311.3159,273.958,82.787,454.0308,28.1869,30.6201,5.0727,31.0279,284.468,248.978,83.4586,428.1101,71.1333,90,38.8254,104.9,22.7909,22.625,0.3627,23.3184,10.0,10,0.0,10.0,140.7333,156,34.4123,160.0,80.0,0
metrics,100,1M,h3,6,1048576,22.0,15,1,299.5253,271.891,81.8284,458.3702,29.2312,30.8528,4.8573,31.6338,273.1587,247.162,81.8228,430.4667,75.8667,90,32.0978,95.0,22.6844,22.644,0.2458,23.1183,10.0,10,0.0,10.0,145.5333,156,29.9568,160.0,86.667,0
metrics,100,1M,h3,7,1048576,22.0,15,1,290.61,272.405,74.646,360.9384,29.8563,30.7946,4.1389,31.6071,264.8099,245.785,75.2662,336.0113,86.1333,91,26.5246,106.9,22.6837,22.61,0.3141,23.2689,10.0,10,0.0,10.0,158.3333,160,32.3611,205.9,93.333,0
metrics,100,1M,h3,8,1048576,22.0,15,1,315.4599,276.544,109.0318,583.2467,28.4378,30.3337,5.727,31.2556,288.0309,248.367,109.2111,556.3363,78.0,91,34.7398,104.0,22.9173,22.911,0.3521,23.4707,10.0,10,0.0,10.0,144.1333,156,33.4683,160.0,86.667,0
metrics,100,1M,h3,9,1048576,22.0,15,1,309.0043,271.167,103.0419,558.4221,28.9222,30.9352,5.7111,32.0402,282.0,243.087,104.2198,534.7794,77.4,91,32.9432,103.3,22.7606,22.641,0.3177,23.3193,10.0,10,0.0,10.0,143.4667,156,32.8283,160.0,86.667,0
metrics,100,1M,h3,10,1048576,22.0,15,1,331.6827,273.716,121.9265,568.7904,27.5608,30.6471,6.6183,31.2868,305.1617,247.245,122.1284,541.0601,71.2667,91,40.3369,106.3,22.7763,22.683,0.4042,23.3973,10.0,10,0.0,10.0,137.6,156,38.816,160.0,80.0,0
metrics,100,1M,h4,1,1048576,52.0,15,1,699.8811,576.471,250.5181,1256.1688,12.9993,14.5517,3.0807,15.3094,634.4401,512.356,249.9879,1191.2788,33.4,0,48.9341,104.0,56.8458,53.757,4.5914,65.0489,10.0,10,0.0,10.0,215.8,196,109.2136,384.0,33.333,0
metrics,100,1M,h4,2,1048576,52.0,15,1,641.4419,569.876,189.979,1005.2381,13.7452,14.7201,2.4591,15.3494,575.2456,501.017,188.9279,936.3615,54.6667,83,49.0447,108.1,56.0483,54.697,3.6882,62.174,10.0,10,0.0,10.0,284.6,312,119.0059,435.5,60.0,0
metrics,100,1M,h4,3,1048576,52.0,15,1,691.3614,584.65,214.4035,1080.3498,12.9053,14.3481,2.7395,15.0333,625.9865,514.013,215.1388,1016.92,49.6667,56,49.7144,107.1,56.6001,55.595,3.9864,63.3555,10.0,10,0.0,10.0,256.5333,318,130.5329,418.4,53.333,0
metrics,100,1M,h4,4,1048576,52.0,15,1,611.2908,573.21,95.9243,753.2425,13.9501,14.6344,1.5691,14.9339,545.9913,507.064,95.9252,688.5288,38.4667,0,51.403,113.1,55.1675,53.762,2.9063,60.8435,10.0,10,0.0,10.0,249.8,213,85.6339,378.1,40.0,0
metrics,100,1M,h4,5,1048576,52.0,15,1,719.1772,585.703,282.1903,1262.0001,12.874,14.3223,3.3343,15.4944,653.3557,517.287,281.3384,1194.9104,59.8667,76,52.148,117.6,55.8378,54.595,3.3727,61.6323,10.0,10,0.0,10.0,255.9333,320,123.9836,392.2,60.0,0
metrics,100,1M,h4,6,1048576,52.0,15,1,676.0368,585.733,163.2216,985.2946,12.9705,14.3216,2.5193,15.2075,608.596,523.491,163.9491,921.1406,47.2667,37,48.2841,115.0,57.3812,57.625,3.4873,62.7479,10.0,10,0.0,10.0,276.5333,319,138.7845,478.6,60.0,0
metrics,100,1M,h4,7,1048576,52.0,15,1,690.2817,575.354,248.2514,1267.1937,13.155,14.5799,3.0401,15.4486,625.1692,509.876,247.9805,1202.955,57.2,74,46.0593,108.2,59.578,57.176,9.7421,73.6295,10.0,10,0.0,10.0,288.2,320,136.4322,488.6,66.667,0
metrics,100,1M,h4,8,1048576,52.0,15,1,587.6659,575.022,43.8659,658.5533,14.3397,14.5883,0.9395,15.16,522.1486,510.412,43.452,599.6792,47.5333,0,53.9416,121.7,54.5757,54.474,1.8864,57.6253,10.0,10,0.0,10.0,285.1333,253,86.0298,413.3,46.667,0
metrics,100,1M,h4,9,1048576,52.0,15,1,717.5016,575.73,264.3274,1266.1533,12.8229,14.5704,3.3464,15.583,654.3137,510.908,264.0189,1201.8307,39.3333,0,51.8606,117.2,56.3903,54.788,3.2675,61.5563,10.0,10,0.0,10.0,240.4,196,135.4868,420.3,40.0,0
metrics,100,1M,h4,10,1048576,52.0,15,1,607.4716,573.302,110.1804,786.2964,14.1041,14.6321,1.7628,15.2603,541.3267,505.893,108.8332,715.7286,49.0667,46,45.6563,104.6,55.5059,54.104,3.2461,61.7238,10.0,10,0.0,10.0,286.3333,320,117.2346,441.6,60.0,0
static10,100,1M,h2,1,1048576,6.0,15,1,121.5053,121.377,2.2515,125.0547,69.061,69.112,1.2701,70.6665,114.8941,114.758,2.2788,118.3894,10.9333,10,2.1202,14.2,6.7159,6.704,0.0643,6.8008,10.0,10,0.0,10.0,64.0,70,9.1885,72.0,100.0,0
static10,100,1M,h2,2,1048576,6.0,15,1,120.4846,119.684,2.043,123.8443,69.6421,70.0896,1.1521,70.7397,113.8093,113.143,2.0898,117.3702,11.1333,12,2.4456,14.6,6.7219,6.721,0.0731,6.8376,10.0,10,0.0,10.0,68.0,72,7.6064,72.0,100.0,0
static10,100,1M,h2,3,1048576,6.0,15,1,120.7355,120.189,1.7746,123.5821,69.4931,69.7951,1.0113,70.6072,114.0764,113.536,1.6782,116.758,10.0667,9,2.3135,14.0,6.6938,6.692,0.0828,6.7978,10.0,10,0.0,10.0,66.1333,70,8.0964,72.0,100.0,0
static10,100,1M,h2,4,1048576,6.0,15,1,120.9443,120.493,2.3624,125.274,69.3836,69.619,1.3365,70.9669,114.3457,113.896,2.3956,118.6359,10.6667,11,2.0587,13.3,6.7245,6.713,0.0662,6.8009,10.0,10,0.0,10.0,67.4,71,7.4046,72.3,100.0,0
static10,100,1M,h2,5,1048576,6.0,15,1,120.4888,120.193,1.219,122.3815,69.6281,69.7928,0.7019,70.5048,113.8829,113.407,1.2531,116.0508,12.0667,13,2.3442,14.9,6.7327,6.743,0.0716,6.8311,10.0,10,0.0,10.0,67.4667,71,7.5391,72.0,100.0,0
static10,100,1M,h2,6,1048576,6.0,15,1,122.0041,122.092,2.0866,124.6666,68.7756,68.7073,1.1798,70.3734,115.3587,115.597,2.0993,118.1881,8.9333,9,1.831,11.6,6.7067,6.728,0.1024,6.8379,10.0,10,0.0,10.0,61.1333,54,9.0306,71.3,100.0,0
static10,100,1M,h2,7,1048576,6.0,15,1,120.9903,120.451,2.3353,124.6509,69.3567,69.6433,1.3216,70.697,114.5282,114.077,2.243,117.9946,11.3333,11,2.895,16.6,6.747,6.752,0.0461,6.812,10.0,10,0.0,10.0,66.2,70,8.117,72.0,100.0,0
static10,100,1M,h2,8,1048576,6.0,15,1,121.6287,120.871,2.6517,125.9103,68.9991,69.4013,1.4798,70.6619,114.9882,114.275,2.6041,119.1737,9.7333,10,2.0517,12.6,6.7007,6.721,0.0763,6.7978,10.0,10,0.0,10.0,64.6667,70,8.7396,72.0,100.0,0
static10,100,1M,h2,9,1048576,6.0,15,1,120.7837,120.807,1.9749,123.9052,69.4687,69.4381,1.131,70.8213,114.1287,114.118,1.9161,117.3295,9.8,9,2.0071,13.0,6.7039,6.706,0.0838,6.8061,10.0,10,0.0,10.0,66.6,72,8.5172,72.0,100.0,0
static10,100,1M,h2,10,1048576,6.0,15,1,121.8108,120.946,2.5614,125.0966,68.8943,69.3583,1.4471,70.7149,115.14,114.384,2.5783,118.3744,10.7333,10,2.4339,14.0,6.7145,6.724,0.0609,6.7902,10.0,10,0.0,10.0,63.0,71,9.4188,72.0,100.0,0
static10,100,1M,h3,1,1048576,22.0,15,1,301.3241,273.522,82.1176,457.4077,29.0429,30.6689,4.789,31.5302,274.2047,247.289,82.2979,430.0258,75.5333,88,33.1121,104.6,22.9315,22.644,0.8259,24.1281,10.0,10,0.0,10.0,145.6,156,30.0114,160.0,86.667,0
static10,100,1M,h3,2,1048576,22.0,15,1,291.9085,273.345,76.3112,365.3614,29.7536,30.6887,4.1756,31.6492,264.7835,245.47,76.9932,338.3983,85.5333,91,25.9391,103.0,22.7586,22.642,0.2638,23.2734,10.0,10,0.0,10.0,150.8,156,24.9405,160.0,93.333,0
static10,100,1M,h3,3,1048576,22.0,15,1,300.922,273.575,85.0893,459.8228,29.15,30.6629,4.8892,31.7728,273.9442,246.149,84.764,432.032,73.5333,79,33.9955,105.6,22.8874,22.657,0.426,23.7119,10.0,10,0.0,10.0,148.5333,156,33.5982,173.5,86.667,0
static10,100,1M,h3,4,1048576,22.0,15,1,311.0685,274.623,104.5702,567.5805,28.7566,30.5459,5.7121,31.8265,283.9353,246.492,104.322,540.4201,78.2,90,32.3446,101.6,22.8873,22.646,0.8505,23.8853,10.0,10,0.0,10.0,144.2667,156,33.4823,160.0,86.667,0
static10,100,1M,h3,5,1048576,22.0,15,1,332.5634,274.79,122.2493,568.9994,27.4879,30.5273,6.6012,31.3645,305.4763,246.924,122.3742,543.5431,73.2,90,38.3689,103.9,22.7648,22.665,0.236,23.1839,10.0,10,0.0,10.0,138.4667,156,39.4568,160.0,80.0,0
static10,100,1M,h3,6,1048576,22.0,15,1,330.8913,272.958,124.3091,572.6147,27.7181,30.7322,6.7524,31.6578,304.0921,246.279,124.1865,545.2528,74.4667,92,40.7113,104.8,22.8025,22.687,0.3447,23.2081,10.0,10,0.0,10.0,138.3333,156,39.4419,160.0,80.0,0
static10,100,1M,h3,7,1048576,22.0,15,1,291.9037,271.942,78.4597,365.883,29.7964,30.847,4.225,31.3759,265.4735,246.186,77.5787,339.294,82.8,89,24.9777,100.1,22.7416,22.662,0.3538,23.372,10.0,10,0.0,10.0,150.8667,156,24.401,160.0,93.333,0
static10,100,1M,h3,8,1048576,22.0,15,1,281.2229,272.865,34.725,316.2687,30.1351,30.7427,2.66,31.6061,254.4178,245.378,34.8503,288.9571,82.2,89,24.4634,104.9,22.7449,22.639,0.2861,23.3048,10.0,10,0.0,10.0,152.2,156,19.5309,160.0,93.333,0
static10,100,1M,h3,9,1048576,22.0,15,1,289.1489,274.579,47.254,400.9173,29.5668,30.5508,3.6509,31.9182,261.9758,247.107,46.8469,372.3652,76.1333,91,33.0365,104.0,22.7393,22.635,0.3361,23.3935,10.0,10,0.0,10.0,146.6,156,26.346,160.0,86.667,0
static10,100,1M,h3,10,1048576,22.0,15,1,270.8311,271.691,4.4479,276.8222,30.9815,30.8755,0.5153,31.883,244.2591,243.95,3.7748,249.1595,89.2667,91,8.1369,101.3,22.7886,22.633,0.4117,23.5775,10.0,10,0.0,10.0,156.9333,156,2.4631,160.0,100.0,0
static10,100,1M,h4,1,1048576,52.0,15,1,731.0014,604.599,254.7112,1253.7745,12.4861,13.8747,3.1506,15.2836,665.6923,533.948,253.7423,1187.9601,42.0667,37,44.5012,102.3,55.7865,54.612,2.8819,60.9061,10.0,10,0.0,10.0,250.3333,289,137.733,449.2,53.333,0
static10,100,1M,h4,2,1048576,52.0,15,1,695.364,572.72,226.8502,1075.3448,12.9744,14.647,3.041,15.1645,629.8057,503.552,226.3325,1004.7196,29.8667,0,43.9933,97.6,56.9749,55.293,4.0745,64.4873,10.0,10,0.0,10.0,218.1333,196,117.1561,394.4,33.333,0
static10,100,1M,h4,3,1048576,52.0,15,1,801.7947,716.135,267.6382,1236.0118,11.5003,11.7137,3.3977,15.197,737.6587,660.125,267.0695,1166.904,25.7333,0,43.2723,100.7,57.3914,56.51,3.5945,62.4814,10.0,10,0.0,10.0,199.2,196,137.8696,428.3,33.333,0
static10,100,1M,h4,4,1048576,52.0,15,1,669.3895,631.205,153.4354,954.1494,13.0564,13.2898,2.4792,15.5613,604.6416,563.584,150.5416,886.5932,47.2667,0,52.4302,107.8,54.7295,54.644,1.8338,57.5774,10.0,10,0.0,10.0,255.6667,285,121.885,403.0,46.667,0
static10,100,1M,h4,5,1048576,52.0,15,1,701.9723,578.814,252.9342,1262.6413,12.9635,14.4928,3.0555,15.2404,638.6793,511.687,253.8093,1197.6498,55.7333,90,51.2605,108.9,57.3238,56.789,3.6954,63.1539,10.0,10,0.0,10.0,270.2,320,129.5543,417.5,60.0,0
static10,100,1M,h4,6,1048576,52.0,15,1,579.7735,568.59,44.5583,645.7945,14.5377,14.7534,0.9661,15.4513,512.5702,498.145,44.6555,583.7398,70.9333,92,43.6454,114.7,55.5223,53.959,4.4644,62.238,10.0,10,0.0,10.0,336.5333,320,74.3936,430.8,80.0,0
static10,100,1M,h4,7,1048576,52.0,15,1,699.0568,640.399,155.7542,979.8816,12.4771,13.099,2.3227,14.9195,633.4319,577.994,154.0913,910.3789,44.8,1,49.863,105.0,58.0291,56.791,5.3297,66.8649,10.0,10,0.0,10.0,229.8667,206,122.1205,406.0,53.333,0
static10,100,1M,h4,8,1048576,52.0,15,1,696.4625,575.808,260.0363,1279.7394,13.1249,14.5684,3.1331,15.2728,629.7931,514.056,259.5171,1212.483,40.6667,0,48.491,111.6,55.5482,54.045,3.8437,61.8182,10.0,10,0.0,10.0,269.3333,301,135.8064,452.2,46.667,0
static10,100,1M,h4,9,1048576,52.0,15,1,619.3447,575.473,127.9969,916.4331,13.9345,14.5769,2.0295,15.2794,551.6579,507.725,128.7716,850.4892,55.3333,87,47.5465,101.8,56.6907,55.027,3.8372,63.0511,10.0,10,0.0,10.0,283.6,320,112.3475,416.8,60.0,0
static10,100,1M,h4,10,1048576,52.0,15,1,673.4603,576.027,203.1138,1037.2894,13.2278,14.5629,2.781,15.2109,608.6613,508.003,202.64,971.558,53.0667,86,52.276,115.1,55.0115,54.492,2.4433,60.1268,10.0,10,0.0,10.0,251.2,320,120.5157,403.2,53.333,0
statichigh,100,1M,h2,1,1048576,6.0,15,1,109.7357,109.414,2.4084,113.0657,76.4764,76.6685,1.593,77.7694,103.1111,102.609,2.3166,106.3363,13.0667,14,3.2175,15.0,6.779,6.777,0.0739,6.8992,24.0,24,0.0,24.0,56.8667,57,1.2459,59.0,100.0,0
statichigh,100,1M,h2,2,1048576,6.0,15,1,109.0667,109.069,0.8707,110.3618,76.9172,76.911,0.6109,77.6953,102.5113,102.397,0.8559,103.8801,14.3333,15,1.3973,16.0,6.7811,6.803,0.0675,6.8386,24.0,24,0.0,24.0,57.5333,57,0.9904,59.0,100.0,0
statichigh,100,1M,h2,3,1048576,6.0,15,1,108.9152,108.815,0.8783,110.1145,77.0243,77.0905,0.6205,77.8496,102.2657,102.033,0.8805,103.4308,13.2667,13,1.7099,15.3,6.7925,6.786,0.0614,6.8874,24.0,24,0.0,24.0,57.0,57,0.9258,58.3,100.0,0
statichigh,100,1M,h2,4,1048576,6.0,15,1,109.2135,109.21,0.7615,110.3425,76.8128,76.8117,0.5361,77.7452,102.6125,102.661,0.7561,103.8419,13.4,14,1.4041,15.3,6.7947,6.774,0.0731,6.9434,24.0,24,0.0,24.0,56.8,57,0.8619,58.3,100.0,0
statichigh,100,1M,h2,5,1048576,6.0,15,1,109.1095,108.811,1.0668,111.0685,76.8893,77.0934,0.7455,77.7747,102.4271,102.317,1.1112,104.3773,13.6,14,1.4541,15.3,6.7922,6.801,0.0604,6.8683,24.0,24,0.0,24.0,57.2667,57,0.7988,58.3,100.0,0
statichigh,100,1M,h2,6,1048576,6.0,15,1,109.13,109.036,1.1102,110.7882,76.8754,76.9343,0.781,78.0855,102.5559,102.366,1.1059,104.2662,13.4667,13,1.4573,15.3,6.7749,6.761,0.09,6.9053,24.0,24,0.0,24.0,57.0667,57,0.7988,58.0,100.0,0
statichigh,100,1M,h2,7,1048576,6.0,15,1,109.1059,109.119,1.1948,110.9121,76.8936,76.8758,0.8403,78.0288,102.5248,102.444,1.1292,104.3362,14.0667,14,1.2228,15.3,6.8327,6.816,0.0733,6.9703,24.0,24,0.0,24.0,57.2667,57,0.8837,58.3,100.0,0
statichigh,100,1M,h2,8,1048576,6.0,15,1,108.7505,108.533,0.6887,109.8359,77.1392,77.2909,0.4872,77.7192,102.1019,101.908,0.6722,103.1985,13.7333,14,1.4376,15.3,6.7735,6.769,0.0767,6.8848,24.0,24,0.0,24.0,57.2,57,1.0142,59.0,100.0,0
statichigh,100,1M,h2,9,1048576,6.0,15,1,108.7979,109.109,0.9922,110.1991,77.1086,76.8828,0.7014,78.0627,102.1232,102.32,1.0069,103.5461,13.9333,14,1.387,16.3,6.7923,6.815,0.0818,6.8833,24.0,24,0.0,24.0,57.4,58,0.9103,58.3,100.0,0
statichigh,100,1M,h2,10,1048576,6.0,15,1,108.8625,108.927,0.7492,109.8906,77.0603,77.0113,0.5297,77.8395,102.2712,102.394,0.7002,103.2443,14.2,15,2.2104,16.6,6.7757,6.772,0.0748,6.8705,24.0,24,0.0,24.0,57.0667,57,0.5936,58.0,100.0,0
statichigh,100,1M,h3,1,1048576,22.0,15,1,222.0898,222.039,2.8481,225.1808,37.7771,37.7799,0.4914,38.6053,195.7443,196.745,2.5424,197.8876,118.3333,121,8.1912,123.3,23.7245,23.916,0.3475,23.9519,24.0,24,0.0,24.0,191.2,192,3.0984,192.0,100.0,0
statichigh,100,1M,h3,2,1048576,22.0,15,1,224.0413,224.754,2.2509,226.2261,37.4458,37.3235,0.3807,38.2511,197.3487,197.428,1.2866,198.7971,113.7333,120,10.8263,122.3,23.5934,23.882,0.5172,23.9703,24.0,24,0.0,24.0,191.2667,192,2.8402,192.0,100.0,0
statichigh,100,1M,h3,3,1048576,22.0,15,1,223.7431,224.59,2.3354,226.1062,37.496,37.3508,0.3951,38.1778,196.4197,197.051,1.3999,197.6223,117.4,121,8.9267,123.3,23.7789,23.939,0.3679,23.9787,24.0,24,0.0,24.0,192.0,192,0.0,192.0,100.0,0
statichigh,100,1M,h3,4,1048576,22.0,15,1,223.0447,222.911,2.4842,226.2238,37.6139,37.6321,0.4213,38.2558,196.1668,196.767,1.981,198.2186,115.6,120,9.716,123.0,23.5655,23.927,0.5215,23.9731,24.0,24,0.0,24.0,191.2667,192,2.8402,192.0,100.0,0
statichigh,100,1M,h3,5,1048576,22.0,15,1,222.7509,222.678,2.2662,225.9805,37.6628,37.6715,0.3833,38.2055,196.1873,197.004,1.5255,197.785,111.6667,120,12.0455,122.0,23.5647,23.926,0.509,23.9568,24.0,24,0.0,24.0,191.2667,192,2.8402,192.0,100.0,0
statichigh,100,1M,h3,6,1048576,22.0,15,1,222.5161,223.105,3.6164,227.0203,37.7082,37.5994,0.6173,38.5978,195.3678,196.35,2.9302,198.7201,115.1333,121,11.0251,124.0,23.6303,23.924,0.456,23.9553,24.0,24,0.0,24.0,191.2667,192,2.8402,192.0,100.0,0
statichigh,100,1M,h3,7,1048576,22.0,15,1,222.8295,222.595,3.3349,227.9944,37.6537,37.6855,0.5605,38.367,196.5604,197.048,2.2811,199.4547,113.6667,120,10.4106,122.6,23.6287,23.932,0.4867,23.9473,24.0,24,0.0,24.0,190.4667,192,4.0509,192.0,100.0,0
statichigh,100,1M,h3,8,1048576,22.0,15,1,223.3896,224.076,2.8182,226.6371,37.5571,37.4364,0.4789,38.3908,196.5341,196.842,1.8467,198.8483,117.0,121,9.1807,122.3,23.6689,23.932,0.4547,23.9591,24.0,24,0.0,24.0,190.6,192,3.6994,192.0,100.0,0
statichigh,100,1M,h3,9,1048576,22.0,15,1,223.6273,224.702,3.7479,226.6089,37.5217,37.3321,0.6455,38.9575,196.4401,197.572,3.1678,198.9669,117.2667,121,8.2589,123.0,23.6807,23.93,0.4812,23.9696,24.0,24,0.0,24.0,191.4,192,2.3238,192.0,100.0,0
statichigh,100,1M,h3,10,1048576,22.0,15,1,223.4434,223.087,2.9586,227.0094,37.5486,37.6024,0.5006,38.339,196.3204,196.759,1.6896,198.5837,115.2667,121,10.0603,122.3,23.6071,23.936,0.4895,23.9453,24.0,24,0.0,24.0,191.2667,192,2.8402,192.0,100.0,0
statichigh,100,1M,h4,1,1048576,52.0,15,1,554.0491,570.041,36.8991,587.4073,15.2089,14.7158,1.1024,16.9254,488.522,503.762,38.0429,520.291,36.2667,0,47.3851,111.2,55.1419,53.219,3.3261,60.7883,24.0,24,0.0,24.0,237.6,165,115.7811,430.6,40.0,0
statichigh,100,1M,h4,2,1048576,52.0,15,1,562.9509,573.376,39.5443,607.1346,14.978,14.6302,1.1763,17.3713,497.3423,508.479,39.4908,539.8269,38.9333,0,59.4312,134.0,55.4781,52.995,3.5914,61.834,24.0,24,0.0,24.0,225.6667,168,103.1467,384.6,33.333,0
statichigh,100,1M,h4,3,1048576,52.0,15,1,580.109,587.583,66.6796,683.4299,14.6291,14.2765,1.5853,16.667,514.4913,519.403,67.3797,616.6822,55.0,32,60.2376,144.0,55.3683,53.878,3.7535,62.9062,24.0,24,0.0,24.0,284.4667,335,115.7009,408.0,53.333,0
statichigh,100,1M,h4,4,1048576,52.0,15,1,580.4949,582.37,56.6357,664.5736,14.571,14.4043,1.331,16.2938,514.1839,512.568,55.9174,597.3391,28.7333,0,36.8287,77.2,54.5431,53.431,2.5512,60.1139,24.0,24,0.0,24.0,257.9333,174,136.5208,443.9,40.0,0
statichigh,100,1M,h4,5,1048576,52.0,15,1,568.5347,585.944,55.9186,643.3936,14.9023,14.3164,1.6214,17.548,501.2073,515.976,55.1006,573.5717,32.2,0,45.0479,100.4,54.9356,53.739,2.7385,60.0545,24.0,24,0.0,24.0,248.9333,182,117.1723,435.0,40.0,0
statichigh,100,1M,h4,6,1048576,52.0,15,1,547.9023,518.556,52.6417,626.0077,15.4349,16.1769,1.3927,16.9288,482.1921,454.454,52.9208,558.0237,55.5333,51,54.58,140.6,54.7375,53.494,2.8485,60.3472,24.0,24,0.0,24.0,280.9333,314,112.529,446.4,60.0,0
statichigh,100,1M,h4,7,1048576,52.0,15,1,566.96,579.007,39.8765,612.0576,14.8633,14.4879,1.0338,16.5725,500.4919,509.876,39.6612,545.0807,39.0667,0,50.4557,124.5,54.5326,53.105,2.4239,59.3495,24.0,24,0.0,24.0,260.0,193,117.9007,424.6,46.667,0
statichigh,100,1M,h4,8,1048576,52.0,15,1,550.3813,564.72,71.8148,660.2697,15.4878,14.8545,2.0403,18.7365,484.4125,507.862,71.8757,592.6062,40.2,0,56.336,143.7,54.1103,52.976,2.2804,58.5542,24.0,24,0.0,24.0,246.0667,181,120.8697,442.4,40.0,0
statichigh,100,1M,h4,9,1048576,52.0,15,1,585.9359,592.207,63.3149,672.01,14.4754,14.165,1.5926,16.971,519.1795,527.14,62.0597,601.5704,21.2,0,41.3041,97.2,56.0175,53.346,9.8835,67.506,24.0,24,0.0,24.0,237.1333,169,131.7416,461.9,26.667,0
statichigh,100,1M,h4,10,1048576,52.0,15,1,565.7522,576.253,35.744,601.5588,14.8869,14.5572,1.0111,16.7089,500.2769,514.532,36.7594,536.7253,33.9333,0,47.358,116.8,54.1164,53.027,1.7437,57.3877,24.0,24,0.0,24.0,230.1333,165,107.3618,399.6,40.0,0
ewma,100,200K,h2,1,204800,6.0,15,1,44.1775,44.934,2.934,47.0111,37.2475,36.4624,2.5971,41.4679,37.5841,38.263,2.877,40.3537,23.0667,23,4.0261,27.0,7.6277,7.817,0.4257,8.0299,67.8667,72,16.0083,72.0,72.0,72,0.0,72.0,100.0,0
ewma,100,200K,h2,2,204800,6.0,15,1,45.5095,45.348,0.8027,46.6537,36.0115,36.1295,0.6215,36.8057,38.9233,38.903,0.7607,39.9474,22.8667,23,3.5429,25.3,7.4595,7.535,0.4419,8.0434,65.0667,69,15.2337,69.0,69.0,69,0.0,69.0,100.0,0
ewma,100,200K,h2,3,204800,6.0,15,1,44.792,45.362,2.6806,47.6625,36.7135,36.1183,2.4315,41.8853,38.2076,38.974,2.7336,41.1969,22.8667,24,4.6731,27.3,7.4681,7.5,0.3648,7.8221,67.8667,72,16.0083,72.0,72.0,72,0.0,72.0,100.0,0
ewma,100,200K,h2,4,204800,6.0,15,1,44.3461,44.623,4.018,49.1269,37.2085,36.7165,3.1389,41.4309,37.8236,38.147,3.9049,42.492,22.1333,22,2.8502,25.3,7.6959,7.826,0.297,7.9942,67.8667,72,16.0083,72.0,72.0,72,0.0,72.0,100.0,0
ewma,100,200K,h2,5,204800,6.0,15,1,44.8266,44.944,2.4889,47.8211,36.6631,36.4543,2.1914,41.6006,38.2105,38.361,2.5194,41.2928,23.4667,25,4.2572,27.3,7.4666,7.521,0.3493,7.9224,67.8667,72,16.0083,72.0,72.0,72,0.0,72.0,100.0,0
ewma,100,200K,h2,6,204800,6.0,15,1,44.5617,45.179,2.3709,46.5191,36.8735,36.2646,2.1476,41.9015,37.9367,38.686,2.4055,39.8212,22.5333,23,4.47,26.3,7.5328,7.616,0.4753,8.0666,65.0667,69,15.2337,69.0,69.0,69,0.0,69.0,100.0,0
ewma,100,200K,h2,7,204800,6.0,15,1,43.5602,44.852,3.0797,46.2507,37.7999,36.529,2.8451,42.3864,36.9653,38.148,3.0921,39.6519,21.4,23,4.7479,26.2,7.5219,7.535,0.46,8.0594,65.0667,69,15.2337,69.0,69.0,69,0.0,69.0,100.0,0
ewma,100,200K,h2,8,204800,6.0,15,1,44.0965,44.926,3.0327,47.8612,37.3291,36.4689,2.719,41.9747,37.4763,38.109,3.0976,41.3241,22.4,23,4.2224,26.3,7.341,7.369,0.4434,7.9758,66.9333,71,15.7501,71.0,71.0,71,0.0,71.0,100.0,0
ewma,100,200K,h2,9,204800,6.0,15,1,44.3658,45.597,3.1959,48.0707,37.1244,35.9322,2.9074,42.579,37.7477,39.055,3.171,41.2515,21.6,23,4.0143,25.0,7.6552,7.909,0.4305,8.0378,66.9333,71,15.7501,71.0,71.0,71,0.0,71.0,100.0,0
ewma,100,200K,h2,10,204800,6.0,15,1,45.4302,45.561,1.5843,46.8903,36.1077,35.9606,1.3407,37.8509,38.7844,38.932,1.635,40.5023,22.5333,23,4.5492,27.0,7.4516,7.506,0.4535,7.954,66.9333,71,15.7501,71.0,71.0,71,0.0,71.0,100.0,0
ewma,100,200K,h3,1,204800,22.0,15,1,147.0299,147.293,8.7553,157.7359,11.1778,11.1234,0.6232,12.0365,119.9689,119.203,8.5378,130.659,5.0667,5,3.826,10.9,25.7153,25.714,1.6745,27.7095,133.2,142,34.0823,142.0,142.7333,142,2.8402,145.3,86.667,0
ewma,100,200K,h3,2,204800,22.0,15,1,128.1674,118.206,18.5162,159.2192,12.9958,13.8605,1.5842,14.2258,101.2019,93.418,18.2577,130.5516,0.2667,0,0.7037,2.0,24.5016,23.848,1.2946,27.0176,92.0667,110,29.3098,110.0,110.6,110,17.7474,125.9,13.333,0
ewma,100,200K,h3,3,204800,22.0,15,1,148.6935,146.325,11.8965,172.0375,11.0799,11.197,0.8237,12.1551,122.1833,119.847,11.8866,145.4914,5.3333,5,3.2219,10.0,25.9887,26.272,2.3529,29.6127,133.2,142,34.0823,142.0,142.7333,142,2.8402,145.3,93.333,0
ewma,100,200K,h3,4,204800,22.0,15,1,144.6442,144.554,4.1694,150.8088,11.3359,11.3342,0.3254,11.8153,116.9047,116.607,4.2547,122.8627,5.1333,6,2.5598,8.3,25.6217,25.923,1.4883,27.8633,133.2,142,34.0823,142.0,142.7333,142,2.8402,145.3,93.333,0
ewma,100,200K,h3,5,204800,22.0,15,1,142.9918,144.768,8.849,152.1434,11.5049,11.3174,0.8151,12.7607,116.301,117.634,9.139,125.5955,4.2,5,2.1778,7.0,25.6049,24.851,1.6839,27.9198,133.2,142,34.0823,142.0,142.7333,142,2.8402,145.3,86.667,0
ewma,100,200K,h3,6,204800,22.0,15,1,143.0949,144.22,4.9363,149.3594,11.4626,11.3604,0.4011,12.1134,117.2505,119.937,5.3915,123.6847,4.0,3,2.6458,7.6,25.436,25.559,1.2432,27.036,133.2,142,34.0823,142.0,142.7333,142,2.8402,145.3,93.333,0
ewma,100,200K,h3,7,204800,22.0,15,1,149.3014,146.685,11.514,175.5933,11.0285,11.1695,0.7625,11.7789,123.2418,119.997,11.7977,150.2042,5.4,5,3.0426,10.0,26.504,26.272,2.134,30.3428,133.2,142,34.0823,142.0,142.7333,142,2.8402,145.3,93.333,0
ewma,100,200K,h3,8,204800,22.0,15,1,144.6506,143.965,4.7706,150.8752,11.3384,11.3805,0.3841,11.8305,117.6141,117.179,5.1018,124.4376,4.9333,5,3.4942,10.1,25.5515,25.721,1.6139,27.5797,133.2,142,34.0823,142.0,142.7333,142,2.8402,145.3,93.333,0
ewma,100,200K,h3,9,204800,22.0,15,1,146.1002,144.767,3.7878,151.7196,11.2212,11.3175,0.2885,11.5867,119.6104,119.197,3.7178,124.4297,5.1333,5,2.7997,9.3,25.5602,25.374,1.5657,27.8197,133.2,142,34.0823,142.0,142.7333,142,2.8402,145.3,93.333,0
ewma,100,200K,h3,10,204800,22.0,15,1,129.2569,117.161,22.0222,175.5968,12.965,13.9842,1.8275,14.2654,101.8481,91.064,22.5422,148.8158,0.4667,0,0.9904,2.3,24.5907,23.789,1.669,27.9622,94.3333,113,30.0111,113.0,113.1333,113,17.9915,129.3,20.0,0
ewma,100,200K,h4,1,204800,52.0,15,1,268.5273,264.11,20.165,313.8143,6.1306,6.2035,0.4174,6.5058,204.1843,199.571,20.6815,249.7997,0.0,0,0.0,0.0,61.5226,61.477,4.1798,67.8365,133.2,142,34.0823,142.0,142.7333,142,2.8402,145.3,0.0,0
ewma,100,200K,h4,2,204800,52.0,15,1,266.6845,257.688,28.9823,334.2916,6.2009,6.3581,0.5669,6.7132,200.9947,195.29,27.4871,265.4241,0.0,0,0.0,0.0,59.296,59.037,4.3501,65.4037,133.2,142,34.0823,142.0,142.7333,142,2.8402,145.3,0.0,0
ewma,100,200K,h4,3,204800,52.0,15,1,262.2145,257.314,21.5657,310.9723,6.2836,6.3673,0.4609,6.7744,199.3085,196.107,23.1933,251.7245,0.0,0,0.0,0.0,57.8527,58.938,3.6208,62.4299,133.2,142,34.0823,142.0,142.7333,142,2.8402,145.3,0.0,0
ewma,100,200K,h4,4,204800,52.0,15,1,269.6351,262.214,34.5048,336.4626,6.1514,6.2483,0.6336,6.7001,205.6801,194.397,34.8814,275.6191,0.0,0,0.0,0.0,58.5411,58.195,3.4738,63.3139,133.2,142,34.0823,142.0,142.1333,142,0.5164,142.6,0.0,0
ewma,100,200K,h4,5,204800,52.0,15,1,267.2933,255.744,49.049,322.1251,6.2557,6.4064,0.7428,6.8303,203.5244,191.85,51.0251,258.5037,0.0,0,0.0,0.0,57.8517,55.434,5.2522,65.5092,91.0,112,33.3145,115.0,114.2,115,24.5654,141.3,0.0,0
ewma,100,200K,h4,6,204800,52.0,15,1,259.5785,254.221,15.1677,281.0604,6.3306,6.4448,0.3454,6.7105,194.0633,190.344,14.7805,214.2288,0.0,0,0.0,0.0,59.3426,59.668,3.6123,63.9284,133.2,142,34.0823,142.0,142.7333,142,2.8402,145.3,0.0,0
ewma,100,200K,h4,7,204800,52.0,15,1,259.8304,256.964,16.7732,281.3451,6.3272,6.376,0.3592,6.6876,195.1143,191.218,17.1484,218.2011,0.0,0,0.0,0.0,57.5375,55.641,4.6652,65.2847,133.2,142,34.0823,142.0,142.7333,142,2.8402,145.3,0.0,0
ewma,100,200K,h4,8,204800,52.0,15,1,263.5805,255.562,28.0699,321.1651,6.2713,6.411,0.5598,6.7725,200.3635,193.586,27.1929,259.5651,0.0,0,0.0,0.0,59.2209,59.41,4.4094,65.2655,133.2,142,34.0823,142.0,142.7333,142,2.8402,145.3,0.0,0
ewma,100,200K,h4,9,204800,52.0,15,1,260.7405,257.953,15.3189,282.7641,6.302,6.3515,0.3357,6.7052,196.3277,191.464,14.3741,217.0248,0.0,0,0.0,0.0,58.9198,59.749,4.6692,66.5151,133.2,142,34.0823,142.0,142.7333,142,2.8402,145.3,0.0,0
ewma,100,200K,h4,10,204800,52.0,15,1,262.2131,255.122,33.5114,301.5177,6.3183,6.422,0.5901,6.7792,197.5579,190.424,35.2071,235.6268,0.0,0,0.0,0.0,57.1017,57.36,4.0022,63.2993,94.3333,112,29.9253,112.0,113.4667,112,20.0352,137.7,0.0,0
lossaware,100,200K,h2,1,204800,6.0,15,1,45.8641,45.449,0.995,47.6914,35.7384,36.0492,0.7616,36.6994,39.2427,38.759,0.9576,40.9631,9.4667,9,1.8074,12.6,6.7621,6.757,0.2458,7.0847,10.0,10,0.0,10.0,60.8,69,11.0402,72.0,100.0,120
lossaware,100,200K,h2,2,204800,6.0,15,1,47.4789,46.904,2.5557,50.5873,34.5885,34.9309,1.606,35.653,40.9024,40.375,2.5743,43.9952,11.7333,11,2.9147,16.6,6.7529,6.757,0.2017,7.0042,10.0,10,0.0,10.0,67.2667,71,8.9719,72.3,100.0,120
lossaware,100,200K,h2,3,204800,6.0,15,1,46.2847,46.068,0.9329,47.7656,35.4115,35.5648,0.7007,36.1682,39.6787,39.547,0.9266,41.1895,10.1333,10,1.1872,12.0,6.7575,6.718,0.2823,7.0984,10.0,10,0.0,10.0,62.2,70,10.91,72.0,100.0,120
lossaware,100,200K,h2,4,204800,6.0,15,1,49.3652,47.502,4.2976,55.4857,33.4154,34.4912,2.7837,36.3804,42.7045,40.892,4.2896,48.693,11.6667,13,2.4976,14.6,6.9867,7.036,0.4203,7.7435,10.0,10,0.0,10.0,67.3333,72,8.9974,72.3,100.0,120
lossaware,100,200K,h2,5,204800,6.0,15,1,47.2563,46.3,3.3405,54.5752,34.8151,35.3866,2.1953,36.454,40.7074,39.716,3.3085,48.0252,10.2667,9,2.1865,13.6,6.8023,6.793,0.2955,7.2452,10.0,10,0.0,10.0,62.6,71,11.5375,72.6,100.0,120
lossaware,100,200K,h2,6,204800,6.0,15,1,46.3907,46.499,0.9723,47.7272,35.3319,35.2352,0.7393,36.4049,39.7453,39.717,0.8913,40.9724,9.2667,9,1.6242,11.6,6.7439,6.588,0.3677,7.2792,10.0,10,0.0,10.0,63.2667,70,10.1873,71.3,100.0,120
lossaware,100,200K,h2,7,204800,6.0,15,1,47.9363,46.906,2.9499,54.6614,34.2883,34.9294,1.9103,36.0165,41.3049,40.15,3.0536,48.3863,10.6667,10,2.0587,13.3,6.781,6.804,0.2633,7.1933,10.0,10,0.0,10.0,68.4,71,7.9355,73.0,100.0,120
lossaware,100,200K,h2,8,204800,6.0,15,1,48.1709,47.594,3.0427,55.2778,34.1272,34.4245,1.9522,35.9743,41.5103,40.893,3.0289,48.6412,10.4667,10,2.2949,13.6,6.8367,6.761,0.3785,7.3627,10.0,10,0.0,10.0,68.0667,71,7.8328,72.6,100.0,120
lossaware,100,200K,h2,9,204800,6.0,15,1,46.7999,46.836,0.7873,48.0371,35.0179,34.9816,0.5865,35.9144,40.2015,40.221,0.7963,41.4318,10.0,9,1.5584,12.3,6.7755,6.698,0.2158,7.119,10.0,10,0.0,10.0,68.1333,71,7.8182,72.0,100.0,120
lossaware,100,200K,h2,10,204800,6.0,15,1,47.5225,47.24,1.8364,49.8607,34.5207,34.6825,1.234,35.7651,40.9681,40.811,1.892,43.4092,11.0667,12,1.9074,13.0,6.6225,6.621,0.1583,6.8578,10.0,10,0.0,10.0,69.8667,72,5.9265,72.0,100.0,120
lossaware,100,200K,h3,1,204800,22.0,15,1,135.4129,120.157,32.5783,177.7322,12.576,13.6355,2.1998,14.7802,108.7886,93.603,32.019,149.8002,0.6,0,0.9103,2.0,24.6135,23.587,1.7478,27.4684,59.2667,57,30.8903,101.4,124.2,124,12.1667,145.3,33.333,46
lossaware,100,200K,h3,2,204800,22.0,15,1,130.6209,121.166,15.57,152.4443,12.704,13.5219,1.4471,14.3472,103.7559,93.412,16.0158,124.9037,0.8667,0,1.8465,3.5,24.6855,23.957,1.5644,27.2571,67.4667,70,30.5891,107.0,124.3333,122,11.0173,145.3,33.333,38
lossaware,100,200K,h3,3,204800,22.0,15,1,128.0189,120.596,16.0182,149.6362,12.9819,13.5859,1.5786,14.7411,101.5791,93.599,15.1994,121.8164,0.8,0,1.6562,3.2,24.6114,23.952,1.3526,27.0138,67.3333,71,29.6061,107.0,123.2,121,12.2544,145.3,26.667,37
lossaware,100,200K,h3,4,204800,22.0,15,1,126.3025,118.169,13.6509,145.909,13.1064,13.8649,1.3352,14.5519,99.4139,92.362,14.3597,121.8138,0.5333,0,0.9155,2.0,24.0155,23.937,0.8377,25.2349,73.5333,78,30.0663,110.5,124.6,122,11.1599,145.3,26.667,32
lossaware,100,200K,h3,5,204800,22.0,15,1,137.9983,120.729,33.1282,194.7144,12.3699,13.5709,2.2758,14.3587,110.8733,93.415,32.6519,165.6247,1.2,0,2.4553,5.5,24.4503,23.849,1.6307,27.5875,61.7333,56,31.7501,107.0,125.4,121,16.6253,156.9,33.333,42
lossaware,100,200K,h3,6,204800,22.0,15,1,121.3084,115.715,22.4198,145.0891,13.7834,14.1589,1.6181,14.7693,94.3225,87.647,22.3903,118.0487,0.0,0,0.0,0.0,23.7795,23.789,0.1536,23.9589,86.9333,99,31.822,111.0,108.9333,111,21.4192,123.1,0.0,0
lossaware,100,200K,h3,7,204800,22.0,15,1,131.8967,121.375,19.906,158.2686,12.6711,13.4987,1.7829,14.5166,104.9074,93.343,19.5207,130.842,0.8,0,1.2649,2.6,24.7855,23.827,1.7445,28.0349,69.1333,71,29.7174,107.7,123.0667,120,12.2443,145.3,33.333,36
lossaware,100,200K,h3,8,204800,22.0,15,1,118.841,114.743,14.2461,135.6259,13.9239,14.2789,1.2333,14.7418,92.631,88.733,13.9291,108.1141,0.0,0,0.0,0.0,23.9061,23.718,0.6298,24.7002,101.4667,108,25.3035,108.0,108.6667,108,2.582,111.0,0.0,0
lossaware,100,200K,h3,9,204800,22.0,15,1,129.6268,124.109,16.0415,150.51,12.8253,13.2013,1.6162,15.1446,103.0787,95.392,14.8684,122.2558,0.7333,0,1.0328,2.3,24.2338,23.717,1.3769,26.8978,58.1333,53,33.1509,106.3,127.0,126,16.2041,156.9,40.0,49
lossaware,100,200K,h3,10,204800,22.0,15,1,132.1735,124.907,19.8895,164.0481,12.6378,13.117,1.7406,14.8453,105.3065,95.444,19.7017,136.2433,0.7333,0,1.2228,2.6,24.1408,23.95,1.2096,26.6508,60.0,59,31.2524,102.8,125.1333,126,11.7344,145.3,33.333,44
lossaware,100,200K,h4,1,204800,52.0,15,1,268.557,252.554,41.7221,353.2693,6.2099,6.4873,0.7602,6.8629,204.8478,189.251,41.7712,291.9559,0.0,0,0.0,0.0,59.6889,58.088,6.1339,71.0898,93.5333,111,29.6717,111.0,111.8667,111,18.8371,136.9,0.0,0
lossaware,100,200K,h4,2,204800,52.0,15,1,259.9465,250.434,37.7965,309.1647,6.3908,6.5422,0.6528,6.8745,196.8957,189.154,38.6638,242.8768,0.0,0,0.0,0.0,58.4828,58.029,4.3293,64.7757,95.1333,110,30.8102,115.0,115.2,115,19.8681,137.6,0.0,0
lossaware,100,200K,h4,3,204800,52.0,15,1,270.8478,262.871,23.1753,325.0409,6.0855,6.2327,0.4553,6.442,206.0581,198.011,22.8552,257.7795,0.0,0,0.0,0.0,60.8999,61.051,3.8893,67.3861,133.2,142,34.0823,142.0,142.7333,142,2.8402,145.3,0.0,0
lossaware,100,200K,h4,4,204800,52.0,15,1,263.6772,258.688,22.0955,291.5491,6.2474,6.3335,0.433,6.6236,199.2643,196.158,20.9853,225.5106,0.0,0,0.0,0.0,59.127,58.494,4.8773,66.3675,133.2,142,34.0823,142.0,142.7333,142,2.8402,145.3,0.0,0
lossaware,100,200K,h4,5,204800,52.0,15,1,259.9148,258.906,17.9894,286.5562,6.3287,6.3282,0.3905,6.6989,193.4718,192.437,17.491,217.8441,0.0,0,0.0,0.0,59.0954,58.924,4.6075,66.6928,133.2,142,34.0823,142.0,142.7333,142,2.8402,145.3,0.0,0
lossaware,100,200K,h4,6,204800,52.0,15,1,259.4685,257.024,17.545,286.0629,6.3385,6.3745,0.3833,6.7402,195.2305,189.566,15.8297,216.8651,0.0,0,0.0,0.0,57.9039,56.187,5.1609,67.2919,133.2,142,34.0823,142.0,142.7333,142,2.8402,145.3,0.0,0
lossaware,100,200K,h4,7,204800,52.0,15,1,267.6504,254.722,34.3679,334.2736,6.1967,6.4321,0.6323,6.7373,202.7235,195.964,33.56,267.4983,0.0,0,0.0,0.0,59.1819,59.888,5.5414,67.0315,97.0667,107,30.4618,118.0,117.3333,118,21.0261,143.3,0.0,0
lossaware,100,200K,h4,8,204800,52.0,15,1,256.9258,253.967,20.86,287.7877,6.4118,6.4512,0.4633,6.9497,194.1615,194.233,20.7298,224.7219,0.0,0,0.0,0.0,58.7524,59.381,4.0215,64.0487,133.2,142,34.0823,142.0,142.7333,142,2.8402,145.3,0.0,0
lossaware,100,200K,h4,9,204800,52.0,15,1,271.7041,259.292,31.6622,331.0799,6.0978,6.3187,0.6239,6.6267,207.8285,194.637,30.8112,265.908,0.0,0,0.0,0.0,61.5163,60.697,4.5966,68.5569,133.2,142,34.0823,142.0,142.7333,142,2.8402,145.3,0.0,0
lossaware,100,200K,h4,10,204800,52.0,15,1,263.5588,254.562,26.7747,320.0928,6.269,6.4362,0.5566,6.8127,199.2266,194.916,25.2549,252.5717,0.0,0,0.0,0.0,59.5721,59.856,4.8955,66.7939,133.2,142,34.0823,142.0,142.7333,142,2.8402,145.3,0.0,0
lossaware-disc,100,200K,h2,1,204800,6.0,15,1,46.7671,45.977,2.2484,50.2242,35.103,35.6352,1.5576,36.5938,40.2369,39.456,2.2735,43.7772,9.7333,9,1.9809,12.3,6.6713,6.601,0.2746,7.1028,10.0,10,0.0,10.0,63.8,70,10.8707,72.3,100.0,0
lossaware-disc,100,200K,h2,2,204800,6.0,15,1,47.4034,46.808,2.4789,50.4132,34.6417,35.0026,1.6182,36.0217,40.7427,40.272,2.475,43.8077,10.1333,9,1.8465,13.0,6.664,6.59,0.2065,6.9949,10.0,10,0.0,10.0,68.0667,71,7.8237,72.3,100.0,0
lossaware-disc,100,200K,h2,3,204800,6.0,15,1,46.9902,46.597,2.274,49.8227,34.9364,35.1611,1.5437,36.3896,40.408,39.983,2.3317,43.1626,10.2,11,2.1448,12.3,6.6748,6.674,0.2884,7.1777,10.0,10,0.0,10.0,62.2667,70,11.1064,72.0,100.0,0
lossaware-disc,100,200K,h2,4,204800,6.0,15,1,46.3985,46.231,1.1696,47.7829,35.3324,35.4394,0.8915,36.5391,39.8277,39.535,1.0646,41.2498,9.5333,10,1.6417,12.0,6.8141,6.726,0.2506,7.2261,10.0,10,0.0,10.0,60.8,70,11.315,72.0,100.0,0
lossaware-disc,100,200K,h2,5,204800,6.0,15,1,46.7588,46.468,2.156,49.4395,35.1016,35.2587,1.4478,36.3118,40.2167,39.766,2.1261,42.8464,10.3333,9,1.8387,13.3,6.77,6.702,0.2229,7.0938,10.0,10,0.0,10.0,63.6667,70,10.4654,72.0,100.0,0
lossaware-disc,100,200K,h2,6,204800,6.0,15,1,47.759,46.883,3.3111,55.3935,34.4428,34.9466,2.1233,36.1395,41.1889,40.345,3.333,48.9283,10.4667,11,2.1996,13.3,6.7951,6.778,0.2373,7.0683,10.0,10,0.0,10.0,64.0,71,10.8562,72.0,100.0,0
lossaware-disc,100,200K,h2,7,204800,6.0,15,1,47.92,47.166,3.1485,55.198,34.3154,34.7369,2.0432,36.2283,41.2921,40.656,3.0826,48.4557,10.9333,11,1.9445,13.6,6.8362,6.884,0.2538,7.2609,10.0,10,0.0,10.0,65.5333,71,10.2111,72.3,100.0,0
lossaware-disc,100,200K,h2,8,204800,6.0,15,1,47.0933,46.529,2.631,50.6492,34.8798,35.2124,1.716,36.3941,40.4511,39.789,2.61,43.7754,9.7333,10,1.9074,12.6,6.7639,6.72,0.2238,7.0859,10.0,10,0.0,10.0,62.2667,70,10.951,72.0,100.0,0
lossaware-disc,100,200K,h2,9,204800,6.0,15,1,46.6939,45.987,2.528,49.9614,35.1721,35.6275,1.6658,36.3807,40.1521,39.484,2.5548,43.3789,10.2667,9,2.0862,13.3,6.846,6.781,0.3292,7.3689,10.0,10,0.0,10.0,61.2,70,11.1368,72.0,100.0,0
lossaware-disc,100,200K,h2,10,204800,6.0,15,1,47.0282,46.491,2.4023,50.0818,34.914,35.2412,1.584,36.1459,40.4065,39.605,2.4105,43.6434,10.8667,11,2.3865,13.9,6.8065,6.696,0.3114,7.342,10.0,10,0.0,10.0,65.3333,71,9.9187,72.3,100.0,0
lossaware-disc,100,200K,h3,1,204800,22.0,15,1,130.0737,123.028,15.2488,147.772,12.759,13.3173,1.4924,14.5764,103.3795,93.639,15.7611,123.6473,0.7333,0,0.9612,2.0,24.8613,23.951,1.6854,27.7656,69.2667,71,28.7364,105.6,123.0,120,12.4671,145.3,40.0,31
lossaware-disc,100,200K,h3,2,204800,22.0,15,1,135.0402,142.168,14.2829,150.2521,12.2693,11.5244,1.3858,14.404,108.0744,115.998,14.9141,122.2984,1.4667,2,1.8074,3.5,25.3709,25.48,1.4926,27.4908,75.2,83,28.4735,107.0,126.0667,128,11.1321,145.3,60.0,21
lossaware-disc,100,200K,h3,3,204800,22.0,15,1,120.2173,114.573,13.0341,143.1735,13.7603,14.3001,1.3079,15.0847,93.7677,86.753,13.7379,118.9288,0.9333,0,2.7115,5.8,23.8978,23.814,0.7296,24.7306,89.5333,92,33.0732,142.0,124.8,121,12.1902,145.3,13.333,22
lossaware-disc,100,200K,h3,4,204800,22.0,15,1,127.3614,117.901,17.5093,150.8912,13.086,13.8964,1.7328,15.0176,100.2882,88.977,17.6118,123.7177,0.8,0,1.6125,3.2,24.9025,23.922,1.5898,27.4407,79.3333,81,29.6664,116.8,125.1333,123,11.71,145.3,33.333,24
lossaware-disc,100,200K,h3,5,204800,22.0,15,1,136.239,120.031,26.6403,179.727,12.4259,13.6498,2.2066,14.6804,109.4768,93.247,25.9737,152.0587,1.4667,0,2.5598,5.5,24.9329,23.982,1.8886,28.7403,82.6667,81,32.48,142.0,124.9333,125,12.942,145.3,40.0,21
lossaware-disc,100,200K,h3,6,204800,22.0,15,1,129.8769,117.44,24.0776,177.2129,12.9669,13.951,2.0505,15.0047,103.5239,92.66,24.9193,154.0845,0.7333,0,1.387,3.3,24.4744,23.919,1.479,27.5422,73.0667,75,30.2855,113.3,123.5333,121,11.5441,145.3,26.667,32
lossaware-disc,100,200K,h3,7,204800,22.0,15,1,128.483,121.295,16.4523,150.5418,12.9437,13.5076,1.6087,14.8169,101.4044,93.638,15.8314,121.7212,0.8,0,1.4243,2.9,24.7181,23.969,1.6171,27.4299,73.4667,75,29.2058,111.2,123.8667,121,11.2368,145.3,33.333,29
lossaware-disc,100,200K,h3,8,204800,22.0,15,1,135.7113,122.469,22.5178,176.3937,12.364,13.3781,1.8995,14.5842,108.4673,94.216,22.2192,148.0942,1.4,0,2.3238,5.2,25.0594,24.046,1.7459,27.4849,74.8667,83,28.8911,109.1,125.2667,126,11.1193,145.3,40.0,25
lossaware-disc,100,200K,h3,9,204800,22.0,15,1,129.0678,119.685,14.6915,147.7229,12.8432,13.6893,1.4036,14.2113,102.0483,93.416,15.0822,121.0702,0.8667,0,1.8465,3.5,24.8373,24.037,1.4696,27.5428,77.2667,81,29.1437,111.9,125.0667,122,10.2363,145.3,33.333,27
lossaware-disc,100,200K,h3,10,204800,22.0,15,1,129.1397,118.409,20.7006,159.9654,12.9648,13.8368,1.8724,14.9914,102.2885,91.77,20.3663,131.3283,1.2667,0,2.0862,5.3,24.8618,23.956,1.577,27.6881,75.4667,80,29.2132,111.9,124.2667,121,10.8461,145.3,33.333,29
lossaware-disc,100,200K,h4,1,204800,52.0,15,1,271.7385,258.115,38.6129,350.6088,6.1203,6.3476,0.6916,6.7826,205.3695,191.069,39.2602,283.11,0.0,0,0.0,0.0,57.1004,54.822,4.1059,62.7051,92.2,102,29.0866,115.0,112.7333,115,20.7415,138.4,0.0,0
lossaware-disc,100,200K,h4,2,204800,52.0,15,1,269.97,255.423,54.2897,363.5272,6.2258,6.4145,0.8491,6.9023,205.6941,190.903,52.8946,295.799,0.0,0,0.0,0.0,56.9027,56.307,3.9586,64.686,90.7333,105,33.0918,114.0,115.1333,114,26.691,152.2,0.0,0
lossaware-disc,100,200K,h4,3,204800,52.0,15,1,261.8711,255.805,19.6327,287.7815,6.284,6.4049,0.3948,6.6037,195.9825,193.617,20.5865,222.0652,0.0,0,0.0,0.0,60.0559,59.322,4.3731,65.8066,100.7333,109,25.5636,109.0,110.9333,109,9.946,131.5,0.0,0
lossaware-disc,100,200K,h4,4,204800,52.0,15,1,266.2379,254.713,49.9858,328.2668,6.2859,6.4323,0.7609,6.8012,203.0123,191.145,50.8784,263.2623,0.0,0,0.0,0.0,58.3227,59.342,4.0968,63.8954,88.3333,106,31.7077,110.6,111.6,110,25.7344,148.3,0.0,0
lossaware-disc,100,200K,h4,5,204800,52.0,15,1,273.8491,260.009,49.5904,364.4283,6.1122,6.3013,0.7726,6.6707,208.9687,194.298,49.2963,297.3555,0.0,0,0.0,0.0,60.339,59.632,3.5353,65.6594,89.4667,109,31.9349,109.0,111.1333,109,24.2454,137.7,0.0,0
lossaware-disc,100,200K,h4,6,204800,52.0,15,1,260.1947,254.536,26.0704,315.2885,6.3472,6.4368,0.5409,6.8606,196.3049,187.177,25.5396,251.395,0.0,0,0.0,0.0,59.0233,59.161,5.0762,65.6723,133.2,142,34.0823,142.0,142.7333,142,2.8402,145.3,0.0,0
lossaware-disc,100,200K,h4,7,204800,52.0,15,1,260.0811,259.549,19.047,282.5245,6.3275,6.3125,0.4106,6.8282,195.4322,193.565,19.8954,219.5471,0.0,0,0.0,0.0,58.9137,57.821,3.9862,65.0994,133.2,142,34.0823,142.0,142.7333,142,2.8402,145.3,0.0,0
lossaware-disc,100,200K,h4,8,204800,52.0,15,1,260.6256,257.536,21.0322,286.7381,6.3188,6.3618,0.4329,6.7218,197.2459,194.8,20.9281,223.5328,0.0,0,0.0,0.0,58.8869,57.974,5.1191,65.4447,133.2,142,34.0823,142.0,142.7333,142,2.8402,145.3,0.0,0
lossaware-disc,100,200K,h4,9,204800,52.0,15,1,259.1077,259.66,16.1325,280.0169,6.3448,6.3098,0.3728,6.783,193.7336,193.786,15.7115,215.5115,0.0,0,0.0,0.0,59.9234,61.341,4.7296,65.5186,133.2,142,34.0823,142.0,142.7333,142,2.8402,145.3,0.0,0
lossaware-disc,100,200K,h4,10,204800,52.0,15,1,262.9859,258.801,23.6333,294.736,6.2687,6.3307,0.4644,6.6327,197.1188,189.962,23.3575,225.3989,0.0,0,0.0,0.0,57.6595,57.591,4.3262,64.0115,133.2,142,34.0823,142.0,142.7333,142,2.8402,145.3,0.0,0
metrics,100,200K,h2,1,204800,6.0,15,1,46.2611,46.322,1.0879,47.5923,35.4348,35.3698,0.8395,36.7866,39.6468,39.807,1.0308,40.9024,10.3333,10,2.4398,13.6,6.8184,6.808,0.2081,7.0884,10.0,10,0.0,10.0,59.8,50,11.2897,72.0,100.0,0
metrics,100,200K,h2,2,204800,6.0,15,1,47.1768,46.994,2.4194,50.5414,34.8064,34.864,1.6232,36.3572,40.5971,40.35,2.422,44.0688,10.4667,10,2.0307,13.3,6.6891,6.696,0.1881,6.9531,10.0,10,0.0,10.0,62.4667,70,10.9991,72.3,100.0,0
metrics,100,200K,h2,3,204800,6.0,15,1,47.2938,47.023,2.4611,50.5682,34.7221,34.8425,1.632,36.1943,40.6777,40.427,2.462,43.8938,9.9333,9,1.831,12.3,6.7984,6.872,0.2026,7.0659,10.0,10,0.0,10.0,66.8,71,8.9139,72.0,100.0,0
metrics,100,200K,h2,4,204800,6.0,15,1,46.4706,46.61,1.131,47.9133,35.2762,35.1513,0.8598,36.42,39.8592,39.946,1.0769,41.1955,10.2667,11,2.4631,13.0,6.7795,6.777,0.252,7.1044,10.0,10,0.0,10.0,62.5333,70,10.8947,72.0,100.0,0
metrics,100,200K,h2,5,204800,6.0,15,1,47.3899,46.034,3.21,54.457,34.7089,35.5911,2.1562,36.4421,40.7395,39.395,3.1254,47.6714,9.4667,9,2.0999,13.3,6.8449,6.834,0.217,7.1874,10.0,10,0.0,10.0,63.8,71,10.7051,72.0,100.0,0
metrics,100,200K,h2,6,204800,6.0,15,1,47.0155,46.704,1.9755,50.0659,34.901,35.0805,1.3499,36.3452,40.4329,40.073,1.9166,43.2373,10.6667,11,2.0931,13.3,6.6319,6.542,0.2661,7.1429,10.0,10,0.0,10.0,66.6667,71,9.0211,72.0,100.0,0
metrics,100,200K,h2,7,204800,6.0,15,1,46.2023,46.259,0.9709,47.6115,35.476,35.418,0.7432,36.3463,39.5596,39.614,0.973,40.9,10.8667,11,3.0907,15.2,6.823,6.894,0.2493,7.1199,10.0,10,0.0,10.0,62.6,70,10.9531,72.0,100.0,0
metrics,100,200K,h2,8,204800,6.0,15,1,47.6235,46.789,2.8851,54.0273,34.5108,35.0168,1.9055,36.218,41.0075,40.237,2.9366,47.611,10.4,10,2.0284,13.3,6.7928,6.71,0.2653,7.1831,10.0,10,0.0,10.0,63.4667,70,10.3363,72.0,100.0,0
metrics,100,200K,h2,9,204800,6.0,15,1,46.3948,46.622,0.9016,47.5416,35.3268,35.1422,0.6881,36.2985,39.7747,40.272,0.8983,40.7836,10.4667,11,1.7674,12.6,6.8459,6.898,0.1943,7.0559,10.0,10,0.0,10.0,61.2667,70,11.4796,72.0,100.0,0
metrics,100,200K,h2,10,204800,6.0,15,1,46.5606,46.94,1.0574,48.0028,35.2055,34.9041,0.8014,36.2719,40.0418,40.406,0.999,41.2143,9.9333,10,1.5337,12.3,6.6647,6.597,0.2595,7.0281,10.0,10,0.0,10.0,65.0667,70,9.9101,72.3,100.0,0
metrics,100,200K,h3,1,204800,22.0,15,1,153.8648,150.364,12.7173,172.8705,10.7063,10.8962,0.7549,11.3714,127.7497,124.445,12.7395,147.1193,0.0,0,0.0,0.0,23.3746,23.367,0.325,23.7591,10.0,10,0.0,10.0,143.0667,153,30.6255,153.0,0.0,0
metrics,100,200K,h3,2,204800,22.0,15,1,157.3261,150.217,20.0565,203.8621,10.5451,10.9069,1.1049,11.3595,130.9841,122.767,19.4207,175.8673,0.0,0,0.0,0.0,23.4576,23.374,0.8593,24.3534,10.0,10,0.0,10.0,133.9333,153,42.4036,153.0,0.0,0
metrics,100,200K,h3,3,204800,22.0,15,1,164.5192,152.396,22.5328,204.199,10.1165,10.7509,1.2395,11.4208,137.6407,125.439,21.5802,175.0882,0.0,0,0.0,0.0,24.0459,23.366,1.8624,28.1739,10.0,10,0.0,10.0,114.7333,153,54.2132,153.0,0.0,0
metrics,100,200K,h3,4,204800,22.0,15,1,151.4836,152.024,6.7611,160.7925,10.8351,10.7772,0.4679,11.5141,124.198,123.376,6.2018,132.8965,0.0,0,0.0,0.0,23.1938,23.251,0.2015,23.3933,10.0,10,0.0,10.0,146.3333,153,25.8199,153.0,0.0,0
metrics,100,200K,h3,5,204800,22.0,15,1,158.3401,153.411,15.876,185.754,10.4314,10.6798,0.904,11.2958,131.293,126.997,15.7177,157.2255,0.0,0,0.0,0.0,24.0498,23.382,1.542,27.3188,10.0,10,0.0,10.0,134.7333,153,38.7436,153.0,0.0,0
metrics,100,200K,h3,6,204800,22.0,15,1,156.876,151.365,18.254,198.2908,10.5582,10.8242,1.0575,11.6883,129.0936,122.85,18.1685,170.6653,0.0,0,0.0,0.0,23.5292,23.393,0.7577,25.3241,10.0,10,0.0,10.0,134.6667,153,41.9603,153.0,0.0,0
metrics,100,200K,h3,7,204800,22.0,15,1,152.9839,150.489,9.1392,171.2012,10.7425,10.8872,0.5905,11.2535,126.8698,123.718,9.1777,145.7506,0.0,0,0.0,0.0,23.5881,23.378,0.5968,24.6671,10.0,10,0.0,10.0,138.6667,153,34.9932,153.0,0.0,0
metrics,100,200K,h3,8,204800,22.0,15,1,154.3567,149.858,13.5022,176.2954,10.6788,10.933,0.7924,11.3234,127.8395,123.318,13.0561,148.2523,0.0,0,0.0,0.0,23.6068,23.393,0.6378,24.938,10.0,10,0.0,10.0,131.7333,153,44.221,153.0,0.0,0
metrics,100,200K,h3,9,204800,22.0,15,1,160.394,152.585,18.4987,200.7452,10.3253,10.7376,1.0289,11.2089,133.5106,125.263,18.0287,172.7573,0.0,0,0.0,0.0,23.7633,23.368,1.3703,26.1602,10.0,10,0.0,10.0,123.8,153,50.3789,153.0,0.0,0
metrics,100,200K,h3,10,204800,22.0,15,1,150.9134,151.038,8.1792,161.0363,10.8849,10.8476,0.5619,11.6687,124.0679,123.625,8.1419,135.3538,0.0,0,0.0,0.0,23.3784,23.362,0.362,23.775,10.0,10,0.0,10.0,146.3333,153,25.8199,153.0,0.0,0
metrics,100,200K,h4,1,204800,52.0,15,1,353.8501,334.263,45.5129,422.9233,4.6995,4.9015,0.5799,5.3445,290.4521,268.69,43.5271,359.9258,0.0,0,0.0,0.0,59.3732,57.943,5.2923,67.4696,10.0,10,0.0,10.0,115.4667,153,51.7658,153.0,0.0,0
metrics,100,200K,h4,2,204800,52.0,15,1,350.9873,330.334,47.391,433.5359,4.7362,4.9598,0.5458,5.184,285.9263,264.308,47.2319,371.0942,0.0,0,0.0,0.0,57.9424,56.134,4.8689,66.5932,10.0,10,0.0,10.0,123.2,153,50.0588,153.0,0.0,0
metrics,100,200K,h4,3,204800,52.0,15,1,337.2448,318.483,36.9643,405.7631,4.9064,5.1444,0.4732,5.3379,272.5239,252.486,38.3159,343.9288,0.0,0,0.0,0.0,61.4912,63.21,5.1083,67.7473,10.0,10,0.0,10.0,112.6667,153,47.2768,153.0,0.0,0
metrics,100,200K,h4,4,204800,52.0,15,1,355.9897,325.23,58.6118,449.6188,4.7067,5.0377,0.6808,5.3306,292.7957,261.232,56.9755,383.5052,0.0,0,0.0,0.0,58.0559,57.065,4.8317,65.2752,10.0,10,0.0,10.0,110.4667,153,55.6467,153.0,0.0,0
metrics,100,200K,h4,5,204800,52.0,15,1,359.9558,365.919,36.1449,406.5904,4.5918,4.4775,0.4315,5.1921,293.9233,296.709,35.955,338.9025,0.0,0,0.0,0.0,59.2644,59.696,4.1277,65.1174,10.0,10,0.0,10.0,106.9333,125,48.607,153.0,0.0,0
metrics,100,200K,h4,6,204800,52.0,15,1,365.3836,336.469,49.5371,443.7226,4.5561,4.8694,0.571,5.1669,300.8433,273.609,49.8812,381.9973,0.0,0,0.0,0.0,58.4881,58.296,4.9271,65.2587,10.0,10,0.0,10.0,101.2667,153,57.6312,153.0,0.0,0
metrics,100,200K,h4,7,204800,52.0,15,1,367.9211,336.141,58.5762,449.2906,4.5546,4.8741,0.6847,5.3367,301.6443,269.724,57.1125,381.544,0.0,0,0.0,0.0,60.7903,59.746,5.163,69.5382,10.0,10,0.0,10.0,102.5333,153,57.5982,153.0,0.0,0
metrics,100,200K,h4,8,204800,52.0,15,1,351.2763,328.835,39.7339,402.7449,4.7169,4.9824,0.5025,5.3362,285.6049,269.366,39.182,336.9366,0.0,0,0.0,0.0,60.4242,60.422,4.711,68.3694,10.0,10,0.0,10.0,113.0667,144,49.4592,153.0,0.0,0
metrics,100,200K,h4,9,204800,52.0,15,1,370.3815,342.987,53.0618,458.0237,4.5039,4.7769,0.6038,5.2158,303.2543,283.213,53.0525,388.3535,0.0,0,0.0,0.0,59.1181,59.602,4.5672,66.4408,10.0,10,0.0,10.0,112.5333,153,55.1451,153.0,0.0,0
metrics,100,200K,h4,10,204800,52.0,15,1,336.7642,319.019,47.9643,441.9532,4.9418,5.1357,0.5784,5.3856,271.6411,253.262,46.5961,373.8162,0.0,0,0.0,0.0,56.986,55.904,4.0295,63.1125,10.0,10,0.0,10.0,126.3333,153,47.4337,153.0,0.0,0
static10,100,200K,h2,1,204800,6.0,15,1,48.1057,47.335,2.8577,54.691,34.1599,34.6129,1.8345,35.5706,41.5168,40.656,2.8371,48.0942,10.9333,11,2.4044,14.2,6.833,6.822,0.3086,7.2935,10.0,10,0.0,10.0,67.2667,72,9.1376,72.3,100.0,0
static10,100,200K,h2,2,204800,6.0,15,1,46.9663,47.242,0.9268,47.914,34.8976,34.681,0.7058,36.3558,40.3462,40.73,0.9462,41.1674,10.1333,10,1.8074,13.0,6.7099,6.681,0.2439,7.049,10.0,10,0.0,10.0,68.0,70,7.5782,72.0,100.0,0
static10,100,200K,h2,3,204800,6.0,15,1,46.4967,46.402,1.1761,48.4845,35.2578,35.3088,0.8855,36.5155,39.9173,39.873,1.1726,41.8659,10.0,10,2.2039,13.6,6.7962,6.763,0.2803,7.1725,10.0,10,0.0,10.0,63.6667,70,10.6279,72.3,100.0,0
static10,100,200K,h2,4,204800,6.0,15,1,47.1879,46.735,2.3846,50.0556,34.7936,35.0572,1.5474,35.9962,40.5128,40.046,2.4479,43.3522,11.0667,11,2.1865,14.3,6.7457,6.733,0.2245,7.1657,10.0,10,0.0,10.0,65.4,71,9.9843,72.6,100.0,0
static10,100,200K,h2,5,204800,6.0,15,1,46.7699,46.861,1.251,48.4036,35.0545,34.963,0.9399,36.2964,40.1738,40.315,1.2019,41.7871,8.9333,9,1.5796,11.6,6.7764,6.773,0.2697,7.1135,10.0,10,0.0,10.0,64.8667,70,9.8188,72.3,100.0,0
static10,100,200K,h2,6,204800,6.0,15,1,47.0124,46.923,2.1607,49.6797,34.9128,34.9168,1.4587,36.3906,40.4811,40.404,2.1165,42.9387,10.2667,9,2.6851,14.2,6.8633,6.795,0.1932,7.0889,10.0,10,0.0,10.0,63.8,70,10.4348,72.0,100.0,0
static10,100,200K,h2,7,204800,6.0,15,1,47.1199,46.532,2.3609,50.048,34.844,35.2102,1.5678,36.3752,40.508,39.968,2.397,43.5349,10.3333,10,2.1931,13.6,6.8093,6.802,0.2208,7.0688,10.0,10,0.0,10.0,63.7333,71,11.1513,72.0,100.0,0
static10,100,200K,h2,8,204800,6.0,15,1,46.0971,46.166,0.9941,47.6743,35.5577,35.4893,0.7629,36.6024,39.5453,39.692,0.9771,40.8863,9.9333,10,1.9074,12.3,6.7235,6.686,0.2114,7.0334,10.0,10,0.0,10.0,63.7333,70,10.532,72.0,100.0,0
static10,100,200K,h2,9,204800,6.0,15,1,46.1443,45.522,1.2759,48.2233,35.5309,35.9914,0.9659,36.519,39.5245,39.043,1.2743,41.6423,9.9333,10,2.1865,12.3,6.8891,6.997,0.2171,7.1017,10.0,10,0.0,10.0,58.3333,50,11.1398,72.0,100.0,0
static10,100,200K,h2,10,204800,6.0,15,1,46.7609,46.702,0.854,48.149,35.0487,35.082,0.6372,35.8867,40.1086,40.118,0.7837,41.4138,10.2667,11,2.1202,13.3,6.7513,6.689,0.2462,7.0557,10.0,10,0.0,10.0,66.8,71,8.9219,72.0,100.0,0
static10,100,200K,h3,1,204800,22.0,15,1,163.2408,155.221,19.0409,201.6678,10.1537,10.5553,1.0803,11.4085,136.1293,127.131,18.3883,173.2092,0.0,0,0.0,0.0,24.0763,23.397,1.118,26.2205,10.0,10,0.0,10.0,119.2667,153,47.889,153.0,0.0,0
static10,100,200K,h3,2,204800,22.0,15,1,160.8521,154.077,19.15,202.81,10.3029,10.6336,1.0584,11.2024,133.4374,126.23,18.6669,174.6836,0.0,0,0.0,0.0,24.1558,23.368,1.8625,28.2505,10.0,10,0.0,10.0,123.6667,153,50.5819,153.0,0.0,0
static10,100,200K,h3,3,204800,22.0,15,1,159.5231,153.73,14.293,185.0468,10.34,10.6576,0.8327,11.159,132.9895,127.197,13.4461,156.812,0.0,0,0.0,0.0,24.0546,23.392,1.377,26.6498,10.0,10,0.0,10.0,131.1333,153,39.3988,153.0,0.0,0
static10,100,200K,h3,4,204800,22.0,15,1,155.6575,152.596,8.4879,169.3618,10.5535,10.7368,0.5473,11.1201,129.533,125.767,8.5311,144.322,0.0,0,0.0,0.0,23.9267,23.39,1.3566,26.6454,10.0,10,0.0,10.0,133.9333,153,36.1316,153.0,0.0,0
static10,100,200K,h3,5,204800,22.0,15,1,153.5781,153.201,6.6778,168.031,10.6862,10.6944,0.4453,11.2121,127.152,126.171,6.5872,140.2856,0.0,0,0.0,0.0,23.5227,23.342,0.8891,25.0485,10.0,10,0.0,10.0,143.3333,153,27.5465,153.0,0.0,0
static10,100,200K,h3,6,204800,22.0,15,1,163.0133,156.798,19.8909,199.6006,10.1829,10.4491,1.1692,11.6587,137.1018,129.812,18.673,171.314,0.0,0,0.0,0.0,24.2423,23.439,1.2176,26.1206,10.0,10,0.0,10.0,107.2,153,52.9544,153.0,0.0,0
static10,100,200K,h3,7,204800,22.0,15,1,154.95,150.474,16.1492,185.1455,10.6634,10.8883,0.9265,11.4072,128.5897,122.398,16.1689,159.3178,0.0,0,0.0,0.0,24.4857,23.412,2.2846,29.134,10.0,10,0.0,10.0,140.5333,153,32.4254,153.0,0.0,0
static10,100,200K,h3,8,204800,22.0,15,1,161.9645,153.58,21.8343,204.2865,10.2651,10.6681,1.1901,11.4112,134.7207,126.551,21.8395,177.4416,0.0,0,0.0,0.0,23.8127,23.162,1.6434,27.5007,10.0,10,0.0,10.0,129.2,153,49.2707,153.0,0.0,0
static10,100,200K,h3,9,204800,22.0,15,1,160.0134,154.336,18.4626,201.0212,10.3468,10.6158,1.0035,11.2151,133.0342,127.008,17.7804,173.047,0.0,0,0.0,0.0,24.0643,23.355,1.7537,27.6706,10.0,10,0.0,10.0,130.4667,153,46.8323,153.0,0.0,0
static10,100,200K,h3,10,204800,22.0,15,1,156.8905,152.541,16.2557,181.007,10.5316,10.7407,0.9233,11.2953,129.8791,125.804,15.4813,152.0649,0.0,0,0.0,0.0,24.0545,23.381,1.3451,26.7766,10.0,10,0.0,10.0,134.3333,153,38.1289,153.0,0.0,0
static10,100,200K,h4,1,204800,52.0,15,1,348.7351,330.98,41.2522,415.8777,4.755,4.9501,0.517,5.2851,283.4838,262.538,41.4742,352.5427,0.0,0,0.0,0.0,58.9486,60.621,4.8885,66.0454,10.0,10,0.0,10.0,121.9333,153,46.4873,153.0,0.0,0
static10,100,200K,h4,2,204800,52.0,15,1,358.0201,332.532,49.9467,438.9502,4.6548,4.927,0.6057,5.3176,292.8187,269.937,50.6662,377.4831,0.0,0,0.0,0.0,61.1653,62.643,4.2931,66.2192,10.0,10,0.0,10.0,96.8,91,51.1569,153.0,0.0,0
static10,100,200K,h4,3,204800,52.0,15,1,338.3163,326.885,35.6668,393.351,4.8881,5.0122,0.4631,5.4406,274.0987,265.727,37.4285,331.7345,0.0,0,0.0,0.0,59.7,60.281,4.8783,65.6801,10.0,10,0.0,10.0,117.0,153,47.673,153.0,0.0,0
static10,100,200K,h4,4,204800,52.0,15,1,362.6087,335.939,53.0063,442.6705,4.6019,4.8771,0.6155,5.3031,297.9029,269.029,53.324,379.9792,0.0,0,0.0,0.0,59.9755,60.902,4.9181,65.5085,10.0,10,0.0,10.0,113.6667,153,55.8271,153.0,0.0,0
static10,100,200K,h4,5,204800,52.0,15,1,345.7711,332.952,31.4493,387.2053,4.775,4.9208,0.4323,5.3409,280.033,264.841,30.5205,319.1252,0.0,0,0.0,0.0,60.1765,60.237,5.5732,67.8244,10.0,10,0.0,10.0,115.6667,144,44.1324,153.0,0.0,0
static10,100,200K,h4,6,204800,52.0,15,1,351.0779,353.247,36.814,410.5413,4.7134,4.6381,0.478,5.3161,286.8915,295.841,37.6007,346.2412,0.0,0,0.0,0.0,59.5354,60.439,5.2714,68.9105,10.0,10,0.0,10.0,98.4,53,53.0792,153.0,0.0,0
static10,100,200K,h4,7,204800,52.0,15,1,362.5955,347.818,53.4429,457.428,4.6034,4.7105,0.6211,5.3398,298.6159,281.366,51.9895,388.2639,0.0,0,0.0,0.0,60.2159,63.343,4.9088,65.5814,10.0,10,0.0,10.0,109.2,153,55.8738,153.0,0.0,0
static10,100,200K,h4,8,204800,52.0,15,1,350.6791,336.179,39.244,413.646,4.7229,4.8736,0.489,5.3042,282.9132,273.48,38.5532,344.0465,0.0,0,0.0,0.0,59.8632,60.344,5.1452,66.4919,10.0,10,0.0,10.0,124.8,153,47.9943,153.0,0.0,0
static10,100,200K,h4,9,204800,52.0,15,1,333.2497,326.453,23.1175,376.2321,4.9371,5.0188,0.3203,5.2787,269.7283,263.582,23.1318,316.4664,0.0,0,0.0,0.0,58.2421,58.013,5.3486,66.7368,10.0,10,0.0,10.0,128.8667,153,42.3487,153.0,0.0,0
static10,100,200K,h4,10,204800,52.0,15,1,356.0604,324.278,52.1703,446.8773,4.6848,5.0525,0.6125,5.3273,291.0742,264.131,51.6037,380.9489,0.0,0,0.0,0.0,58.7253,60.422,4.691,64.4493,10.0,10,0.0,10.0,109.2,153,55.8738,153.0,0.0,0
statichigh,100,200K,h2,1,204800,6.0,15,1,38.9671,39.01,0.4923,39.6802,42.0519,41.9995,0.5246,42.7374,32.3467,32.333,0.5343,33.0535,13.9333,14,1.9074,16.0,6.6766,6.681,0.2788,7.1028,24.0,24,0.0,24.0,55.0,55,1.0,56.0,100.0,0
statichigh,100,200K,h2,2,204800,6.0,15,1,39.0573,38.94,0.4659,39.7932,41.9541,42.075,0.4982,42.512,32.4244,32.299,0.4638,33.1589,14.7333,15,1.6676,16.0,6.8755,6.871,0.2308,7.1677,24.0,24,0.0,24.0,54.6667,55,0.8997,56.0,100.0,0
statichigh,100,200K,h2,3,204800,6.0,15,1,39.1735,39.032,0.5882,40.2157,41.8329,41.9758,0.6216,42.5569,32.5823,32.452,0.5948,33.6474,13.8,14,1.8205,16.0,6.7584,6.687,0.2423,7.1532,24.0,24,0.0,24.0,54.8667,55,0.9155,56.0,100.0,0
statichigh,100,200K,h2,4,204800,6.0,15,1,39.1765,39.219,0.6228,40.0948,41.8307,41.7757,0.6601,42.6159,32.5927,32.481,0.654,33.679,13.2667,13,1.6676,16.0,6.7215,6.719,0.2001,6.9478,24.0,24,0.0,24.0,56.3333,55,6.3095,62.9,100.0,0
statichigh,100,200K,h2,5,204800,6.0,15,1,38.9988,38.843,0.5228,39.9332,42.0184,42.1801,0.5516,42.5076,32.4183,32.251,0.4796,33.1359,14.2667,14,1.5337,16.6,6.8531,6.908,0.2905,7.1484,24.0,24,0.0,24.0,54.4,55,1.2984,56.0,100.0,0
statichigh,100,200K,h2,6,204800,6.0,15,1,39.0959,38.951,0.6839,40.1916,41.919,42.0631,0.7268,42.7315,32.5431,32.221,0.664,33.567,13.8,14,1.3732,15.3,6.6079,6.592,0.1965,6.9542,24.0,24,0.0,24.0,54.4667,55,1.302,56.0,100.0,0
statichigh,100,200K,h2,7,204800,6.0,15,1,38.7629,38.813,0.7411,39.6657,42.2821,42.2127,0.8368,43.3077,32.1844,32.182,0.7943,33.1992,12.8667,13,2.2949,15.0,6.7819,6.853,0.2576,7.1988,24.0,24,0.0,24.0,54.4667,55,1.8465,56.0,100.0,0
statichigh,100,200K,h2,8,204800,6.0,15,1,38.9023,38.699,0.5798,40.1096,42.1243,42.337,0.6147,42.6575,32.3105,32.183,0.5321,33.4683,13.7333,14,1.387,15.3,6.6031,6.446,0.2879,7.1056,24.0,24,0.0,24.0,54.8,55,1.0142,56.0,100.0,0
statichigh,100,200K,h2,9,204800,6.0,15,1,39.3185,39.207,0.7288,40.3108,41.6833,41.7885,0.7716,42.6424,32.7311,32.55,0.7297,33.7132,13.6,14,1.5024,16.0,6.7855,6.864,0.2933,7.2192,24.0,24,0.0,24.0,54.8,55,1.2649,56.0,100.0,0
statichigh,100,200K,h2,10,204800,6.0,15,1,38.8479,38.796,0.2911,39.2981,42.177,42.2312,0.3127,42.4771,32.1852,32.119,0.2654,32.6127,13.8667,14,1.4573,16.0,6.6001,6.532,0.2403,6.9619,24.0,24,0.0,24.0,54.7333,55,0.9612,56.0,100.0,0
statichigh,100,200K,h3,1,204800,22.0,15,1,120.4933,120.433,3.1986,124.4611,13.6066,13.6042,0.3705,14.2021,94.0449,94.088,2.6793,97.1927,0.0,0,0.0,0.0,23.5287,23.448,0.1836,23.8913,24.0,24,0.0,24.0,165.8667,167,4.3894,167.0,0.0,0
statichigh,100,200K,h3,2,204800,22.0,15,1,120.3489,120.209,3.5408,125.9877,13.6247,13.6296,0.3986,14.1546,93.4322,93.92,3.1339,97.4534,0.0,0,0.0,0.0,23.557,23.455,0.1925,23.8695,24.0,24,0.0,24.0,167.0,167,0.0,167.0,0.0,0
statichigh,100,200K,h3,3,204800,22.0,15,1,120.1512,120.018,2.668,123.2805,13.6425,13.6513,0.3048,14.0974,92.8836,92.593,2.771,97.0071,0.0,0,0.0,0.0,23.6514,23.483,0.2323,23.932,24.0,24,0.0,24.0,167.0,167,0.0,167.0,0.0,0
statichigh,100,200K,h3,4,204800,22.0,15,1,119.8171,121.698,5.0642,124.8009,13.6981,13.4628,0.6064,14.892,93.3567,93.861,3.7023,97.351,0.0,0,0.0,0.0,23.7027,23.847,0.2175,23.8995,24.0,24,0.0,24.0,167.0,167,0.0,167.0,0.0,0
statichigh,100,200K,h3,5,204800,22.0,15,1,121.1195,121.573,4.1994,125.9018,13.5433,13.4767,0.4996,14.1931,94.1069,93.901,3.3849,98.121,0.0,0,0.0,0.0,23.6757,23.841,0.2182,23.8924,24.0,24,0.0,24.0,167.0,167,0.0,167.0,0.0,0
statichigh,100,200K,h3,6,204800,22.0,15,1,120.2004,119.906,3.6342,124.178,13.6424,13.664,0.421,14.2638,94.4456,96.028,3.4399,97.4038,0.0,0,0.0,0.0,23.4908,23.434,0.1527,23.853,24.0,24,0.0,24.0,167.0,167,0.0,167.0,0.0,0
statichigh,100,200K,h3,7,204800,22.0,15,1,119.7709,120.457,2.7624,123.6888,13.6863,13.6015,0.3166,14.1683,93.0068,93.312,2.7572,95.9616,0.0,0,0.0,0.0,23.5938,23.455,0.2131,23.9018,24.0,24,0.0,24.0,167.0,167,0.0,167.0,0.0,0
statichigh,100,200K,h3,8,204800,22.0,15,1,119.6966,121.022,4.1149,124.9042,13.7036,13.538,0.4876,14.5652,93.5927,93.489,3.0839,97.147,0.0,0,0.0,0.0,23.6527,23.522,0.2234,23.9035,24.0,24,0.0,24.0,167.0,167,0.0,167.0,0.0,0
statichigh,100,200K,h3,9,204800,22.0,15,1,118.8584,118.022,3.4658,123.8091,13.7954,13.8822,0.4029,14.3163,92.5349,92.339,2.2657,96.1093,0.0,0,0.0,0.0,23.6103,23.468,0.2147,23.8919,24.0,24,0.0,24.0,167.0,167,0.0,167.0,0.0,0
statichigh,100,200K,h3,10,204800,22.0,15,1,122.1478,122.196,2.8733,125.7628,13.4203,13.408,0.3198,13.9661,95.4733,96.598,2.5285,97.7519,0.0,0,0.0,0.0,23.5555,23.448,0.2065,23.8892,24.0,24,0.0,24.0,167.0,167,0.0,167.0,0.0,0
statichigh,100,200K,h4,1,204800,52.0,15,1,307.0186,320.205,29.6918,330.3178,5.3895,5.1167,0.5885,6.4828,241.254,253.946,30.7184,266.5236,0.0,0,0.0,0.0,59.5395,58.842,4.9167,67.41,24.0,24,0.0,24.0,135.3333,134,23.4114,167.0,0.0,0
statichigh,100,200K,h4,2,204800,52.0,15,1,273.9381,259.002,34.2251,329.4941,6.0624,6.3258,0.701,6.7953,209.9934,195.956,32.5746,262.2674,0.0,0,0.0,0.0,59.4625,59.48,4.9411,67.5922,24.0,24,0.0,24.0,130.7333,117,25.8332,167.0,0.0,0
statichigh,100,200K,h4,3,204800,52.0,15,1,288.1435,301.25,32.9049,325.8992,5.7567,5.4387,0.6641,6.6186,224.0103,243.336,33.698,261.981,0.0,0,0.0,0.0,58.7596,57.999,4.3773,65.1791,24.0,24,0.0,24.0,132.4,139,27.5857,167.0,0.0,0
statichigh,100,200K,h4,4,204800,52.0,15,1,275.3258,268.601,29.2427,310.9118,6.0131,6.0998,0.6299,6.74,210.9563,200.03,28.8455,248.5734,0.0,0,0.0,0.0,57.0338,56.19,4.1123,63.173,24.0,24,0.0,24.0,145.7333,167,26.7006,167.3,0.0,0
statichigh,100,200K,h4,5,204800,52.0,15,1,280.3675,267.975,31.7543,323.9765,5.9126,6.114,0.6524,6.7425,214.3513,197.68,31.2549,259.3359,0.0,0,0.0,0.0,58.1679,58.418,4.6844,65.9094,24.0,24,0.0,24.0,135.6,134,26.8083,167.0,0.0,0
statichigh,100,200K,h4,6,204800,52.0,15,1,293.6008,313.3,32.3238,328.3759,5.6456,5.2295,0.6358,6.4741,228.0235,246.48,32.3149,262.6034,0.0,0,0.0,0.0,61.4075,61.546,5.9381,69.2411,24.0,24,0.0,24.0,138.0667,140,22.2597,167.0,0.0,0
statichigh,100,200K,h4,7,204800,52.0,15,1,274.7996,262.196,31.3329,334.1056,6.0272,6.2488,0.6128,6.617,207.8912,196.269,31.8219,267.4044,0.0,0,0.0,0.0,60.5621,59.462,5.0564,68.1339,24.0,24,0.0,24.0,132.7333,119,27.6831,167.0,0.0,0
statichigh,100,200K,h4,8,204800,52.0,15,1,304.0839,320.932,36.6607,339.7004,5.4676,5.1051,0.7091,6.6277,239.1091,255.049,36.2928,274.2035,0.0,0,0.0,0.0,62.4484,63.471,5.7682,69.7534,24.0,24,0.0,24.0,137.9333,147,24.6155,167.3,0.0,0
statichigh,100,200K,h4,9,204800,52.0,15,1,292.3263,285.007,33.1796,334.3153,5.6731,5.7486,0.6482,6.5483,226.1002,222.383,33.4315,265.1766,0.0,0,0.0,0.0,59.5452,58.164,5.2158,67.0717,24.0,24,0.0,24.0,137.7333,144,23.2608,167.3,0.0,0
statichigh,100,200K,h4,10,204800,52.0,15,1,291.8763,313.081,38.7885,335.4152,5.7087,5.2332,0.7696,6.6113,225.7097,246.09,39.1199,269.1489,0.0,0,0.0,0.0,59.8988,60.58,5.2609,67.0745,24.0,24,0.0,24.0,132.6667,128,23.518,167.0,0.0,0
ewma,100,30K,h2,1,30720,6.0,15,1,15.9881,15.625,1.3625,17.4594,15.4535,15.7286,1.0323,15.9151,9.3324,8.955,1.3457,10.7627,0.0,0,0.0,0.0,7.137,7.128,0.1096,7.2707,21.2,22,3.0984,22.0,44.2,45,3.0984,45.0,0.0,0
ewma,100,30K,h2,2,30720,6.0,15,1,16.0811,15.62,1.8759,17.8815,15.4237,15.7337,1.297,15.9166,9.4675,9.016,1.8169,11.1657,0.0,0,0.0,0.0,7.1453,7.117,0.0933,7.361,21.2,22,3.0984,22.0,44.2,45,3.0984,45.0,0.0,0
ewma,100,30K,h2,3,30720,6.0,15,1,16.056,15.664,1.3408,17.9591,15.3882,15.6895,1.0523,16.0904,9.5513,9.153,1.353,11.3622,0.0,0,0.0,0.0,7.1023,7.117,0.0856,7.1756,21.2,22,3.0984,22.0,44.2,45,3.0984,45.0,0.0,0
ewma,100,30K,h2,4,30720,6.0,15,1,16.1399,15.686,1.9989,18.5288,15.385,15.6675,1.3718,16.1812,9.5363,8.993,1.9812,11.7561,0.0,0,0.0,0.0,7.1541,7.144,0.053,7.2345,21.2,22,3.0984,22.0,44.2,45,3.0984,45.0,0.0,0
ewma,100,30K,h2,5,30720,6.0,15,1,15.9157,15.539,1.3277,17.3579,15.5206,15.8157,1.0194,16.0195,9.3582,8.98,1.3696,10.8418,0.0,0,0.0,0.0,7.1135,7.127,0.115,7.1926,21.2,22,3.0984,22.0,44.2,45,3.0984,45.0,0.0,0
ewma,100,30K,h2,6,30720,6.0,15,1,15.93,15.611,1.3836,17.4517,15.5129,15.7427,1.0544,16.0594,9.379,9.0,1.3937,10.796,0.0,0,0.0,0.0,7.1289,7.132,0.0563,7.2079,21.2,22,3.0984,22.0,44.2,45,3.0984,45.0,0.0,0
ewma,100,30K,h2,7,30720,6.0,15,1,16.0795,15.606,2.1126,18.2127,15.4578,15.7478,1.4191,16.1972,9.5549,9.067,2.1172,11.5696,0.0,0,0.0,0.0,7.1436,7.117,0.1149,7.2961,21.2,22,3.0984,22.0,44.2,45,3.0984,45.0,0.0,0
ewma,100,30K,h2,8,30720,6.0,15,1,15.9812,15.614,1.5578,17.7647,15.4831,15.7397,1.1567,16.1419,9.4241,9.02,1.5328,11.0585,0.0,0,0.0,0.0,7.1275,7.119,0.0972,7.2555,21.2,22,3.0984,22.0,44.2,45,3.0984,45.0,0.0,0
ewma,100,30K,h2,9,30720,6.0,15,1,15.9309,15.574,1.4751,17.3774,15.5217,15.7801,1.1003,16.0082,9.3666,9.016,1.462,10.8129,0.0,0,0.0,0.0,7.0973,7.092,0.0806,7.2051,21.2,22,3.0984,22.0,44.2,45,3.0984,45.0,0.0,0
ewma,100,30K,h2,10,30720,6.0,15,1,16.0475,15.627,1.3804,17.9066,15.3994,15.7266,1.0604,16.0095,9.4695,8.975,1.3848,11.3766,0.0,0,0.0,0.0,7.1322,7.126,0.0746,7.2343,21.2,22,3.0984,22.0,44.2,45,3.0984,45.0,0.0,0
ewma,100,30K,h3,1,30720,22.0,15,1,59.557,58.682,8.2055,69.338,4.1818,4.188,0.437,4.6008,32.6071,30.67,7.9174,41.6713,0.0,0,0.0,0.0,25.067,24.831,1.498,27.2553,21.2,22,3.0984,22.0,44.2,45,3.0984,45.0,0.0,0
ewma,100,30K,h3,2,30720,22.0,15,1,59.1633,58.472,7.4448,68.1886,4.2038,4.203,0.4328,4.7295,32.2047,30.424,7.6179,41.1545,0.0,0,0.0,0.0,24.4894,23.52,1.6577,27.1709,21.2,22,3.0984,22.0,44.2,45,3.0984,45.0,0.0,0
ewma,100,30K,h3,3,30720,22.0,15,1,58.8813,56.988,8.3483,69.2037,4.2342,4.3125,0.464,4.7542,31.7151,30.305,7.5643,40.476,0.0,0,0.0,0.0,24.7253,23.918,1.6208,27.0786,21.2,22,3.0984,22.0,44.2,45,3.0984,45.0,0.0,0
ewma,100,30K,h3,4,30720,22.0,15,1,59.1954,58.228,7.7715,68.6896,4.2043,4.2206,0.4375,4.6361,32.2856,30.418,6.9921,40.4835,0.0,0,0.0,0.0,24.8452,24.624,1.5266,26.7914,21.2,22,3.0984,22.0,44.2,45,3.0984,45.0,0.0,0
ewma,100,30K,h3,5,30720,22.0,15,1,59.6945,58.213,7.0789,67.6595,4.1589,4.2217,0.3826,4.58,33.0504,30.318,7.1502,40.8744,0.0,0,0.0,0.0,25.2011,24.796,1.9289,27.6411,21.2,22,3.0984,22.0,44.2,45,3.0984,45.0,0.0,0
ewma,100,30K,h3,6,30720,22.0,15,1,58.7034,58.179,8.7303,68.9245,4.2539,4.2242,0.4982,4.992,31.8345,30.335,8.3723,41.5045,0.0,0,0.0,0.0,24.7129,23.516,1.8917,27.3968,21.2,22,3.0984,22.0,44.2,45,3.0984,45.0,0.0,0
ewma,100,30K,h3,7,30720,22.0,15,1,59.0043,57.83,8.6643,70.2065,4.2302,4.2497,0.4854,4.7397,33.3854,30.897,8.9026,42.9494,0.0,0,0.0,0.0,25.3557,25.703,1.8531,27.4873,21.2,22,3.0984,22.0,44.2,45,3.0984,45.0,0.0,0
ewma,100,30K,h3,8,30720,22.0,15,1,59.2395,58.854,7.5575,68.461,4.1987,4.1758,0.4281,4.7064,32.1383,30.412,7.0221,40.3459,0.0,0,0.0,0.0,24.8525,24.992,1.4548,27.0935,21.2,22,3.0984,22.0,44.2,45,3.0984,45.0,0.0,0
ewma,100,30K,h3,9,30720,22.0,15,1,59.0729,58.651,7.4882,67.7305,4.208,4.1902,0.4083,4.5948,33.2566,31.952,7.3809,41.2373,0.0,0,0.0,0.0,25.2809,26.117,1.9121,27.526,22.0,22,0.0,22.0,45.0,45,0.0,45.0,0.0,0
ewma,100,30K,h3,10,30720,22.0,15,1,59.2379,58.091,7.2355,67.3741,4.192,4.2306,0.3827,4.507,32.7167,30.257,7.2345,40.8856,0.0,0,0.0,0.0,25.2218,24.284,1.9969,27.8475,21.2,22,3.0984,22.0,44.2,45,3.0984,45.0,0.0,0
ewma,100,30K,h4,1,30720,52.0,15,1,132.0218,130.429,16.0389,153.0691,1.8816,1.8842,0.179,2.0609,68.6022,63.598,16.5262,88.6245,0.0,0,0.0,0.0,61.5174,61.697,4.5,68.0324,21.2,22,3.0984,22.0,44.2,45,3.0984,45.0,0.0,0
ewma,100,30K,h4,2,30720,52.0,15,1,134.3927,130.604,17.7593,156.7306,1.8515,1.8817,0.1873,2.0321,70.4721,66.334,17.5339,90.6243,0.0,0,0.0,0.0,61.7988,61.972,2.8399,66.2889,21.2,22,3.0984,22.0,43.8667,45,4.3894,45.0,0.0,0
ewma,100,30K,h4,3,30720,52.0,15,1,131.3654,126.313,19.6822,153.5271,1.8997,1.9456,0.2099,2.1066,66.3683,62.197,18.4763,87.6973,0.0,0,0.0,0.0,60.059,60.404,4.2194,66.392,21.2,22,3.0984,22.0,44.2,45,3.0984,45.0,0.0,0
ewma,100,30K,h4,4,30720,52.0,15,1,130.6504,128.324,16.607,150.8409,1.9027,1.9152,0.1847,2.063,66.5477,63.513,16.8828,87.8851,0.0,0,0.0,0.0,59.8193,59.946,3.78,65.7038,21.2,22,3.0984,22.0,44.2,45,3.0984,45.0,0.0,0
ewma,100,30K,h4,5,30720,52.0,15,1,132.3676,126.857,18.0214,154.0966,1.8804,1.9373,0.1884,2.0168,68.7715,65.209,17.6246,89.6069,0.0,0,0.0,0.0,60.8184,61.438,4.2944,65.7734,21.2,22,3.0984,22.0,44.2,45,3.0984,45.0,0.0,0
ewma,100,30K,h4,6,30720,52.0,15,1,133.3943,130.488,19.9238,157.7257,1.8708,1.8834,0.2078,2.1068,71.1955,67.979,19.0766,92.093,0.0,0,0.0,0.0,61.2512,61.464,3.7596,66.3806,21.2,22,3.0984,22.0,44.2,45,3.0984,45.0,0.0,0
ewma,100,30K,h4,7,30720,52.0,15,1,134.1959,129.68,21.0985,160.4724,1.8618,1.8951,0.2105,2.0463,70.4846,65.193,20.1048,93.2363,0.0,0,0.0,0.0,60.5645,59.45,4.862,66.5358,21.2,22,3.0984,22.0,44.2,45,3.0984,45.0,0.0,0
ewma,100,30K,h4,8,30720,52.0,15,1,132.7624,128.281,19.838,157.7824,1.88,1.9158,0.2105,2.1085,69.012,64.057,19.0004,91.6145,0.0,0,0.0,0.0,61.4613,61.844,4.7359,67.3839,21.2,22,3.0984,22.0,44.2,45,3.0984,45.0,0.0,0
ewma,100,30K,h4,9,30720,52.0,15,1,131.7188,128.903,14.9202,152.8232,1.8847,1.9065,0.1809,2.0812,66.8955,66.518,14.6938,84.9857,0.0,0,0.0,0.0,59.9461,59.166,4.2515,66.5458,21.2,22,3.0984,22.0,43.8667,45,4.3894,45.0,0.0,0
ewma,100,30K,h4,10,30720,52.0,15,1,134.8557,131.327,16.1795,152.9577,1.8409,1.8714,0.1665,1.9863,70.4866,68.081,16.0354,89.0406,0.0,0,0.0,0.0,62.444,62.36,3.6563,67.7738,21.2,22,3.0984,22.0,44.2,45,3.0984,45.0,0.0,0
lossaware,100,30K,h2,1,30720,6.0,15,1,15.9593,15.635,1.401,17.4936,15.486,15.7186,1.0612,16.044,9.3787,9.003,1.3672,10.8711,0.0,0,0.0,0.0,7.1341,7.119,0.1195,7.2944,21.2,22,3.0984,22.0,44.2,45,3.0984,45.0,0.0,0
lossaware,100,30K,h2,2,30720,6.0,15,1,16.0727,15.675,1.5017,17.7448,15.387,15.6785,1.1089,15.9919,9.4309,9.001,1.4274,11.0223,0.0,0,0.0,0.0,7.1059,7.127,0.0642,7.1554,21.2,22,3.0984,22.0,44.2,45,3.0984,45.0,0.0,0
lossaware,100,30K,h2,3,30720,6.0,15,1,16.0455,15.675,1.3878,17.6994,15.4013,15.6785,1.0543,16.1606,9.4275,8.983,1.3211,10.9528,0.0,0,0.0,0.0,7.1436,7.136,0.0676,7.259,21.2,22,3.0984,22.0,44.2,45,3.0984,45.0,0.0,0
lossaware,100,30K,h2,4,30720,6.0,15,1,16.0486,15.611,1.6186,17.8566,15.4246,15.7427,1.1832,16.1518,9.4925,9.049,1.6034,11.1704,0.0,0,0.0,0.0,7.1404,7.13,0.0878,7.2995,21.2,22,3.0984,22.0,44.2,45,3.0984,45.0,0.0,0
lossaware,100,30K,h2,5,30720,6.0,15,1,16.0597,15.662,1.6607,17.6895,15.4176,15.6915,1.1894,15.9606,9.3885,8.983,1.5365,10.9002,0.0,0,0.0,0.0,7.1139,7.116,0.0627,7.2005,21.2,22,3.0984,22.0,44.2,45,3.0984,45.0,0.0,0
lossaware,100,30K,h2,6,30720,6.0,15,1,16.1398,15.723,1.644,18.1024,15.3391,15.6306,1.182,15.9413,9.4896,9.067,1.6108,11.3936,0.0,0,0.0,0.0,7.1434,7.124,0.0848,7.3178,21.2,22,3.0984,22.0,44.2,45,3.0984,45.0,0.0,0
lossaware,100,30K,h2,7,30720,6.0,15,1,15.9103,15.54,1.4526,17.5353,15.5402,15.8147,1.1003,16.2053,9.3749,9.026,1.3606,10.7184,0.0,0,0.0,0.0,7.1017,7.123,0.0817,7.1639,21.2,22,3.0984,22.0,44.2,45,3.0984,45.0,0.0,0
lossaware,100,30K,h2,8,30720,6.0,15,1,15.8902,15.543,1.4383,17.3675,15.5581,15.8116,1.0903,16.1604,9.3822,9.077,1.3396,10.7058,0.0,0,0.0,0.0,7.0996,7.122,0.1499,7.1915,21.2,22,3.0984,22.0,44.2,45,3.0984,45.0,0.0,0
lossaware,100,30K,h2,9,30720,6.0,15,1,16.0196,15.647,1.4839,18.0963,15.438,15.7065,1.1218,16.0801,9.467,9.014,1.4661,11.2802,0.0,0,0.0,0.0,7.1373,7.119,0.0987,7.2754,21.2,22,3.0984,22.0,44.2,45,3.0984,45.0,0.0,0
lossaware,100,30K,h2,10,30720,6.0,15,1,16.0791,15.582,1.9479,18.0444,15.4356,15.772,1.3382,16.0173,9.5099,9.029,1.9127,11.4036,0.0,0,0.0,0.0,7.1299,7.101,0.0787,7.2956,21.2,22,3.0984,22.0,44.2,45,3.0984,45.0,0.0,0
lossaware,100,30K,h3,1,30720,22.0,15,1,59.8503,58.431,7.5393,69.9915,4.1521,4.206,0.3933,4.4519,32.6568,30.456,7.3744,41.1484,0.0,0,0.0,0.0,24.8669,23.916,1.7088,27.4601,21.2,22,3.0984,22.0,44.2,45,3.0984,45.0,0.0,0
lossaware,100,30K,h3,2,30720,22.0,15,1,59.7671,58.189,7.8785,69.5959,4.162,4.2235,0.4108,4.5856,32.5907,30.357,7.1801,40.8406,0.0,0,0.0,0.0,24.8341,25.033,1.6028,27.1009,21.2,22,3.0984,22.0,44.2,45,3.0984,45.0,0.0,0
lossaware,100,30K,h3,3,30720,22.0,15,1,59.7035,59.055,7.0499,68.8374,4.1587,4.1615,0.3889,4.5224,32.723,31.286,6.3665,40.0205,0.0,0,0.0,0.0,25.4797,25.179,1.7608,27.5922,21.2,22,3.0984,22.0,44.2,45,3.0984,45.0,0.0,0
lossaware,100,30K,h3,4,30720,22.0,15,1,58.9845,58.042,8.2561,68.461,4.226,4.2342,0.4648,4.7545,32.0487,30.372,8.3356,41.5221,0.0,0,0.0,0.0,24.5729,23.803,1.7985,27.2878,21.2,22,3.0984,22.0,44.2,45,3.0984,45.0,0.0,0
lossaware,100,30K,h3,5,30720,22.0,15,1,59.5581,57.478,8.9501,70.6089,4.1895,4.2757,0.4553,4.5977,32.5019,30.481,8.8484,42.4064,0.0,0,0.0,0.0,25.1791,24.7,1.9692,28.2145,21.2,22,3.0984,22.0,44.2,45,3.0984,45.0,0.0,0
lossaware,100,30K,h3,6,30720,22.0,15,1,59.9608,57.64,8.1629,69.8279,4.1526,4.2637,0.4299,4.5523,33.1203,33.021,8.1486,41.746,0.0,0,0.0,0.0,26.2103,26.877,1.6404,27.5634,21.2,22,3.0984,22.0,44.2,45,3.0984,45.0,0.0,0
lossaware,100,30K,h3,7,30720,22.0,15,1,60.4829,58.906,9.1459,70.7415,4.1253,4.1721,0.4443,4.5755,33.1609,30.662,9.1524,42.9355,0.0,0,0.0,0.0,25.4321,26.084,1.9209,27.5749,21.2,22,3.0984,22.0,44.2,45,3.0984,45.0,0.0,0
lossaware,100,30K,h3,8,30720,22.0,15,1,59.5565,58.353,9.2354,70.066,4.1923,4.2116,0.4603,4.5747,32.4346,30.099,8.7684,42.4,0.0,0,0.0,0.0,24.4362,23.438,1.677,27.2503,21.2,22,3.0984,22.0,44.2,45,3.0984,45.0,0.0,0
lossaware,100,30K,h3,9,30720,22.0,15,1,59.7466,58.866,7.8335,68.6816,4.1644,4.1749,0.4227,4.663,32.4891,30.714,7.5042,40.5637,0.0,0,0.0,0.0,25.1183,25.03,1.6193,27.1516,21.2,22,3.0984,22.0,44.2,45,3.0984,45.0,0.0,0
lossaware,100,30K,h3,10,30720,22.0,15,1,60.5824,58.361,9.324,70.7191,4.119,4.211,0.4375,4.4465,32.9607,30.523,8.95,42.5687,0.0,0,0.0,0.0,25.2808,25.022,1.8112,27.5895,21.2,22,3.0984,22.0,44.2,45,3.0984,45.0,0.0,0
lossaware,100,30K,h4,1,30720,52.0,15,1,133.2633,131.874,15.5458,155.9051,1.8635,1.8636,0.1795,2.0426,69.0134,65.284,13.5061,85.7208,0.0,0,0.0,0.0,60.7745,60.248,3.826,65.5965,21.2,22,3.0984,22.0,44.2,45,3.0984,45.0,0.0,0
lossaware,100,30K,h4,2,30720,52.0,15,1,132.6886,129.253,17.713,157.2085,1.8754,1.9014,0.1887,2.0801,69.0958,65.392,17.2769,89.5665,0.0,0,0.0,0.0,60.8141,60.399,4.2431,66.4878,21.2,22,3.0984,22.0,44.2,45,3.0984,45.0,0.0,0
lossaware,100,30K,h4,3,30720,52.0,15,1,132.3035,127.543,18.5261,157.6486,1.882,1.9269,0.1887,2.0082,67.4188,62.766,17.4774,88.1939,0.0,0,0.0,0.0,59.8417,61.48,4.7271,66.8041,21.2,22,3.0984,22.0,44.2,45,3.0984,45.0,0.0,0
lossaware,100,30K,h4,4,30720,52.0,15,1,130.3555,129.006,19.5602,155.2987,1.9163,1.905,0.2263,2.1939,67.1486,64.32,17.7055,88.6079,0.0,0,0.0,0.0,58.8157,58.999,3.9136,63.8865,21.2,22,3.0984,22.0,44.2,45,3.0984,45.0,0.0,0
lossaware,100,30K,h4,5,30720,52.0,15,1,133.175,131.388,16.5676,155.7561,1.8669,1.8705,0.1879,2.0645,68.9169,65.309,16.8665,89.1026,0.0,0,0.0,0.0,60.9851,62.943,5.3477,67.1722,21.2,22,3.0984,22.0,43.8667,45,4.3894,45.0,0.0,0
lossaware,100,30K,h4,6,30720,52.0,15,1,133.2019,129.54,18.863,155.3602,1.8697,1.8972,0.1885,2.0287,70.1818,64.26,18.4331,91.0391,0.0,0,0.0,0.0,60.2929,61.898,3.9818,65.0726,21.2,22,3.0984,22.0,44.2,45,3.0984,45.0,0.0,0
lossaware,100,30K,h4,7,30720,52.0,15,1,133.3627,131.514,19.1138,156.3795,1.8702,1.8687,0.2082,2.0916,68.9619,65.325,16.878,88.9471,0.0,0,0.0,0.0,61.1585,62.87,4.6641,66.2226,21.2,22,3.0984,22.0,44.2,45,3.0984,45.0,0.0,0
lossaware,100,30K,h4,8,30720,52.0,15,1,134.5113,131.939,17.7278,156.7419,1.8508,1.8627,0.1964,2.0794,70.6796,67.249,18.1369,91.0615,0.0,0,0.0,0.0,60.9526,61.275,3.6575,66.2764,21.2,22,3.0984,22.0,44.2,45,3.0984,45.0,0.0,0
lossaware,100,30K,h4,9,30720,52.0,15,1,134.9479,132.672,19.033,156.2516,1.8458,1.8524,0.1897,2.0259,70.0303,66.544,18.4067,91.2339,0.0,0,0.0,0.0,61.6184,62.563,4.3582,67.7022,21.2,22,3.0984,22.0,44.2,45,3.0984,45.0,0.0,0
lossaware,100,30K,h4,10,30720,52.0,15,1,133.4121,131.101,17.854,153.7759,1.8648,1.8746,0.183,2.0249,70.5004,66.151,18.4651,90.5336,0.0,0,0.0,0.0,62.3757,62.923,4.7335,68.8753,21.2,22,3.0984,22.0,44.2,45,3.0984,45.0,0.0,0
lossaware-disc,100,30K,h2,1,30720,6.0,15,1,16.0105,15.687,1.5073,17.6399,15.4483,15.6665,1.1222,16.0857,9.4273,9.013,1.4094,10.9556,0.0,0,0.0,0.0,7.1231,7.12,0.0849,7.2198,21.2,22,3.0984,22.0,44.2,45,3.0984,45.0,0.0,0
lossaware-disc,100,30K,h2,2,30720,6.0,15,1,15.9384,15.594,1.3953,17.3604,15.5057,15.7599,1.0582,16.1,9.3046,8.974,1.3723,10.6082,0.0,0,0.0,0.0,7.1355,7.106,0.098,7.3298,21.2,22,3.0984,22.0,44.2,45,3.0984,45.0,0.0,0
lossaware-disc,100,30K,h2,3,30720,6.0,15,1,15.9101,15.579,1.4989,17.5615,15.5459,15.7751,1.1288,16.2248,9.3897,9.011,1.3717,10.8856,0.0,0,0.0,0.0,7.0932,7.1,0.0632,7.1496,21.2,22,3.0984,22.0,44.2,45,3.0984,45.0,0.0,0
lossaware-disc,100,30K,h2,4,30720,6.0,15,1,15.9433,15.49,1.5894,17.7669,15.5238,15.8657,1.1746,16.1017,9.4239,8.994,1.5232,11.0026,0.0,0,0.0,0.0,7.1405,7.13,0.054,7.2408,21.2,22,3.0984,22.0,44.2,45,3.0984,45.0,0.0,0
lossaware-disc,100,30K,h2,5,30720,6.0,15,1,16.0234,15.626,1.5665,17.83,15.4429,15.7276,1.1564,16.1142,9.4165,8.995,1.4834,11.0622,0.0,0,0.0,0.0,7.1119,7.124,0.062,7.1845,21.2,22,3.0984,22.0,44.2,45,3.0984,45.0,0.0,0
lossaware-disc,100,30K,h2,6,30720,6.0,15,1,16.1503,15.637,2.0484,18.1363,15.3796,15.7166,1.3746,15.9518,9.5225,8.993,2.0318,11.4841,0.0,0,0.0,0.0,7.1498,7.166,0.0533,7.2115,21.2,22,3.0984,22.0,44.2,45,3.0984,45.0,0.0,0
lossaware-disc,100,30K,h2,7,30720,6.0,15,1,15.9347,15.612,1.4067,17.639,15.5113,15.7417,1.0741,16.0675,9.4215,9.019,1.3316,11.0153,0.0,0,0.0,0.0,7.1093,7.115,0.0565,7.1704,21.2,22,3.0984,22.0,44.2,45,3.0984,45.0,0.0,0
lossaware-disc,100,30K,h2,8,30720,6.0,15,1,16.1583,15.753,1.7977,18.1477,15.3401,15.6008,1.2602,16.0301,9.4277,8.964,1.7576,11.1879,0.0,0,0.0,0.0,7.1224,7.104,0.0562,7.2212,21.2,22,3.0984,22.0,44.2,45,3.0984,45.0,0.0,0
lossaware-disc,100,30K,h2,9,30720,6.0,15,1,15.8834,15.522,1.4832,17.468,15.5702,15.833,1.1195,16.1385,9.3493,8.992,1.4258,10.7222,0.0,0,0.0,0.0,7.1021,7.115,0.1119,7.2238,21.2,22,3.0984,22.0,44.2,45,3.0984,45.0,0.0,0
lossaware-disc,100,30K,h2,10,30720,6.0,15,1,16.0001,15.689,1.3736,17.3716,15.4427,15.6645,1.0343,15.929,9.3698,8.99,1.3951,10.7685,0.0,0,0.0,0.0,7.1227,7.14,0.1086,7.2501,21.2,22,3.0984,22.0,44.2,45,3.0984,45.0,0.0,0
lossaware-disc,100,30K,h3,1,30720,22.0,15,1,58.3895,58.643,7.6781,66.8791,4.2647,4.1908,0.463,4.9286,32.6646,30.872,7.2461,40.8049,0.0,0,0.0,0.0,25.5428,26.266,1.506,27.1424,21.2,22,3.0984,22.0,44.2,45,3.0984,45.0,0.0,0
lossaware-disc,100,30K,h3,2,30720,22.0,15,1,58.3359,58.135,5.6131,64.7016,4.2426,4.2274,0.3339,4.6006,32.1153,30.596,6.5852,39.863,0.0,0,0.0,0.0,24.8271,24.501,1.5993,26.9818,21.2,22,3.0984,22.0,44.2,45,3.0984,45.0,0.0,0
lossaware-disc,100,30K,h3,3,30720,22.0,15,1,59.1871,57.801,8.6708,69.3235,4.2136,4.2518,0.4554,4.6642,31.8522,29.953,7.8133,41.4236,0.0,0,0.0,0.0,24.0681,23.28,1.5248,26.9288,21.2,22,3.0984,22.0,44.2,45,3.0984,45.0,0.0,0
lossaware-disc,100,30K,h3,4,30720,22.0,15,1,60.5515,58.919,7.1042,68.6536,4.0983,4.1712,0.3648,4.4311,32.9492,30.45,7.2784,41.0751,0.0,0,0.0,0.0,25.0938,23.709,1.9455,27.2145,21.2,22,3.0984,22.0,44.2,45,3.0984,45.0,0.0,0
lossaware-disc,100,30K,h3,5,30720,22.0,15,1,59.3079,58.13,6.1185,66.9257,4.1763,4.2278,0.3403,4.5017,32.3057,30.174,6.9214,40.2276,0.0,0,0.0,0.0,24.7769,23.804,1.7933,27.4152,21.2,22,3.0984,22.0,44.2,45,3.0984,45.0,0.0,0
lossaware-disc,100,30K,h3,6,30720,22.0,15,1,59.5151,57.958,7.6502,68.7807,4.1781,4.2403,0.4106,4.6128,32.7729,31.787,7.7343,41.0099,0.0,0,0.0,0.0,25.3533,25.64,1.4966,27.1607,21.2,22,3.0984,22.0,44.2,45,3.0984,45.0,0.0,0
lossaware-disc,100,30K,h3,7,30720,22.0,15,1,60.2986,58.92,9.3212,70.5718,4.1391,4.1711,0.4434,4.4479,33.2613,31.258,8.8287,42.9595,0.0,0,0.0,0.0,25.0368,24.885,1.8123,27.4395,21.2,22,3.0984,22.0,44.2,45,3.0984,45.0,0.0,0
lossaware-disc,100,30K,h3,8,30720,22.0,15,1,60.1837,59.108,6.7907,68.5945,4.1218,4.1578,0.3668,4.4787,33.0494,31.044,7.5326,41.2069,0.0,0,0.0,0.0,25.522,25.784,1.7018,27.4714,21.2,22,3.0984,22.0,44.2,45,3.0984,45.0,0.0,0
lossaware-disc,100,30K,h3,9,30720,22.0,15,1,60.0662,57.812,8.0143,69.8594,4.1416,4.251,0.4055,4.4958,32.4896,30.313,7.9068,41.5728,0.0,0,0.0,0.0,24.9296,23.563,1.8968,27.1576,21.2,22,3.0984,22.0,44.2,45,3.0984,45.0,0.0,0
lossaware-disc,100,30K,h3,10,30720,22.0,15,1,59.5105,58.306,7.2927,68.3958,4.1737,4.215,0.3882,4.4898,32.4925,30.573,6.4673,39.9606,0.0,0,0.0,0.0,25.3509,24.899,1.4416,27.5274,21.2,22,3.0984,22.0,44.2,45,3.0984,45.0,0.0,0
lossaware-disc,100,30K,h4,1,30720,52.0,15,1,134.8788,132.449,18.8523,156.9224,1.847,1.8555,0.194,2.0788,69.2055,66.092,18.5735,90.7533,0.0,0,0.0,0.0,61.8617,63.619,4.4634,67.5071,21.2,22,3.0984,22.0,44.2,45,3.0984,45.0,0.0,0
lossaware-disc,100,30K,h4,2,30720,52.0,15,1,133.9783,129.366,19.0978,156.7529,1.8598,1.8997,0.1939,2.037,70.037,66.12,17.4851,90.3308,0.0,0,0.0,0.0,60.9193,60.673,3.9068,66.7743,21.2,22,3.0984,22.0,44.2,45,3.0984,45.0,0.0,0
lossaware-disc,100,30K,h4,3,30720,52.0,15,1,132.0037,127.579,17.3957,153.9086,1.8843,1.9263,0.185,2.0345,66.86,62.378,16.6419,86.1075,0.0,0,0.0,0.0,60.3916,59.233,5.5943,68.4004,21.2,22,3.0984,22.0,43.8667,45,4.3894,45.0,0.0,0
lossaware-disc,100,30K,h4,4,30720,52.0,15,1,132.5351,129.246,15.8711,154.9623,1.8736,1.9015,0.1738,2.0255,69.6452,65.512,16.3141,89.0731,0.0,0,0.0,0.0,61.4767,62.603,3.6734,65.3608,21.2,22,3.0984,22.0,44.2,45,3.0984,45.0,0.0,0
lossaware-disc,100,30K,h4,5,30720,52.0,15,1,131.9607,129.238,20.5966,156.8369,1.8924,1.9016,0.2089,2.0832,69.9825,65.631,19.384,92.4754,0.0,0,0.0,0.0,61.8585,62.153,4.3538,68.4559,21.2,22,3.0984,22.0,44.2,45,3.0984,45.0,0.0,0
lossaware-disc,100,30K,h4,6,30720,52.0,15,1,131.9647,128.685,16.4592,153.8892,1.8831,1.9098,0.1807,2.0754,69.0618,64.757,16.5721,87.0764,0.0,0,0.0,0.0,61.0754,62.098,4.1924,65.7867,21.2,22,3.0984,22.0,44.2,45,3.0984,45.0,0.0,0
lossaware-disc,100,30K,h4,7,30720,52.0,15,1,133.9253,129.202,17.624,154.607,1.8565,1.9021,0.1758,1.9755,70.4439,65.556,18.3216,91.4843,0.0,0,0.0,0.0,62.7209,64.154,4.7207,69.1144,21.2,22,3.0984,22.0,44.2,45,3.0984,45.0,0.0,0
lossaware-disc,100,30K,h4,8,30720,52.0,15,1,134.7597,132.049,18.6092,156.0581,1.8478,1.8611,0.1891,2.0282,69.8138,64.816,18.4456,91.1864,0.0,0,0.0,0.0,61.4806,61.395,3.7652,67.5102,21.2,22,3.0984,22.0,44.2,45,3.0984,45.0,0.0,0
lossaware-disc,100,30K,h4,9,30720,52.0,15,1,132.3026,130.563,20.1679,155.523,1.8867,1.8823,0.2078,2.0927,69.2065,63.502,21.2663,93.6249,0.0,0,0.0,0.0,61.4353,62.049,3.086,64.9726,21.2,22,3.0984,22.0,44.2,45,3.0984,45.0,0.0,0
lossaware-disc,100,30K,h4,10,30720,52.0,15,1,130.3769,126.743,17.438,151.6482,1.9088,1.939,0.1933,2.068,68.0455,64.667,15.9083,86.1135,0.0,0,0.0,0.0,60.8096,61.571,3.7655,65.1706,21.2,22,3.0984,22.0,44.2,45,3.0984,45.0,0.0,0
metrics,100,30K,h2,1,30720,6.0,15,1,21.2344,20.994,0.5661,22.3514,11.5811,11.7062,0.2997,11.8712,14.6221,14.398,0.5465,15.59,0.0,0,0.0,0.0,6.9601,6.988,0.1368,7.1711,10.0,10,0.0,10.0,33.0,33,0.0,33.0,0.0,0
metrics,100,30K,h2,2,30720,6.0,15,1,21.2685,21.082,0.7053,22.2766,11.5668,11.6573,0.3785,11.9898,14.7671,14.568,0.6367,15.7114,0.0,0,0.0,0.0,6.9331,6.924,0.1772,7.2165,10.0,10,0.0,10.0,33.0,33,0.0,33.0,0.0,0
metrics,100,30K,h2,3,30720,6.0,15,1,21.2941,21.278,0.5506,22.2644,11.5483,11.55,0.294,11.896,14.7533,14.66,0.5416,15.6332,0.0,0,0.0,0.0,6.9754,6.955,0.1428,7.1571,10.0,10,0.0,10.0,33.0,33,0.0,33.0,0.0,0
metrics,100,30K,h2,4,30720,6.0,15,1,21.5663,21.122,0.8937,23.4183,11.4128,11.6353,0.4473,11.7958,14.9401,14.592,0.8668,16.6869,0.0,0,0.0,0.0,7.0037,7.006,0.1265,7.1862,10.0,10,0.0,10.0,33.0,33,0.0,33.0,0.0,0
metrics,100,30K,h2,5,30720,6.0,15,1,21.6895,21.33,0.7714,22.706,11.3441,11.5218,0.4002,11.8172,15.0441,14.776,0.7012,15.9694,0.0,0,0.0,0.0,7.0496,7.057,0.1521,7.2473,10.0,10,0.0,10.0,33.0,33,0.0,33.0,0.0,0
metrics,100,30K,h2,6,30720,6.0,15,1,21.7517,21.933,0.813,22.9389,11.313,11.205,0.4163,11.8903,15.2049,15.314,0.7507,16.5335,0.0,0,0.0,0.0,6.9987,7.066,0.1253,7.1339,10.0,10,0.0,10.0,33.0,33,0.0,33.0,0.0,0
metrics,100,30K,h2,7,30720,6.0,15,1,21.3141,20.994,0.8752,23.2006,11.5477,11.7062,0.4509,11.9725,14.7103,14.44,0.7996,16.4912,0.0,0,0.0,0.0,6.9404,6.947,0.1464,7.1229,10.0,10,0.0,10.0,33.0,33,0.0,33.0,0.0,0
metrics,100,30K,h2,8,30720,6.0,15,1,21.3942,21.178,0.6591,22.519,11.4973,11.6045,0.3489,11.8917,14.7365,14.468,0.6581,15.9168,0.0,0,0.0,0.0,6.9951,7.003,0.144,7.2037,10.0,10,0.0,10.0,33.0,33,0.0,33.0,0.0,0
metrics,100,30K,h2,9,30720,6.0,15,1,21.1024,20.989,0.6215,22.2172,11.6552,11.709,0.3333,12.0062,14.5681,14.277,0.567,15.5593,0.0,0,0.0,0.0,6.9524,6.952,0.1178,7.1235,10.0,10,0.0,10.0,33.0,33,0.0,33.0,0.0,0
metrics,100,30K,h2,10,30720,6.0,15,1,21.3489,21.124,0.8776,23.2544,11.5288,11.6342,0.4484,11.9189,14.7273,14.454,0.8507,16.4944,0.0,0,0.0,0.0,6.9409,6.948,0.1497,7.1513,10.0,10,0.0,10.0,33.0,33,0.0,33.0,0.0,0
metrics,100,30K,h3,1,30720,22.0,15,1,86.6344,87.904,3.9915,92.3714,2.8424,2.7958,0.1326,3.056,59.3247,58.367,2.3471,62.9606,0.0,0,0.0,0.0,26.9642,27.121,1.0929,28.3486,10.0,10,0.0,10.0,33.0,33,0.0,33.0,0.0,0
metrics,100,30K,h3,2,30720,22.0,15,1,88.0301,88.953,4.4525,92.613,2.7987,2.7628,0.1464,3.0709,59.8016,61.105,4.1559,64.7011,0.0,0,0.0,0.0,26.9103,27.127,1.3369,28.3534,10.0,10,0.0,10.0,32.6667,33,1.291,33.0,0.0,0
metrics,100,30K,h3,3,30720,22.0,15,1,85.2361,85.351,3.2168,90.3367,2.8871,2.8794,0.1081,3.0229,58.2563,58.353,2.7628,62.0505,0.0,0,0.0,0.0,26.2372,26.863,1.4465,27.6936,10.0,10,0.0,10.0,33.0,33,0.0,33.0,0.0,0
metrics,100,30K,h3,4,30720,22.0,15,1,86.5526,87.746,5.0112,92.6381,2.8486,2.8008,0.1707,3.1818,59.6289,60.89,3.8886,64.1649,0.0,0,0.0,0.0,26.6555,26.776,1.4885,28.5512,10.0,10,0.0,10.0,32.3333,33,1.7593,33.0,0.0,0
metrics,100,30K,h3,5,30720,22.0,15,1,85.7627,87.171,4.8673,92.9605,2.8744,2.8193,0.1678,3.1326,59.0757,59.106,3.698,64.8282,0.0,0,0.0,0.0,26.5125,26.806,1.3629,28.2988,10.0,10,0.0,10.0,33.0,33,0.0,33.0,0.0,0
metrics,100,30K,h3,6,30720,22.0,15,1,87.192,87.946,4.7361,92.929,2.8267,2.7944,0.1603,3.0921,60.6682,61.544,4.1444,65.3298,0.0,0,0.0,0.0,26.567,26.872,1.725,28.3251,10.0,10,0.0,10.0,33.0,33,0.0,33.0,0.0,0
metrics,100,30K,h3,7,30720,22.0,15,1,84.4341,84.398,4.0625,89.861,2.917,2.9119,0.1413,3.1584,58.7751,59.316,2.9244,62.6332,0.0,0,0.0,0.0,26.0051,26.661,1.5165,27.5765,10.0,10,0.0,10.0,33.0,33,0.0,33.0,0.0,0
metrics,100,30K,h3,8,30720,22.0,15,1,85.4578,84.755,3.0594,90.6258,2.8792,2.8997,0.1005,2.9918,58.5776,58.029,2.4895,62.8075,0.0,0,0.0,0.0,26.3237,26.549,1.1725,27.7244,10.0,10,0.0,10.0,33.0,33,0.0,33.0,0.0,0
metrics,100,30K,h3,9,30720,22.0,15,1,86.205,85.885,4.1178,93.1679,2.8569,2.8615,0.1352,3.04,59.4345,59.125,3.5464,65.4412,0.0,0,0.0,0.0,26.5352,27.066,1.793,28.9189,10.0,10,0.0,10.0,33.0,33,0.0,33.0,0.0,0
metrics,100,30K,h3,10,30720,22.0,15,1,86.2195,86.123,3.8564,90.8596,2.8558,2.8536,0.1306,3.0645,58.7332,57.828,3.9687,64.0492,0.0,0,0.0,0.0,26.7245,26.769,1.2603,28.126,10.0,10,0.0,10.0,33.0,33,0.0,33.0,0.0,0
metrics,100,30K,h4,1,30720,52.0,15,1,189.9588,191.688,10.989,207.1076,1.2978,1.2821,0.0755,1.404,125.3213,124.109,9.2559,138.5658,0.0,0,0.0,0.0,61.8832,62.128,4.1788,68.6825,10.0,10,0.0,10.0,33.0,33,0.0,33.0,0.0,0
metrics,100,30K,h4,2,30720,52.0,15,1,194.5746,193.431,6.3719,206.2305,1.2643,1.2705,0.0406,1.3162,129.286,128.122,6.2535,140.0102,0.0,0,0.0,0.0,62.1921,62.199,2.9985,66.8033,10.0,10,0.0,10.0,33.0,33,0.0,33.0,0.0,0
metrics,100,30K,h4,3,30720,52.0,15,1,190.3454,190.154,7.2419,200.2556,1.2929,1.2924,0.0497,1.3697,128.0168,130.257,5.5441,134.9181,0.0,0,0.0,0.0,61.5123,60.951,3.5205,66.6247,10.0,10,0.0,10.0,32.6667,33,1.291,33.0,0.0,0
metrics,100,30K,h4,4,30720,52.0,15,1,191.0391,192.253,7.626,201.2148,1.2884,1.2783,0.0517,1.3701,127.2862,128.512,6.5297,135.3117,0.0,0,0.0,0.0,61.7673,62.176,2.7902,65.2498,10.0,10,0.0,10.0,32.3333,33,1.7593,33.0,0.0,0
metrics,100,30K,h4,5,30720,52.0,15,1,193.5873,196.086,8.5079,201.9773,1.2719,1.2533,0.0583,1.3672,130.8155,132.583,6.8918,139.7969,0.0,0,0.0,0.0,62.7827,63.726,3.4188,66.5052,10.0,10,0.0,10.0,32.0,33,2.0702,33.0,0.0,0
metrics,100,30K,h4,6,30720,52.0,15,1,189.6214,191.91,6.681,197.8178,1.2976,1.2806,0.0464,1.3631,126.6558,126.191,4.993,133.0226,0.0,0,0.0,0.0,61.4427,61.37,3.8643,66.6239,10.0,10,0.0,10.0,32.0,33,2.0702,33.0,0.0,0
metrics,100,30K,h4,7,30720,52.0,15,1,190.3943,191.342,7.552,199.5527,1.2927,1.2844,0.0519,1.3718,126.9386,130.176,7.4934,136.6534,0.0,0,0.0,0.0,60.6745,61.005,4.7542,67.488,10.0,10,0.0,10.0,33.0,33,0.0,33.0,0.0,0
metrics,100,30K,h4,8,30720,52.0,15,1,188.238,190.218,9.9356,200.3248,1.3092,1.292,0.0732,1.4362,126.6534,127.688,7.4343,136.0948,0.0,0,0.0,0.0,61.8747,62.201,3.8562,67.4165,10.0,10,0.0,10.0,32.6667,33,1.291,33.0,0.0,0
metrics,100,30K,h4,9,30720,52.0,15,1,190.7965,192.867,10.5915,204.2548,1.2918,1.2742,0.0719,1.393,126.9555,128.75,8.4881,136.9357,0.0,0,0.0,0.0,60.6331,60.783,4.1185,66.8277,10.0,10,0.0,10.0,32.3333,33,1.7593,33.0,0.0,0
metrics,100,30K,h4,10,30720,52.0,15,1,188.1142,186.921,5.8493,197.7847,1.3076,1.3148,0.0401,1.3589,124.5715,125.383,6.6772,134.9798,0.0,0,0.0,0.0,60.5259,60.602,3.1528,65.0434,10.0,10,0.0,10.0,32.6667,33,1.291,33.0,0.0,0
static10,100,30K,h2,1,30720,6.0,15,1,21.6503,21.539,0.9774,23.2643,11.3723,11.41,0.4989,11.898,15.0872,14.73,1.0076,16.719,0.0,0,0.0,0.0,7.0375,7.08,0.1624,7.2306,10.0,10,0.0,10.0,33.0,33,0.0,33.0,0.0,0
static10,100,30K,h2,2,30720,6.0,15,1,21.6291,21.496,0.798,23.1944,11.3765,11.4328,0.4091,11.8297,15.0605,15.028,0.7683,16.5113,0.0,0,0.0,0.0,7.0353,7.015,0.137,7.2298,10.0,10,0.0,10.0,33.0,33,0.0,33.0,0.0,0
static10,100,30K,h2,3,30720,6.0,15,1,21.4921,21.224,0.8296,22.8039,11.4499,11.5793,0.4174,11.8936,14.9234,14.576,0.829,16.1798,0.0,0,0.0,0.0,6.9624,6.968,0.1457,7.1806,10.0,10,0.0,10.0,33.0,33,0.0,33.0,0.0,0
static10,100,30K,h2,4,30720,6.0,15,1,21.6197,21.525,0.8569,22.9426,11.3837,11.4174,0.4417,11.8331,14.9979,14.858,0.7925,16.1632,0.0,0,0.0,0.0,7.0229,7.036,0.201,7.3434,10.0,10,0.0,10.0,33.0,33,0.0,33.0,0.0,0
static10,100,30K,h2,5,30720,6.0,15,1,21.6618,21.387,0.9986,23.1989,11.3674,11.4911,0.5126,11.9044,15.0878,14.792,0.9321,16.4597,0.0,0,0.0,0.0,7.0118,6.989,0.1486,7.1907,10.0,10,0.0,10.0,33.0,33,0.0,33.0,0.0,0
static10,100,30K,h2,6,30720,6.0,15,1,21.941,21.887,0.8569,23.4107,11.2166,11.2286,0.43,11.8345,15.4175,15.226,0.8451,16.9689,0.0,0,0.0,0.0,7.0325,7.014,0.1456,7.2432,10.0,10,0.0,10.0,33.0,33,0.0,33.0,0.0,0
static10,100,30K,h2,7,30720,6.0,15,1,21.3918,21.074,0.8849,23.0326,11.5057,11.6618,0.4464,11.8853,14.8397,14.443,0.8933,16.3904,0.0,0,0.0,0.0,6.9579,6.929,0.1452,7.1846,10.0,10,0.0,10.0,33.0,33,0.0,33.0,0.0,0
static10,100,30K,h2,8,30720,6.0,15,1,21.7625,21.687,0.7891,23.0794,11.3064,11.3321,0.4024,11.7905,15.1613,14.981,0.8181,16.5344,0.0,0,0.0,0.0,7.0128,6.99,0.1267,7.1892,10.0,10,0.0,10.0,33.0,33,0.0,33.0,0.0,0
static10,100,30K,h2,9,30720,6.0,15,1,21.1603,20.94,0.6535,22.2986,11.6243,11.7364,0.3504,12.0117,14.6003,14.298,0.6321,15.7591,0.0,0,0.0,0.0,6.9144,6.863,0.1888,7.2529,10.0,10,0.0,10.0,33.0,33,0.0,33.0,0.0,0
static10,100,30K,h2,10,30720,6.0,15,1,21.7399,21.618,0.9718,23.5872,11.3248,11.3683,0.4866,11.8432,15.0853,14.835,0.8955,16.7446,0.0,0,0.0,0.0,7.0135,7.025,0.1419,7.2134,10.0,10,0.0,10.0,33.0,33,0.0,33.0,0.0,0
static10,100,30K,h3,1,30720,22.0,15,1,85.0449,85.084,3.4299,89.649,2.8942,2.8884,0.1184,3.0526,58.6903,59.037,3.6797,63.6894,0.0,0,0.0,0.0,26.367,26.857,1.3891,27.989,10.0,10,0.0,10.0,33.0,33,0.0,33.0,0.0,0
static10,100,30K,h3,2,30720,22.0,15,1,86.9008,86.047,4.6891,94.3169,2.8358,2.8561,0.1547,3.0722,59.6085,59.313,3.0156,64.8776,0.0,0,0.0,0.0,26.4555,26.78,1.6305,28.4023,10.0,10,0.0,10.0,33.0,33,0.0,33.0,0.0,0
static10,100,30K,h3,3,30720,22.0,15,1,87.4199,87.409,3.6946,93.6007,2.8159,2.8116,0.1182,2.9822,59.8456,59.151,3.9183,65.6211,0.0,0,0.0,0.0,26.7525,27.355,1.6752,28.4621,10.0,10,0.0,10.0,33.0,33,0.0,33.0,0.0,0
static10,100,30K,h3,4,30720,22.0,15,1,85.9227,85.623,3.1414,90.1201,2.8639,2.8703,0.1065,3.0329,59.1825,59.263,3.55,64.2715,0.0,0,0.0,0.0,26.6496,26.953,1.4894,28.1169,10.0,10,0.0,10.0,33.0,33,0.0,33.0,0.0,0
static10,100,30K,h3,5,30720,22.0,15,1,87.2376,86.633,2.0032,90.3076,2.8185,2.8368,0.065,2.9045,59.3248,59.127,3.0194,64.2671,0.0,0,0.0,0.0,26.4824,27.324,1.6611,28.0958,10.0,10,0.0,10.0,33.0,33,0.0,33.0,0.0,0
static10,100,30K,h3,6,30720,22.0,15,1,85.7438,85.17,3.5161,92.3166,2.8706,2.8855,0.1139,2.9919,58.2816,57.628,3.4022,64.1768,0.0,0,0.0,0.0,26.5371,26.852,1.3671,28.2477,10.0,10,0.0,10.0,33.0,33,0.0,33.0,0.0,0
static10,100,30K,h3,7,30720,22.0,15,1,84.5334,83.072,4.461,93.2722,2.9145,2.9584,0.1477,3.0828,57.9286,57.052,4.3111,64.5438,0.0,0,0.0,0.0,25.9795,25.529,1.6533,28.2796,10.0,10,0.0,10.0,33.0,33,0.0,33.0,0.0,0
static10,100,30K,h3,8,30720,22.0,15,1,85.278,84.35,3.3174,90.8988,2.8859,2.9136,0.1105,3.0238,58.8607,59.152,3.0869,63.4806,0.0,0,0.0,0.0,26.1849,25.895,1.3854,27.9348,10.0,10,0.0,10.0,33.0,33,0.0,33.0,0.0,0
static10,100,30K,h3,9,30720,22.0,15,1,86.7367,87.109,4.3946,93.0918,2.8403,2.8213,0.1466,3.1,59.2994,60.227,3.8145,64.275,0.0,0,0.0,0.0,26.7415,27.019,1.1585,27.9965,10.0,10,0.0,10.0,32.6667,33,1.291,33.0,0.0,0
static10,100,30K,h3,10,30720,22.0,15,1,85.8021,86.201,3.9701,90.7585,2.8702,2.851,0.138,3.0584,58.9435,60.624,4.0545,63.6017,0.0,0,0.0,0.0,26.6943,27.171,1.3796,28.0411,10.0,10,0.0,10.0,33.0,33,0.0,33.0,0.0,0
static10,100,30K,h4,1,30720,52.0,15,1,192.4829,192.079,6.5656,201.3166,1.2781,1.2795,0.0427,1.3357,125.8901,126.144,6.3424,134.8688,0.0,0,0.0,0.0,62.3769,62.296,3.534,66.7689,10.0,10,0.0,10.0,32.6667,33,1.291,33.0,0.0,0
static10,100,30K,h4,2,30720,52.0,15,1,194.0884,193.071,9.3776,208.1253,1.269,1.2729,0.0613,1.3537,128.9431,129.416,7.2749,138.4227,0.0,0,0.0,0.0,63.3167,63.456,4.1859,69.019,10.0,10,0.0,10.0,32.3333,33,1.7593,33.0,0.0,0
static10,100,30K,h4,3,30720,52.0,15,1,191.2598,192.76,6.4567,199.1693,1.2863,1.275,0.0442,1.3633,127.7824,128.39,5.6169,134.8366,0.0,0,0.0,0.0,63.2693,64.127,3.8503,68.2775,10.0,10,0.0,10.0,32.0,33,2.0702,33.0,0.0,0
static10,100,30K,h4,4,30720,52.0,15,1,191.8075,190.357,6.2907,203.512,1.2825,1.291,0.0409,1.3322,128.8303,128.732,5.9037,137.8668,0.0,0,0.0,0.0,61.3492,61.944,3.7401,66.4702,10.0,10,0.0,10.0,32.6667,33,1.291,33.0,0.0,0
static10,100,30K,h4,5,30720,52.0,15,1,189.3986,189.463,8.7471,202.8924,1.3002,1.2971,0.0597,1.3873,126.2392,126.463,6.9306,137.0448,0.0,0,0.0,0.0,59.7492,59.433,3.5769,64.9457,10.0,10,0.0,10.0,33.0,33,0.0,33.0,0.0,0
static10,100,30K,h4,6,30720,52.0,15,1,191.6723,191.347,9.3728,202.4902,1.2852,1.2844,0.0652,1.376,127.2728,126.642,6.8564,136.7404,0.0,0,0.0,0.0,62.5807,61.922,3.2911,68.4146,10.0,10,0.0,10.0,32.6667,33,1.291,33.0,0.0,0
static10,100,30K,h4,7,30720,52.0,15,1,189.832,188.669,9.0728,202.3596,1.2974,1.3026,0.0624,1.3941,128.0365,127.837,7.2271,140.0378,0.0,0,0.0,0.0,60.5685,61.431,3.5126,65.1197,10.0,10,0.0,10.0,33.0,33,0.0,33.0,0.0,0
static10,100,30K,h4,8,30720,52.0,15,1,192.5637,193.409,7.8971,201.2888,1.2783,1.2707,0.0536,1.368,129.9089,133.163,8.0445,137.8457,0.0,0,0.0,0.0,62.1173,61.448,2.533,66.853,10.0,10,0.0,10.0,32.6667,33,1.291,33.0,0.0,0
static10,100,30K,h4,9,30720,52.0,15,1,193.4376,194.308,8.0742,206.6773,1.2725,1.2648,0.0526,1.3518,128.6675,131.255,8.1817,139.8601,0.0,0,0.0,0.0,61.7857,61.195,4.4572,68.2776,10.0,10,0.0,10.0,32.6667,33,1.291,33.0,0.0,0
static10,100,30K,h4,10,30720,52.0,15,1,189.9419,191.248,4.106,195.0258,1.2944,1.285,0.0284,1.3418,128.2191,128.246,4.4591,133.4886,0.0,0,0.0,0.0,60.3907,60.207,3.2739,64.6161,10.0,10,0.0,10.0,32.6667,33,1.291,33.0,0.0,0
statichigh,100,30K,h2,1,30720,6.0,15,1,15.5118,15.562,0.2487,15.8479,15.8472,15.7923,0.2547,16.2293,8.9499,8.92,0.146,9.2418,0.0,0,0.0,0.0,7.3266,7.325,0.0471,7.3985,24.0,24,0.0,24.0,46.1333,46,0.3519,47.0,0.0,0
statichigh,100,30K,h2,2,30720,6.0,15,1,15.612,15.598,0.2202,15.9257,15.7446,15.7559,0.2197,16.0127,9.0204,8.977,0.1301,9.2565,0.0,0,0.0,0.0,7.3287,7.343,0.0805,7.4506,24.0,24,0.0,24.0,46.0667,46,0.2582,46.3,0.0,0
statichigh,100,30K,h2,3,30720,6.0,15,1,15.6639,15.613,0.2512,16.0423,15.6932,15.7407,0.2472,15.9832,9.0142,8.964,0.1957,9.4309,0.0,0,0.0,0.0,7.3083,7.327,0.0582,7.3756,24.0,24,0.0,24.0,46.0,46,0.0,46.0,0.0,0
statichigh,100,30K,h2,4,30720,6.0,15,1,15.5006,15.513,0.1551,15.7238,15.8564,15.8422,0.1593,16.1039,8.972,8.971,0.0919,9.094,0.0,0,0.0,0.0,7.3462,7.314,0.0698,7.4515,24.0,24,0.0,24.0,46.2,46,0.414,47.0,0.0,0
statichigh,100,30K,h2,5,30720,6.0,15,1,15.6021,15.534,0.4648,16.2615,15.7641,15.8208,0.4429,16.1742,9.0107,8.953,0.2148,9.3203,0.0,0,0.0,0.0,7.3165,7.325,0.0891,7.4303,24.0,24,0.0,24.0,46.2667,46,0.4577,47.0,0.0,0
statichigh,100,30K,h2,6,30720,6.0,15,1,15.5187,15.538,0.234,15.803,15.8397,15.8167,0.241,16.2719,8.9491,8.933,0.1144,9.1747,0.0,0,0.0,0.0,7.3401,7.347,0.0489,7.4225,24.0,24,0.0,24.0,46.1333,46,0.3519,47.0,0.0,0
statichigh,100,30K,h2,7,30720,6.0,15,1,15.6829,15.687,0.3048,16.0571,15.676,15.6665,0.2984,16.1316,9.0409,8.973,0.2716,9.4168,0.0,0,0.0,0.0,7.3309,7.327,0.0845,7.4444,24.0,24,0.0,24.0,46.3333,46,0.488,47.0,0.0,0
statichigh,100,30K,h2,8,30720,6.0,15,1,15.7765,15.6,0.5904,16.8162,15.597,15.7538,0.5545,16.0715,9.2172,8.987,0.4627,10.1277,0.0,0,0.0,0.0,7.3485,7.321,0.0652,7.4481,24.0,24,0.0,24.0,46.1333,46,0.3519,47.0,0.0,0
statichigh,100,30K,h2,9,30720,6.0,15,1,15.6693,15.632,0.3734,16.1702,15.6923,15.7216,0.3638,16.165,9.0981,9.016,0.3355,9.5333,0.0,0,0.0,0.0,7.3273,7.333,0.0528,7.3934,24.0,24,0.0,24.0,46.0,46,0.0,46.0,0.0,0
statichigh,100,30K,h2,10,30720,6.0,15,1,15.7141,15.68,0.2414,16.1771,15.6428,15.6735,0.2347,15.8788,9.0348,8.984,0.1718,9.3459,0.0,0,0.0,0.0,7.3688,7.367,0.0572,7.4434,24.0,24,0.0,24.0,46.2,46,0.414,47.0,0.0,0
statichigh,100,30K,h3,1,30720,22.0,15,1,58.2843,58.629,2.6798,60.976,4.2256,4.1918,0.2109,4.5541,30.5682,30.07,1.6948,33.1172,0.0,0,0.0,0.0,25.0118,25.418,1.6693,27.1089,24.0,24,0.0,24.0,47.0,47,0.0,47.0,0.0,0
statichigh,100,30K,h3,2,30720,22.0,15,1,58.0403,57.864,2.1372,61.3555,4.2398,4.2472,0.1598,4.5194,31.0873,30.418,1.3853,33.0165,0.0,0,0.0,0.0,24.8815,24.656,1.5444,27.2232,24.0,24,0.0,24.0,46.8667,47,0.3519,47.0,0.0,0
statichigh,100,30K,h3,3,30720,22.0,15,1,57.0514,57.581,2.8911,60.7102,4.3182,4.2681,0.2216,4.6507,30.8841,30.73,1.6984,33.0103,0.0,0,0.0,0.0,25.4061,25.625,1.7574,27.6818,24.0,24,0.0,24.0,46.9333,47,0.2582,47.0,0.0,0
statichigh,100,30K,h3,4,30720,22.0,15,1,57.9562,58.336,3.4985,61.3381,4.2561,4.2128,0.2789,4.7913,30.4875,30.363,2.2727,33.1058,0.0,0,0.0,0.0,25.3913,26.627,1.9416,27.3453,24.0,24,0.0,24.0,47.0,47,0.0,47.0,0.0,0
statichigh,100,30K,h3,5,30720,22.0,15,1,58.1853,58.21,2.2101,61.2493,4.2294,4.222,0.1608,4.4644,30.9087,30.448,2.1148,33.2451,0.0,0,0.0,0.0,25.0665,24.948,1.7948,27.1672,24.0,24,0.0,24.0,46.9333,47,0.2582,47.0,0.0,0
statichigh,100,30K,h3,6,30720,22.0,15,1,58.4111,58.252,2.0802,62.0926,4.2123,4.2189,0.1474,4.4031,31.0276,30.542,2.0841,33.4553,0.0,0,0.0,0.0,25.4058,24.979,2.0217,28.2576,24.0,24,0.0,24.0,46.8,47,0.414,47.0,0.0,0
statichigh,100,30K,h3,7,30720,22.0,15,1,56.7245,57.158,3.3983,60.4298,4.3479,4.2997,0.276,4.8664,29.8828,30.367,2.3543,32.9804,0.0,0,0.0,0.0,24.4866,23.757,1.6236,27.3724,24.0,24,0.0,24.0,46.8667,47,0.3519,47.0,0.0,0
statichigh,100,30K,h3,8,30720,22.0,15,1,57.3409,57.364,2.1101,60.1047,4.2914,4.2842,0.1582,4.4847,30.9071,31.013,1.8862,33.0326,0.0,0,0.0,0.0,25.0793,25.063,1.4571,27.0765,24.0,24,0.0,24.0,46.8667,47,0.3519,47.0,0.0,0
statichigh,100,30K,h3,9,30720,22.0,15,1,57.0687,56.626,2.7656,60.2999,4.3163,4.3401,0.2197,4.6791,30.2027,30.303,2.2599,32.951,0.0,0,0.0,0.0,24.6323,23.493,1.7958,27.1438,24.0,24,0.0,24.0,46.9333,47,0.2582,47.0,0.0,0
statichigh,100,30K,h3,10,30720,22.0,15,1,57.2435,57.541,2.2597,59.8691,4.2996,4.271,0.174,4.6164,30.6521,30.61,2.1225,33.4558,0.0,0,0.0,0.0,25.3381,24.765,1.9271,27.8838,24.0,24,0.0,24.0,47.0,47,0.0,47.0,0.0,0
statichigh,100,30K,h4,1,30720,52.0,15,1,128.3685,127.193,5.3663,137.3759,1.9176,1.9322,0.0793,2.0336,64.4856,64.111,4.8015,71.5359,0.0,0,0.0,0.0,60.9825,61.111,4.7233,67.8185,24.0,24,0.0,24.0,46.9333,47,0.2582,47.0,0.0,0
statichigh,100,30K,h4,2,30720,52.0,15,1,129.6362,127.82,7.2159,141.0765,1.9012,1.9227,0.1046,2.0454,64.84,64.78,4.9234,71.5388,0.0,0,0.0,0.0,60.0879,61.11,3.9883,65.2089,24.0,24,0.0,24.0,47.0,47,0.0,47.0,0.0,0
statichigh,100,30K,h4,3,30720,52.0,15,1,129.1602,129.228,5.0584,135.7944,1.9055,1.9018,0.0745,2.0212,65.0353,64.063,3.6898,69.8106,0.0,0,0.0,0.0,62.2633,63.292,3.7542,66.1573,24.0,24,0.0,24.0,47.0,47,0.0,47.0,0.0,0
statichigh,100,30K,h4,4,30720,52.0,15,1,126.6881,126.641,5.5407,134.0057,1.9434,1.9406,0.086,2.0604,64.2311,65.247,3.8999,70.0084,0.0,0,0.0,0.0,60.8171,61.376,3.9709,66.4619,24.0,24,0.0,24.0,46.9333,47,0.2582,47.0,0.0,0
statichigh,100,30K,h4,5,30720,52.0,15,1,126.4015,124.906,5.7156,136.0364,1.9479,1.9676,0.0867,2.0558,63.3909,61.677,4.2301,70.4526,0.0,0,0.0,0.0,58.8733,58.194,3.57,64.9121,24.0,24,0.0,24.0,46.9333,47,0.2582,47.0,0.0,0
statichigh,100,30K,h4,6,30720,52.0,15,1,128.6097,129.46,5.5383,135.7103,1.9142,1.8983,0.0827,2.0351,64.4821,64.467,5.4426,72.7704,0.0,0,0.0,0.0,60.4027,61.316,4.9441,66.8682,24.0,24,0.0,24.0,46.8,47,0.414,47.0,0.0,0
statichigh,100,30K,h4,7,30720,52.0,15,1,128.9638,129.448,4.7346,134.7374,1.9081,1.8985,0.0715,2.018,65.0644,64.786,4.7249,72.2466,0.0,0,0.0,0.0,62.7579,63.704,4.1503,68.3708,24.0,24,0.0,24.0,46.9333,47,0.2582,47.0,0.0,0
statichigh,100,30K,h4,8,30720,52.0,15,1,129.1383,130.434,6.0059,137.6393,1.907,1.8842,0.0902,2.0544,66.3974,66.614,2.7867,70.5741,0.0,0,0.0,0.0,62.6475,63.726,3.8106,65.9873,24.0,24,0.0,24.0,46.9333,47,0.2582,47.0,0.0,0
statichigh,100,30K,h4,9,30720,52.0,15,1,130.0785,129.916,5.2043,137.151,1.8922,1.8917,0.0769,2.0083,66.1373,68.048,5.8592,72.7972,0.0,0,0.0,0.0,63.3655,63.188,3.3053,68.0087,24.0,24,0.0,24.0,46.9333,47,0.2582,47.0,0.0,0
statichigh,100,30K,h4,10,30720,52.0,15,1,126.7114,126.687,5.5646,134.1873,1.9431,1.9399,0.0876,2.1143,62.9725,63.031,4.2736,68.285,0.0,0,0.0,0.0,59.0633,57.919,4.3114,66.9287,24.0,24,0.0,24.0,46.9333,47,0.2582,47.0,0.0,0
